[2024-09-18 19:18:22] - [ERROR] => API path not found!
[2024-09-18 19:19:17] - [ERROR] => API path not found!
[2024-09-18 19:19:18] - [ERROR] => API path not found!
[2024-09-18 19:20:00] - [ERROR] => API path not found!
[2024-09-18 19:20:26] - [ERROR] => API path not found!
[2024-09-18 19:20:34] - [ERROR] => API path not found!
[2024-09-18 19:24:03] - [ERROR] => API path not found!
[2024-09-18 19:24:06] - [ERROR] => API path not found!
[2024-09-18 19:24:07] - [ERROR] => API path not found!
[2024-09-18 19:24:07] - [ERROR] => API path not found!
[2024-09-18 19:24:26] - [ERROR] => API path not found!
[2024-09-18 19:24:26] - [ERROR] => API path not found!
[2024-09-18 19:24:37] - [ERROR] => API path not found!
[2024-09-21 17:37:59] - [ERROR] => API path not found!
[2024-09-21 17:38:14] - [ERROR] => API path not found!
[2024-09-21 17:39:47] - [ERROR] => Bad request!
[2024-09-21 17:39:47] - [ERROR] => data and salt arguments required
[2024-09-21 17:40:38] - [ERROR] => Bad request!
[2024-09-21 17:40:38] - [ERROR] => data and salt arguments required
[2024-09-21 17:40:48] - [ERROR] => Bad request!
[2024-09-21 17:40:48] - [ERROR] => data and salt arguments required
[2024-09-21 17:41:02] - [ERROR] => Bad request!
[2024-09-21 17:41:02] - [ERROR] => data and salt arguments required
[2024-09-21 17:41:23] - [ERROR] => Bad request!
[2024-09-21 17:41:23] - [ERROR] => data and salt arguments required
[2024-09-21 17:41:34] - [ERROR] => Bad request!
[2024-09-21 17:41:34] - [ERROR] => data and salt arguments required
[2024-09-21 22:58:16] - [ERROR] => MongoDB connection error => querySrv ENOTFOUND _mongodb._tcp.cluster0.urrgt.mongodb.net
[2024-09-21 22:58:18] - [ERROR] => Restarting Mongo server
[2024-09-21 22:58:18] - [ERROR] => MongoDB connection error => querySrv ENOTFOUND _mongodb._tcp.cluster0.urrgt.mongodb.net
[2024-09-21 22:58:20] - [ERROR] => Restarting Mongo server
[2024-09-21 22:58:20] - [ERROR] => MongoDB connection error => querySrv ENOTFOUND _mongodb._tcp.cluster0.urrgt.mongodb.net
[2024-09-21 22:58:22] - [ERROR] => Restarting Mongo server
[2024-09-21 22:58:22] - [ERROR] => MongoDB connection error => querySrv ENOTFOUND _mongodb._tcp.cluster0.urrgt.mongodb.net
[2024-09-21 22:58:24] - [ERROR] => Restarting Mongo server
[2024-09-21 22:58:24] - [ERROR] => MongoDB connection error => querySrv ENOTFOUND _mongodb._tcp.cluster0.urrgt.mongodb.net
[2024-09-21 22:58:26] - [ERROR] => Restarting Mongo server
[2024-09-21 22:58:26] - [ERROR] => MongoDB connection error => querySrv ENOTFOUND _mongodb._tcp.cluster0.urrgt.mongodb.net
[2024-09-21 23:11:44] - [ERROR] => Bad request!
[2024-09-22 00:39:52] - [ERROR] => Bad request!
[2024-09-22 00:40:00] - [ERROR] => Bad request!
[2024-09-22 00:40:03] - [ERROR] => Bad request!
[2024-09-22 00:40:07] - [ERROR] => Bad request!
[2024-09-22 00:40:08] - [ERROR] => Bad request!
[2024-09-22 00:40:12] - [ERROR] => Bad request!
[2024-09-22 00:40:15] - [ERROR] => Bad request!
[2024-09-22 00:52:59] - [ERROR] => Unauthorized request!
[2024-09-22 01:05:10] - [ERROR] => Unauthorized request!
[2024-09-22 01:05:18] - [ERROR] => Unauthorized request!
[2024-09-22 01:06:52] - [ERROR] => Unauthorized request!
[2024-09-22 01:10:12] - [ERROR] => Bad request!
[2024-09-22 01:11:01] - [ERROR] => Unauthorized request!
[2024-09-22 01:12:37] - [ERROR] => Unauthorized request!
[2024-09-22 01:19:08] - [ERROR] => data and hash arguments required
[2024-09-22 01:21:07] - [ERROR] => data and hash arguments required
[2024-09-22 01:21:13] - [ERROR] => data and hash arguments required
[2024-09-22 01:21:20] - [ERROR] => data and hash arguments required
[2024-09-22 01:21:27] - [ERROR] => data and hash arguments required
[2024-09-22 01:23:35] - [ERROR] => data and hash arguments required
[2024-09-22 07:26:37] - [ERROR] => data and hash arguments required
[2024-09-22 07:27:26] - [ERROR] => data and hash arguments required
[2024-09-22 07:31:12] - [ERROR] => data and hash arguments required
[2024-09-22 07:31:12] - [ERROR] => Unauthorized request!
[2024-09-22 07:33:10] - [ERROR] => Unauthorized request!
[2024-09-22 08:26:05] - [ERROR] => Unauthorized request!
[2024-09-22 08:26:10] - [ERROR] => Unauthorized request!
[2024-09-22 08:26:39] - [ERROR] => Unauthorized request!
[2024-09-22 11:00:05] - [ERROR] => Payload conflicts with existing data
[2024-09-22 11:02:42] - [ERROR] => Payload conflicts with existing data
[2024-09-22 11:04:49] - [ERROR] => Payload conflicts with existing data
[2024-09-22 11:05:21] - [ERROR] => Payload conflicts with existing data
[2024-09-22 11:27:13] - [ERROR] => API path not found!
[2024-09-22 11:53:41] - [ERROR] => Bad request!
[2024-09-22 11:55:02] - [ERROR] => jwt expired
[2024-09-22 11:56:51] - [ERROR] => invalid signature
[2024-09-22 11:57:06] - [ERROR] => Unauthorized request!
[2024-09-22 12:46:56] - [ERROR] => Unauthorized request!
[2024-09-22 20:59:18] - [ERROR] => Unauthorized request!
[2024-09-22 22:46:21] - [ERROR] => Unauthorized request!
[2024-09-23 16:20:50] - [ERROR] => API path not found!
[2024-09-23 16:20:51] - [ERROR] => API path not found!
[2024-09-23 21:03:27] - [ERROR] => MongoDB connection error => Could not connect to any servers in your MongoDB Atlas cluster. One common reason is that you're trying to access the database from an IP that isn't whitelisted. Make sure your current IP address is on your Atlas cluster's IP whitelist: https://www.mongodb.com/docs/atlas/security-whitelist/
[2024-09-23 21:03:29] - [ERROR] => Restarting Mongo server
[2024-09-23 21:04:05] - [ERROR] => MongoDB connection error => Could not connect to any servers in your MongoDB Atlas cluster. One common reason is that you're trying to access the database from an IP that isn't whitelisted. Make sure your current IP address is on your Atlas cluster's IP whitelist: https://www.mongodb.com/docs/atlas/security-whitelist/
[2024-09-23 21:04:07] - [ERROR] => Restarting Mongo server
[2024-09-23 21:04:38] - [ERROR] => MongoDB connection error => Could not connect to any servers in your MongoDB Atlas cluster. One common reason is that you're trying to access the database from an IP that isn't whitelisted. Make sure your current IP address is on your Atlas cluster's IP whitelist: https://www.mongodb.com/docs/atlas/security-whitelist/
[2024-09-23 21:04:40] - [ERROR] => Restarting Mongo server
[2024-09-23 21:05:53] - [ERROR] => MongoDB connection error => Could not connect to any servers in your MongoDB Atlas cluster. One common reason is that you're trying to access the database from an IP that isn't whitelisted. Make sure your current IP address is on your Atlas cluster's IP whitelist: https://www.mongodb.com/docs/atlas/security-whitelist/
[2024-09-23 21:05:55] - [ERROR] => Restarting Mongo server
[2024-09-23 21:06:32] - [ERROR] => MongoDB connection error => Could not connect to any servers in your MongoDB Atlas cluster. One common reason is that you're trying to access the database from an IP that isn't whitelisted. Make sure your current IP address is on your Atlas cluster's IP whitelist: https://www.mongodb.com/docs/atlas/security-whitelist/
[2024-09-23 21:06:34] - [ERROR] => Restarting Mongo server
[2024-09-23 21:07:10] - [ERROR] => MongoDB connection error => Could not connect to any servers in your MongoDB Atlas cluster. One common reason is that you're trying to access the database from an IP that isn't whitelisted. Make sure your current IP address is on your Atlas cluster's IP whitelist: https://www.mongodb.com/docs/atlas/security-whitelist/
[2024-09-23 21:07:12] - [ERROR] => Restarting Mongo server
[2024-09-23 21:07:42] - [ERROR] => MongoDB connection error => Could not connect to any servers in your MongoDB Atlas cluster. One common reason is that you're trying to access the database from an IP that isn't whitelisted. Make sure your current IP address is on your Atlas cluster's IP whitelist: https://www.mongodb.com/docs/atlas/security-whitelist/
[2024-09-23 21:07:44] - [ERROR] => Restarting Mongo server
[2024-09-23 21:08:14] - [ERROR] => MongoDB connection error => Could not connect to any servers in your MongoDB Atlas cluster. One common reason is that you're trying to access the database from an IP that isn't whitelisted. Make sure your current IP address is on your Atlas cluster's IP whitelist: https://www.mongodb.com/docs/atlas/security-whitelist/
[2024-09-23 21:08:16] - [ERROR] => Restarting Mongo server
[2024-09-23 21:08:46] - [ERROR] => MongoDB connection error => Could not connect to any servers in your MongoDB Atlas cluster. One common reason is that you're trying to access the database from an IP that isn't whitelisted. Make sure your current IP address is on your Atlas cluster's IP whitelist: https://www.mongodb.com/docs/atlas/security-whitelist/
[2024-09-23 21:08:48] - [ERROR] => Restarting Mongo server
[2024-09-23 21:09:18] - [ERROR] => MongoDB connection error => Could not connect to any servers in your MongoDB Atlas cluster. One common reason is that you're trying to access the database from an IP that isn't whitelisted. Make sure your current IP address is on your Atlas cluster's IP whitelist: https://www.mongodb.com/docs/atlas/security-whitelist/
[2024-09-23 21:09:20] - [ERROR] => Restarting Mongo server
[2024-09-23 21:09:50] - [ERROR] => MongoDB connection error => Could not connect to any servers in your MongoDB Atlas cluster. One common reason is that you're trying to access the database from an IP that isn't whitelisted. Make sure your current IP address is on your Atlas cluster's IP whitelist: https://www.mongodb.com/docs/atlas/security-whitelist/
[2024-09-23 21:09:52] - [ERROR] => Restarting Mongo server
[2024-09-23 21:10:23] - [ERROR] => MongoDB connection error => Could not connect to any servers in your MongoDB Atlas cluster. One common reason is that you're trying to access the database from an IP that isn't whitelisted. Make sure your current IP address is on your Atlas cluster's IP whitelist: https://www.mongodb.com/docs/atlas/security-whitelist/
[2024-09-23 21:10:25] - [ERROR] => Restarting Mongo server
[2024-09-23 21:10:55] - [ERROR] => MongoDB connection error => Could not connect to any servers in your MongoDB Atlas cluster. One common reason is that you're trying to access the database from an IP that isn't whitelisted. Make sure your current IP address is on your Atlas cluster's IP whitelist: https://www.mongodb.com/docs/atlas/security-whitelist/
[2024-09-23 21:10:57] - [ERROR] => Restarting Mongo server
[2024-09-23 21:11:27] - [ERROR] => MongoDB connection error => Could not connect to any servers in your MongoDB Atlas cluster. One common reason is that you're trying to access the database from an IP that isn't whitelisted. Make sure your current IP address is on your Atlas cluster's IP whitelist: https://www.mongodb.com/docs/atlas/security-whitelist/
[2024-09-23 21:11:29] - [ERROR] => Restarting Mongo server
[2024-09-23 21:11:59] - [ERROR] => MongoDB connection error => Could not connect to any servers in your MongoDB Atlas cluster. One common reason is that you're trying to access the database from an IP that isn't whitelisted. Make sure your current IP address is on your Atlas cluster's IP whitelist: https://www.mongodb.com/docs/atlas/security-whitelist/
[2024-09-23 21:12:01] - [ERROR] => Restarting Mongo server
[2024-09-23 21:12:32] - [ERROR] => MongoDB connection error => Could not connect to any servers in your MongoDB Atlas cluster. One common reason is that you're trying to access the database from an IP that isn't whitelisted. Make sure your current IP address is on your Atlas cluster's IP whitelist: https://www.mongodb.com/docs/atlas/security-whitelist/
[2024-09-23 21:12:34] - [ERROR] => Restarting Mongo server
[2024-09-23 21:13:04] - [ERROR] => MongoDB connection error => Could not connect to any servers in your MongoDB Atlas cluster. One common reason is that you're trying to access the database from an IP that isn't whitelisted. Make sure your current IP address is on your Atlas cluster's IP whitelist: https://www.mongodb.com/docs/atlas/security-whitelist/
[2024-09-23 21:13:06] - [ERROR] => Restarting Mongo server
[2024-09-23 21:13:36] - [ERROR] => MongoDB connection error => Could not connect to any servers in your MongoDB Atlas cluster. One common reason is that you're trying to access the database from an IP that isn't whitelisted. Make sure your current IP address is on your Atlas cluster's IP whitelist: https://www.mongodb.com/docs/atlas/security-whitelist/
[2024-09-23 21:13:38] - [ERROR] => Restarting Mongo server
[2024-09-23 21:14:08] - [ERROR] => MongoDB connection error => Could not connect to any servers in your MongoDB Atlas cluster. One common reason is that you're trying to access the database from an IP that isn't whitelisted. Make sure your current IP address is on your Atlas cluster's IP whitelist: https://www.mongodb.com/docs/atlas/security-whitelist/
[2024-09-23 21:14:10] - [ERROR] => Restarting Mongo server
[2024-09-23 21:15:46] - [ERROR] => MongoDB connection error => Could not connect to any servers in your MongoDB Atlas cluster. One common reason is that you're trying to access the database from an IP that isn't whitelisted. Make sure your current IP address is on your Atlas cluster's IP whitelist: https://www.mongodb.com/docs/atlas/security-whitelist/
[2024-09-23 21:15:48] - [ERROR] => Restarting Mongo server
[2024-09-23 21:16:18] - [ERROR] => MongoDB connection error => Could not connect to any servers in your MongoDB Atlas cluster. One common reason is that you're trying to access the database from an IP that isn't whitelisted. Make sure your current IP address is on your Atlas cluster's IP whitelist: https://www.mongodb.com/docs/atlas/security-whitelist/
[2024-09-23 21:16:20] - [ERROR] => Restarting Mongo server
[2024-09-23 21:23:34] - [ERROR] => MongoDB connection error => Could not connect to any servers in your MongoDB Atlas cluster. One common reason is that you're trying to access the database from an IP that isn't whitelisted. Make sure your current IP address is on your Atlas cluster's IP whitelist: https://www.mongodb.com/docs/atlas/security-whitelist/
[2024-09-23 21:23:36] - [ERROR] => Restarting Mongo server
[2024-09-23 21:24:06] - [ERROR] => MongoDB connection error => Could not connect to any servers in your MongoDB Atlas cluster. One common reason is that you're trying to access the database from an IP that isn't whitelisted. Make sure your current IP address is on your Atlas cluster's IP whitelist: https://www.mongodb.com/docs/atlas/security-whitelist/
[2024-09-23 21:24:08] - [ERROR] => Restarting Mongo server
[2024-09-23 21:27:58] - [ERROR] => MongoDB connection error => Could not connect to any servers in your MongoDB Atlas cluster. One common reason is that you're trying to access the database from an IP that isn't whitelisted. Make sure your current IP address is on your Atlas cluster's IP whitelist: https://www.mongodb.com/docs/atlas/security-whitelist/
[2024-09-23 21:28:00] - [ERROR] => Restarting Mongo server
[2024-09-23 21:45:43] - [ERROR] => MongoDB connection error => Could not connect to any servers in your MongoDB Atlas cluster. One common reason is that you're trying to access the database from an IP that isn't whitelisted. Make sure your current IP address is on your Atlas cluster's IP whitelist: https://www.mongodb.com/docs/atlas/security-whitelist/
[2024-09-23 21:45:45] - [ERROR] => Restarting Mongo server
[2024-09-23 21:59:58] - [ERROR] => MongoDB connection error => Could not connect to any servers in your MongoDB Atlas cluster. One common reason is that you're trying to access the database from an IP that isn't whitelisted. Make sure your current IP address is on your Atlas cluster's IP whitelist: https://www.mongodb.com/docs/atlas/security-whitelist/
[2024-09-23 22:00:00] - [ERROR] => Restarting Mongo server
[2024-09-23 22:03:31] - [ERROR] => MongoDB connection error => Could not connect to any servers in your MongoDB Atlas cluster. One common reason is that you're trying to access the database from an IP that isn't whitelisted. Make sure your current IP address is on your Atlas cluster's IP whitelist: https://www.mongodb.com/docs/atlas/security-whitelist/
[2024-09-23 22:03:33] - [ERROR] => Restarting Mongo server
[2024-09-23 22:07:05] - [ERROR] => MongoDB connection error => Could not connect to any servers in your MongoDB Atlas cluster. One common reason is that you're trying to access the database from an IP that isn't whitelisted. Make sure your current IP address is on your Atlas cluster's IP whitelist: https://www.mongodb.com/docs/atlas/security-whitelist/
[2024-09-23 22:07:07] - [ERROR] => Restarting Mongo server
[2024-09-23 22:17:11] - [ERROR] => MongoDB connection error => Could not connect to any servers in your MongoDB Atlas cluster. One common reason is that you're trying to access the database from an IP that isn't whitelisted. Make sure your current IP address is on your Atlas cluster's IP whitelist: https://www.mongodb.com/docs/atlas/security-whitelist/
[2024-09-23 22:17:14] - [ERROR] => Restarting Mongo server
[2024-09-23 22:17:49] - [ERROR] => MongoDB connection error => Could not connect to any servers in your MongoDB Atlas cluster. One common reason is that you're trying to access the database from an IP that isn't whitelisted. Make sure your current IP address is on your Atlas cluster's IP whitelist: https://www.mongodb.com/docs/atlas/security-whitelist/
[2024-09-23 22:17:51] - [ERROR] => Restarting Mongo server
[2024-09-23 22:18:21] - [ERROR] => MongoDB connection error => Could not connect to any servers in your MongoDB Atlas cluster. One common reason is that you're trying to access the database from an IP that isn't whitelisted. Make sure your current IP address is on your Atlas cluster's IP whitelist: https://www.mongodb.com/docs/atlas/security-whitelist/
[2024-09-23 22:18:23] - [ERROR] => Restarting Mongo server
[2024-09-23 22:18:53] - [ERROR] => MongoDB connection error => Could not connect to any servers in your MongoDB Atlas cluster. One common reason is that you're trying to access the database from an IP that isn't whitelisted. Make sure your current IP address is on your Atlas cluster's IP whitelist: https://www.mongodb.com/docs/atlas/security-whitelist/
[2024-09-23 22:18:55] - [ERROR] => Restarting Mongo server
[2024-09-23 22:19:25] - [ERROR] => MongoDB connection error => Could not connect to any servers in your MongoDB Atlas cluster. One common reason is that you're trying to access the database from an IP that isn't whitelisted. Make sure your current IP address is on your Atlas cluster's IP whitelist: https://www.mongodb.com/docs/atlas/security-whitelist/
[2024-09-23 22:19:27] - [ERROR] => Restarting Mongo server
[2024-09-23 22:19:57] - [ERROR] => MongoDB connection error => Could not connect to any servers in your MongoDB Atlas cluster. One common reason is that you're trying to access the database from an IP that isn't whitelisted. Make sure your current IP address is on your Atlas cluster's IP whitelist: https://www.mongodb.com/docs/atlas/security-whitelist/
[2024-09-23 22:19:59] - [ERROR] => Restarting Mongo server
[2024-09-23 22:20:41] - [ERROR] => MongoDB connection error => Could not connect to any servers in your MongoDB Atlas cluster. One common reason is that you're trying to access the database from an IP that isn't whitelisted. Make sure your current IP address is on your Atlas cluster's IP whitelist: https://www.mongodb.com/docs/atlas/security-whitelist/
[2024-09-23 22:20:43] - [ERROR] => Restarting Mongo server
[2024-09-23 22:21:13] - [ERROR] => MongoDB connection error => Could not connect to any servers in your MongoDB Atlas cluster. One common reason is that you're trying to access the database from an IP that isn't whitelisted. Make sure your current IP address is on your Atlas cluster's IP whitelist: https://www.mongodb.com/docs/atlas/security-whitelist/
[2024-09-23 22:21:15] - [ERROR] => Restarting Mongo server
[2024-09-23 22:21:49] - [ERROR] => MongoDB connection error => Could not connect to any servers in your MongoDB Atlas cluster. One common reason is that you're trying to access the database from an IP that isn't whitelisted. Make sure your current IP address is on your Atlas cluster's IP whitelist: https://www.mongodb.com/docs/atlas/security-whitelist/
[2024-09-23 22:21:51] - [ERROR] => Restarting Mongo server
[2024-09-23 22:22:22] - [ERROR] => MongoDB connection error => Could not connect to any servers in your MongoDB Atlas cluster. One common reason is that you're trying to access the database from an IP that isn't whitelisted. Make sure your current IP address is on your Atlas cluster's IP whitelist: https://www.mongodb.com/docs/atlas/security-whitelist/
[2024-09-23 22:22:24] - [ERROR] => Restarting Mongo server
[2024-09-23 22:22:54] - [ERROR] => MongoDB connection error => Could not connect to any servers in your MongoDB Atlas cluster. One common reason is that you're trying to access the database from an IP that isn't whitelisted. Make sure your current IP address is on your Atlas cluster's IP whitelist: https://www.mongodb.com/docs/atlas/security-whitelist/
[2024-09-23 22:22:56] - [ERROR] => Restarting Mongo server
[2024-09-23 22:23:32] - [ERROR] => MongoDB connection error => Could not connect to any servers in your MongoDB Atlas cluster. One common reason is that you're trying to access the database from an IP that isn't whitelisted. Make sure your current IP address is on your Atlas cluster's IP whitelist: https://www.mongodb.com/docs/atlas/security-whitelist/
[2024-09-23 22:23:34] - [ERROR] => Restarting Mongo server
[2024-09-23 22:24:04] - [ERROR] => MongoDB connection error => Could not connect to any servers in your MongoDB Atlas cluster. One common reason is that you're trying to access the database from an IP that isn't whitelisted. Make sure your current IP address is on your Atlas cluster's IP whitelist: https://www.mongodb.com/docs/atlas/security-whitelist/
[2024-09-23 22:24:43] - [ERROR] => MongoDB connection error => Could not connect to any servers in your MongoDB Atlas cluster. One common reason is that you're trying to access the database from an IP that isn't whitelisted. Make sure your current IP address is on your Atlas cluster's IP whitelist: https://www.mongodb.com/docs/atlas/security-whitelist/
[2024-09-23 22:24:45] - [ERROR] => Restarting Mongo server
[2024-09-23 22:25:22] - [ERROR] => MongoDB connection error => Could not connect to any servers in your MongoDB Atlas cluster. One common reason is that you're trying to access the database from an IP that isn't whitelisted. Make sure your current IP address is on your Atlas cluster's IP whitelist: https://www.mongodb.com/docs/atlas/security-whitelist/
[2024-09-23 22:25:24] - [ERROR] => Restarting Mongo server
[2024-09-23 22:26:00] - [ERROR] => MongoDB connection error => Could not connect to any servers in your MongoDB Atlas cluster. One common reason is that you're trying to access the database from an IP that isn't whitelisted. Make sure your current IP address is on your Atlas cluster's IP whitelist: https://www.mongodb.com/docs/atlas/security-whitelist/
[2024-09-23 22:26:02] - [ERROR] => Restarting Mongo server
[2024-09-23 22:26:38] - [ERROR] => MongoDB connection error => Could not connect to any servers in your MongoDB Atlas cluster. One common reason is that you're trying to access the database from an IP that isn't whitelisted. Make sure your current IP address is on your Atlas cluster's IP whitelist: https://www.mongodb.com/docs/atlas/security-whitelist/
[2024-09-23 22:26:40] - [ERROR] => Restarting Mongo server
[2024-09-23 22:27:16] - [ERROR] => MongoDB connection error => Could not connect to any servers in your MongoDB Atlas cluster. One common reason is that you're trying to access the database from an IP that isn't whitelisted. Make sure your current IP address is on your Atlas cluster's IP whitelist: https://www.mongodb.com/docs/atlas/security-whitelist/
[2024-09-23 22:27:18] - [ERROR] => Restarting Mongo server
[2024-09-23 22:27:54] - [ERROR] => MongoDB connection error => Could not connect to any servers in your MongoDB Atlas cluster. One common reason is that you're trying to access the database from an IP that isn't whitelisted. Make sure your current IP address is on your Atlas cluster's IP whitelist: https://www.mongodb.com/docs/atlas/security-whitelist/
[2024-09-23 22:27:56] - [ERROR] => Restarting Mongo server
[2024-09-23 22:28:32] - [ERROR] => MongoDB connection error => Could not connect to any servers in your MongoDB Atlas cluster. One common reason is that you're trying to access the database from an IP that isn't whitelisted. Make sure your current IP address is on your Atlas cluster's IP whitelist: https://www.mongodb.com/docs/atlas/security-whitelist/
[2024-09-23 22:28:34] - [ERROR] => Restarting Mongo server
[2024-09-23 22:31:01] - [ERROR] => MongoDB connection error => Could not connect to any servers in your MongoDB Atlas cluster. One common reason is that you're trying to access the database from an IP that isn't whitelisted. Make sure your current IP address is on your Atlas cluster's IP whitelist: https://www.mongodb.com/docs/atlas/security-whitelist/
[2024-09-23 22:31:03] - [ERROR] => Restarting Mongo server
[2024-09-23 22:31:34] - [ERROR] => MongoDB connection error => Could not connect to any servers in your MongoDB Atlas cluster. One common reason is that you're trying to access the database from an IP that isn't whitelisted. Make sure your current IP address is on your Atlas cluster's IP whitelist: https://www.mongodb.com/docs/atlas/security-whitelist/
[2024-09-23 22:31:36] - [ERROR] => Restarting Mongo server
[2024-09-23 22:32:06] - [ERROR] => MongoDB connection error => Could not connect to any servers in your MongoDB Atlas cluster. One common reason is that you're trying to access the database from an IP that isn't whitelisted. Make sure your current IP address is on your Atlas cluster's IP whitelist: https://www.mongodb.com/docs/atlas/security-whitelist/
[2024-09-23 22:32:08] - [ERROR] => Restarting Mongo server
[2024-09-23 22:32:38] - [ERROR] => MongoDB connection error => Could not connect to any servers in your MongoDB Atlas cluster. One common reason is that you're trying to access the database from an IP that isn't whitelisted. Make sure your current IP address is on your Atlas cluster's IP whitelist: https://www.mongodb.com/docs/atlas/security-whitelist/
[2024-09-23 22:32:40] - [ERROR] => Restarting Mongo server
[2024-09-23 22:33:10] - [ERROR] => MongoDB connection error => Could not connect to any servers in your MongoDB Atlas cluster. One common reason is that you're trying to access the database from an IP that isn't whitelisted. Make sure your current IP address is on your Atlas cluster's IP whitelist: https://www.mongodb.com/docs/atlas/security-whitelist/
[2024-09-23 22:33:12] - [ERROR] => Restarting Mongo server
[2024-09-23 22:33:48] - [ERROR] => MongoDB connection error => Could not connect to any servers in your MongoDB Atlas cluster. One common reason is that you're trying to access the database from an IP that isn't whitelisted. Make sure your current IP address is on your Atlas cluster's IP whitelist: https://www.mongodb.com/docs/atlas/security-whitelist/
[2024-09-23 22:33:50] - [ERROR] => Restarting Mongo server
[2024-09-23 22:37:15] - [ERROR] => MongoDB connection error => Could not connect to any servers in your MongoDB Atlas cluster. One common reason is that you're trying to access the database from an IP that isn't whitelisted. Make sure your current IP address is on your Atlas cluster's IP whitelist: https://www.mongodb.com/docs/atlas/security-whitelist/
[2024-09-23 22:37:17] - [ERROR] => Restarting Mongo server
[2024-09-23 22:41:49] - [ERROR] => MongoDB connection error => Could not connect to any servers in your MongoDB Atlas cluster. One common reason is that you're trying to access the database from an IP that isn't whitelisted. Make sure your current IP address is on your Atlas cluster's IP whitelist: https://www.mongodb.com/docs/atlas/security-whitelist/
[2024-09-23 22:41:51] - [ERROR] => Restarting Mongo server
[2024-09-23 22:42:22] - [ERROR] => MongoDB connection error => Could not connect to any servers in your MongoDB Atlas cluster. One common reason is that you're trying to access the database from an IP that isn't whitelisted. Make sure your current IP address is on your Atlas cluster's IP whitelist: https://www.mongodb.com/docs/atlas/security-whitelist/
[2024-09-23 22:42:24] - [ERROR] => Restarting Mongo server
[2024-09-23 22:42:54] - [ERROR] => MongoDB connection error => Could not connect to any servers in your MongoDB Atlas cluster. One common reason is that you're trying to access the database from an IP that isn't whitelisted. Make sure your current IP address is on your Atlas cluster's IP whitelist: https://www.mongodb.com/docs/atlas/security-whitelist/
[2024-09-23 22:42:56] - [ERROR] => Restarting Mongo server
[2024-09-23 22:43:26] - [ERROR] => MongoDB connection error => Could not connect to any servers in your MongoDB Atlas cluster. One common reason is that you're trying to access the database from an IP that isn't whitelisted. Make sure your current IP address is on your Atlas cluster's IP whitelist: https://www.mongodb.com/docs/atlas/security-whitelist/
[2024-09-23 22:43:28] - [ERROR] => Restarting Mongo server
[2024-09-23 22:44:23] - [ERROR] => MongoDB connection error => Could not connect to any servers in your MongoDB Atlas cluster. One common reason is that you're trying to access the database from an IP that isn't whitelisted. Make sure your current IP address is on your Atlas cluster's IP whitelist: https://www.mongodb.com/docs/atlas/security-whitelist/
[2024-09-23 22:44:25] - [ERROR] => Restarting Mongo server
[2024-09-23 22:44:55] - [ERROR] => MongoDB connection error => Could not connect to any servers in your MongoDB Atlas cluster. One common reason is that you're trying to access the database from an IP that isn't whitelisted. Make sure your current IP address is on your Atlas cluster's IP whitelist: https://www.mongodb.com/docs/atlas/security-whitelist/
[2024-09-23 22:44:57] - [ERROR] => Restarting Mongo server
[2024-09-23 22:45:41] - [ERROR] => MongoDB connection error => Could not connect to any servers in your MongoDB Atlas cluster. One common reason is that you're trying to access the database from an IP that isn't whitelisted. Make sure your current IP address is on your Atlas cluster's IP whitelist: https://www.mongodb.com/docs/atlas/security-whitelist/
[2024-09-23 22:45:43] - [ERROR] => Restarting Mongo server
[2024-09-23 22:46:45] - [ERROR] => MongoDB connection error => Could not connect to any servers in your MongoDB Atlas cluster. One common reason is that you're trying to access the database from an IP that isn't whitelisted. Make sure your current IP address is on your Atlas cluster's IP whitelist: https://www.mongodb.com/docs/atlas/security-whitelist/
[2024-09-23 22:46:47] - [ERROR] => Restarting Mongo server
[2024-09-23 22:47:48] - [ERROR] => MongoDB connection error => Could not connect to any servers in your MongoDB Atlas cluster. One common reason is that you're trying to access the database from an IP that isn't whitelisted. Make sure your current IP address is on your Atlas cluster's IP whitelist: https://www.mongodb.com/docs/atlas/security-whitelist/
[2024-09-23 22:47:50] - [ERROR] => Restarting Mongo server
[2024-09-24 04:33:30] - [ERROR] => MongoDB connection error => Could not connect to any servers in your MongoDB Atlas cluster. One common reason is that you're trying to access the database from an IP that isn't whitelisted. Make sure your current IP address is on your Atlas cluster's IP whitelist: https://www.mongodb.com/docs/atlas/security-whitelist/
[2024-09-24 04:33:32] - [ERROR] => Restarting Mongo server
[2024-09-24 04:34:21] - [ERROR] => MongoDB connection error => Could not connect to any servers in your MongoDB Atlas cluster. One common reason is that you're trying to access the database from an IP that isn't whitelisted. Make sure your current IP address is on your Atlas cluster's IP whitelist: https://www.mongodb.com/docs/atlas/security-whitelist/
[2024-09-24 04:34:23] - [ERROR] => Restarting Mongo server
[2024-09-24 04:34:53] - [ERROR] => MongoDB connection error => Could not connect to any servers in your MongoDB Atlas cluster. One common reason is that you're trying to access the database from an IP that isn't whitelisted. Make sure your current IP address is on your Atlas cluster's IP whitelist: https://www.mongodb.com/docs/atlas/security-whitelist/
[2024-09-24 04:34:55] - [ERROR] => Restarting Mongo server
[2024-09-24 04:35:25] - [ERROR] => MongoDB connection error => Could not connect to any servers in your MongoDB Atlas cluster. One common reason is that you're trying to access the database from an IP that isn't whitelisted. Make sure your current IP address is on your Atlas cluster's IP whitelist: https://www.mongodb.com/docs/atlas/security-whitelist/
[2024-09-24 04:35:27] - [ERROR] => Restarting Mongo server
[2024-09-24 04:35:58] - [ERROR] => MongoDB connection error => Could not connect to any servers in your MongoDB Atlas cluster. One common reason is that you're trying to access the database from an IP that isn't whitelisted. Make sure your current IP address is on your Atlas cluster's IP whitelist: https://www.mongodb.com/docs/atlas/security-whitelist/
[2024-09-24 04:36:00] - [ERROR] => Restarting Mongo server
[2024-09-24 04:36:30] - [ERROR] => MongoDB connection error => Could not connect to any servers in your MongoDB Atlas cluster. One common reason is that you're trying to access the database from an IP that isn't whitelisted. Make sure your current IP address is on your Atlas cluster's IP whitelist: https://www.mongodb.com/docs/atlas/security-whitelist/
[2024-09-24 04:36:32] - [ERROR] => Restarting Mongo server
[2024-09-24 04:37:02] - [ERROR] => MongoDB connection error => Could not connect to any servers in your MongoDB Atlas cluster. One common reason is that you're trying to access the database from an IP that isn't whitelisted. Make sure your current IP address is on your Atlas cluster's IP whitelist: https://www.mongodb.com/docs/atlas/security-whitelist/
[2024-09-24 04:37:04] - [ERROR] => Restarting Mongo server
[2024-09-24 04:37:34] - [ERROR] => MongoDB connection error => Could not connect to any servers in your MongoDB Atlas cluster. One common reason is that you're trying to access the database from an IP that isn't whitelisted. Make sure your current IP address is on your Atlas cluster's IP whitelist: https://www.mongodb.com/docs/atlas/security-whitelist/
[2024-09-24 04:37:36] - [ERROR] => Restarting Mongo server
[2024-09-24 04:38:06] - [ERROR] => MongoDB connection error => Could not connect to any servers in your MongoDB Atlas cluster. One common reason is that you're trying to access the database from an IP that isn't whitelisted. Make sure your current IP address is on your Atlas cluster's IP whitelist: https://www.mongodb.com/docs/atlas/security-whitelist/
[2024-09-24 04:38:08] - [ERROR] => Restarting Mongo server
[2024-09-24 04:38:38] - [ERROR] => MongoDB connection error => Could not connect to any servers in your MongoDB Atlas cluster. One common reason is that you're trying to access the database from an IP that isn't whitelisted. Make sure your current IP address is on your Atlas cluster's IP whitelist: https://www.mongodb.com/docs/atlas/security-whitelist/
[2024-09-24 04:38:40] - [ERROR] => Restarting Mongo server
[2024-09-24 04:39:11] - [ERROR] => MongoDB connection error => Could not connect to any servers in your MongoDB Atlas cluster. One common reason is that you're trying to access the database from an IP that isn't whitelisted. Make sure your current IP address is on your Atlas cluster's IP whitelist: https://www.mongodb.com/docs/atlas/security-whitelist/
[2024-09-24 04:39:13] - [ERROR] => Restarting Mongo server
[2024-09-24 04:39:43] - [ERROR] => MongoDB connection error => Could not connect to any servers in your MongoDB Atlas cluster. One common reason is that you're trying to access the database from an IP that isn't whitelisted. Make sure your current IP address is on your Atlas cluster's IP whitelist: https://www.mongodb.com/docs/atlas/security-whitelist/
[2024-09-24 04:39:45] - [ERROR] => Restarting Mongo server
[2024-09-24 04:40:15] - [ERROR] => MongoDB connection error => Could not connect to any servers in your MongoDB Atlas cluster. One common reason is that you're trying to access the database from an IP that isn't whitelisted. Make sure your current IP address is on your Atlas cluster's IP whitelist: https://www.mongodb.com/docs/atlas/security-whitelist/
[2024-09-24 04:40:17] - [ERROR] => Restarting Mongo server
[2024-09-24 04:40:47] - [ERROR] => MongoDB connection error => Could not connect to any servers in your MongoDB Atlas cluster. One common reason is that you're trying to access the database from an IP that isn't whitelisted. Make sure your current IP address is on your Atlas cluster's IP whitelist: https://www.mongodb.com/docs/atlas/security-whitelist/
[2024-09-24 04:40:49] - [ERROR] => Restarting Mongo server
[2024-09-24 04:41:19] - [ERROR] => MongoDB connection error => Could not connect to any servers in your MongoDB Atlas cluster. One common reason is that you're trying to access the database from an IP that isn't whitelisted. Make sure your current IP address is on your Atlas cluster's IP whitelist: https://www.mongodb.com/docs/atlas/security-whitelist/
[2024-09-24 04:41:21] - [ERROR] => Restarting Mongo server
[2024-09-24 04:41:51] - [ERROR] => MongoDB connection error => Could not connect to any servers in your MongoDB Atlas cluster. One common reason is that you're trying to access the database from an IP that isn't whitelisted. Make sure your current IP address is on your Atlas cluster's IP whitelist: https://www.mongodb.com/docs/atlas/security-whitelist/
[2024-09-24 04:41:53] - [ERROR] => Restarting Mongo server
[2024-09-24 04:42:23] - [ERROR] => MongoDB connection error => Could not connect to any servers in your MongoDB Atlas cluster. One common reason is that you're trying to access the database from an IP that isn't whitelisted. Make sure your current IP address is on your Atlas cluster's IP whitelist: https://www.mongodb.com/docs/atlas/security-whitelist/
[2024-09-24 04:43:13] - [ERROR] => Restarting Mongo server
[2024-09-24 04:43:44] - [ERROR] => MongoDB connection error => Could not connect to any servers in your MongoDB Atlas cluster. One common reason is that you're trying to access the database from an IP that isn't whitelisted. Make sure your current IP address is on your Atlas cluster's IP whitelist: https://www.mongodb.com/docs/atlas/security-whitelist/
[2024-09-24 04:43:46] - [ERROR] => Restarting Mongo server
[2024-09-24 04:44:22] - [ERROR] => MongoDB connection error => Could not connect to any servers in your MongoDB Atlas cluster. One common reason is that you're trying to access the database from an IP that isn't whitelisted. Make sure your current IP address is on your Atlas cluster's IP whitelist: https://www.mongodb.com/docs/atlas/security-whitelist/
[2024-09-24 04:44:24] - [ERROR] => Restarting Mongo server
[2024-09-24 04:44:54] - [ERROR] => MongoDB connection error => Could not connect to any servers in your MongoDB Atlas cluster. One common reason is that you're trying to access the database from an IP that isn't whitelisted. Make sure your current IP address is on your Atlas cluster's IP whitelist: https://www.mongodb.com/docs/atlas/security-whitelist/
[2024-09-24 04:44:56] - [ERROR] => Restarting Mongo server
[2024-09-24 04:45:26] - [ERROR] => MongoDB connection error => Could not connect to any servers in your MongoDB Atlas cluster. One common reason is that you're trying to access the database from an IP that isn't whitelisted. Make sure your current IP address is on your Atlas cluster's IP whitelist: https://www.mongodb.com/docs/atlas/security-whitelist/
[2024-09-24 04:45:28] - [ERROR] => Restarting Mongo server
[2024-09-24 04:45:58] - [ERROR] => MongoDB connection error => Could not connect to any servers in your MongoDB Atlas cluster. One common reason is that you're trying to access the database from an IP that isn't whitelisted. Make sure your current IP address is on your Atlas cluster's IP whitelist: https://www.mongodb.com/docs/atlas/security-whitelist/
[2024-09-24 04:46:00] - [ERROR] => Restarting Mongo server
[2024-09-24 04:46:31] - [ERROR] => MongoDB connection error => Could not connect to any servers in your MongoDB Atlas cluster. One common reason is that you're trying to access the database from an IP that isn't whitelisted. Make sure your current IP address is on your Atlas cluster's IP whitelist: https://www.mongodb.com/docs/atlas/security-whitelist/
[2024-09-24 04:46:33] - [ERROR] => Restarting Mongo server
[2024-09-24 04:47:03] - [ERROR] => MongoDB connection error => Could not connect to any servers in your MongoDB Atlas cluster. One common reason is that you're trying to access the database from an IP that isn't whitelisted. Make sure your current IP address is on your Atlas cluster's IP whitelist: https://www.mongodb.com/docs/atlas/security-whitelist/
[2024-09-24 04:47:05] - [ERROR] => Restarting Mongo server
[2024-09-24 04:47:35] - [ERROR] => MongoDB connection error => Could not connect to any servers in your MongoDB Atlas cluster. One common reason is that you're trying to access the database from an IP that isn't whitelisted. Make sure your current IP address is on your Atlas cluster's IP whitelist: https://www.mongodb.com/docs/atlas/security-whitelist/
[2024-09-24 04:47:37] - [ERROR] => Restarting Mongo server
[2024-09-24 04:48:07] - [ERROR] => MongoDB connection error => Could not connect to any servers in your MongoDB Atlas cluster. One common reason is that you're trying to access the database from an IP that isn't whitelisted. Make sure your current IP address is on your Atlas cluster's IP whitelist: https://www.mongodb.com/docs/atlas/security-whitelist/
[2024-09-24 04:48:09] - [ERROR] => Restarting Mongo server
[2024-09-24 04:48:39] - [ERROR] => MongoDB connection error => Could not connect to any servers in your MongoDB Atlas cluster. One common reason is that you're trying to access the database from an IP that isn't whitelisted. Make sure your current IP address is on your Atlas cluster's IP whitelist: https://www.mongodb.com/docs/atlas/security-whitelist/
[2024-09-24 04:48:41] - [ERROR] => Restarting Mongo server
[2024-09-24 04:49:11] - [ERROR] => MongoDB connection error => Could not connect to any servers in your MongoDB Atlas cluster. One common reason is that you're trying to access the database from an IP that isn't whitelisted. Make sure your current IP address is on your Atlas cluster's IP whitelist: https://www.mongodb.com/docs/atlas/security-whitelist/
[2024-09-24 04:49:13] - [ERROR] => Restarting Mongo server
[2024-09-24 05:06:10] - [ERROR] => MongoDB connection error => Could not connect to any servers in your MongoDB Atlas cluster. One common reason is that you're trying to access the database from an IP that isn't whitelisted. Make sure your current IP address is on your Atlas cluster's IP whitelist: https://www.mongodb.com/docs/atlas/security-whitelist/
[2024-09-24 05:14:09] - [ERROR] => Restarting Mongo server
[2024-09-24 05:14:21] - [ERROR] => MongoDB connection error => getaddrinfo ENOTFOUND testcluster-shard-00-01.urrgt.mongodb.net
[2024-09-24 05:14:23] - [ERROR] => Restarting Mongo server
[2024-09-24 05:14:23] - [ERROR] => MongoDB connection error => querySrv ECONNREFUSED _mongodb._tcp.testcluster.urrgt.mongodb.net
[2024-09-24 05:14:25] - [ERROR] => Restarting Mongo server
[2024-09-24 05:14:25] - [ERROR] => MongoDB connection error => querySrv ECONNREFUSED _mongodb._tcp.testcluster.urrgt.mongodb.net
[2024-09-24 05:14:27] - [ERROR] => Restarting Mongo server
[2024-09-24 05:14:28] - [ERROR] => MongoDB connection error => querySrv ECONNREFUSED _mongodb._tcp.testcluster.urrgt.mongodb.net
[2024-09-24 05:14:30] - [ERROR] => Restarting Mongo server
[2024-09-24 05:14:30] - [ERROR] => MongoDB connection error => querySrv ECONNREFUSED _mongodb._tcp.testcluster.urrgt.mongodb.net
[2024-09-24 05:14:32] - [ERROR] => Restarting Mongo server
[2024-09-24 05:17:32] - [ERROR] => API path not found!
[2024-09-24 05:21:43] - [ERROR] => User validation failed: password: Password is required
[2024-09-24 05:21:43] - [ERROR] => Internal server error!
[2024-09-24 05:21:44] - [ERROR] => Error sending email: No recipients defined
[2024-09-24 05:26:10] - [ERROR] => User validation failed: password: Password is required
[2024-09-24 05:26:10] - [ERROR] => Internal server error!
[2024-09-24 05:26:11] - [ERROR] => Error sending email: No recipients defined
[2024-09-24 05:27:11] - [ERROR] => User validation failed: password: Password is required
[2024-09-24 05:27:11] - [ERROR] => Internal server error!
[2024-09-24 05:27:12] - [ERROR] => Error sending email: No recipients defined
[2024-09-24 05:29:35] - [ERROR] => User validation failed: password: Password is required
[2024-09-24 05:29:35] - [ERROR] => Internal server error!
[2024-09-24 05:29:36] - [ERROR] => Error sending email: No recipients defined
[2024-09-24 05:31:30] - [ERROR] => User validation failed: password: Password is required
[2024-09-24 05:31:30] - [ERROR] => Internal server error!
[2024-09-24 06:36:42] - [ERROR] => API path not found!
[2024-09-24 06:37:36] - [ERROR] => Unauthorized request!
[2024-09-24 06:38:10] - [ERROR] => Unauthorized request!
[2024-10-08 12:45:56] - [ERROR] => RedisDB connection error => Error: getaddrinfo ENOTFOUND redis
[2024-10-08 12:45:58] - [ERROR] => MongoDB connection error => bad auth : Authentication failed.
[2024-10-08 12:46:00] - [ERROR] => Restarting Mongo server
[2024-10-08 12:46:02] - [ERROR] => MongoDB connection error => bad auth : Authentication failed.
[2024-10-08 12:46:04] - [ERROR] => Restarting Mongo server
[2024-10-08 12:46:06] - [ERROR] => MongoDB connection error => bad auth : Authentication failed.
[2024-10-08 12:46:08] - [ERROR] => Restarting Mongo server
[2024-10-08 12:46:10] - [ERROR] => MongoDB connection error => bad auth : Authentication failed.
[2024-10-08 12:46:12] - [ERROR] => Restarting Mongo server
[2024-10-08 12:46:14] - [ERROR] => MongoDB connection error => bad auth : Authentication failed.
[2024-10-08 12:46:16] - [ERROR] => Restarting Mongo server
[2024-10-08 12:46:17] - [ERROR] => MongoDB connection error => bad auth : Authentication failed.
[2024-10-08 12:46:19] - [ERROR] => Restarting Mongo server
[2024-10-08 12:46:21] - [ERROR] => MongoDB connection error => bad auth : Authentication failed.
[2024-10-08 12:46:23] - [ERROR] => Restarting Mongo server
[2024-10-08 12:46:25] - [ERROR] => MongoDB connection error => bad auth : Authentication failed.
[2024-10-08 12:46:27] - [ERROR] => Restarting Mongo server
[2024-10-08 12:46:29] - [ERROR] => MongoDB connection error => bad auth : Authentication failed.
[2024-10-08 12:46:31] - [ERROR] => Restarting Mongo server
[2024-10-08 12:46:32] - [ERROR] => MongoDB connection error => bad auth : Authentication failed.
[2024-10-08 12:46:34] - [ERROR] => Restarting Mongo server
[2024-10-08 12:46:36] - [ERROR] => MongoDB connection error => bad auth : Authentication failed.
[2024-10-08 12:46:38] - [ERROR] => Restarting Mongo server
[2024-10-08 12:46:40] - [ERROR] => MongoDB connection error => bad auth : Authentication failed.
[2024-10-08 12:46:42] - [ERROR] => Restarting Mongo server
[2024-10-08 12:46:44] - [ERROR] => MongoDB connection error => bad auth : Authentication failed.
[2024-10-08 12:46:46] - [ERROR] => Restarting Mongo server
[2024-10-08 12:46:48] - [ERROR] => MongoDB connection error => bad auth : Authentication failed.
[2024-10-08 12:46:50] - [ERROR] => Restarting Mongo server
[2024-10-08 12:46:52] - [ERROR] => MongoDB connection error => bad auth : Authentication failed.
[2024-10-08 12:46:54] - [ERROR] => Restarting Mongo server
[2024-10-08 12:46:56] - [ERROR] => MongoDB connection error => bad auth : Authentication failed.
[2024-10-08 12:46:58] - [ERROR] => Restarting Mongo server
[2024-10-08 12:46:59] - [ERROR] => MongoDB connection error => bad auth : Authentication failed.
[2024-10-08 12:47:01] - [ERROR] => Restarting Mongo server
[2024-10-08 12:47:03] - [ERROR] => MongoDB connection error => bad auth : Authentication failed.
[2024-10-08 12:47:05] - [ERROR] => Restarting Mongo server
[2024-10-08 12:47:07] - [ERROR] => MongoDB connection error => bad auth : Authentication failed.
[2024-10-08 12:47:09] - [ERROR] => Restarting Mongo server
[2024-10-08 12:47:11] - [ERROR] => MongoDB connection error => bad auth : Authentication failed.
[2024-10-08 12:47:15] - [ERROR] => RedisDB connection error => Error: getaddrinfo ENOTFOUND redis
[2024-10-08 12:47:17] - [ERROR] => MongoDB connection error => bad auth : Authentication failed.
[2024-10-08 12:47:19] - [ERROR] => Restarting Mongo server
[2024-10-08 12:47:21] - [ERROR] => MongoDB connection error => bad auth : Authentication failed.
[2024-10-08 12:47:23] - [ERROR] => Restarting Mongo server
[2024-10-08 12:47:24] - [ERROR] => MongoDB connection error => bad auth : Authentication failed.
[2024-10-08 12:47:26] - [ERROR] => Restarting Mongo server
[2024-10-08 12:47:28] - [ERROR] => MongoDB connection error => bad auth : Authentication failed.
[2024-10-08 12:47:30] - [ERROR] => Restarting Mongo server
[2024-10-08 12:47:32] - [ERROR] => MongoDB connection error => bad auth : Authentication failed.
[2024-10-08 12:47:34] - [ERROR] => Restarting Mongo server
[2024-10-08 12:47:36] - [ERROR] => MongoDB connection error => bad auth : Authentication failed.
[2024-10-08 12:47:38] - [ERROR] => Restarting Mongo server
[2024-10-08 12:47:39] - [ERROR] => MongoDB connection error => bad auth : Authentication failed.
[2024-10-08 12:47:41] - [ERROR] => Restarting Mongo server
[2024-10-08 12:47:43] - [ERROR] => MongoDB connection error => bad auth : Authentication failed.
[2024-10-08 12:47:45] - [ERROR] => Restarting Mongo server
[2024-10-08 12:47:47] - [ERROR] => MongoDB connection error => bad auth : Authentication failed.
[2024-10-08 12:47:49] - [ERROR] => Restarting Mongo server
[2024-10-08 12:47:51] - [ERROR] => MongoDB connection error => bad auth : Authentication failed.
[2024-10-08 12:47:53] - [ERROR] => Restarting Mongo server
[2024-10-08 12:47:55] - [ERROR] => MongoDB connection error => bad auth : Authentication failed.
[2024-10-08 12:47:57] - [ERROR] => Restarting Mongo server
[2024-10-08 12:47:59] - [ERROR] => MongoDB connection error => bad auth : Authentication failed.
[2024-10-08 12:48:01] - [ERROR] => Restarting Mongo server
[2024-10-08 12:48:03] - [ERROR] => MongoDB connection error => bad auth : Authentication failed.
[2024-10-08 12:48:05] - [ERROR] => Restarting Mongo server
[2024-10-08 12:48:09] - [ERROR] => RedisDB connection error => Error: getaddrinfo ENOTFOUND redis
[2024-10-08 12:48:10] - [ERROR] => MongoDB connection error => bad auth : Authentication failed.
[2024-10-08 12:48:12] - [ERROR] => Restarting Mongo server
[2024-10-08 12:48:14] - [ERROR] => MongoDB connection error => bad auth : Authentication failed.
[2024-10-08 12:48:16] - [ERROR] => Restarting Mongo server
[2024-10-08 12:48:18] - [ERROR] => MongoDB connection error => bad auth : Authentication failed.
[2024-10-08 12:48:20] - [ERROR] => Restarting Mongo server
[2024-10-08 12:48:22] - [ERROR] => MongoDB connection error => bad auth : Authentication failed.
[2024-10-08 12:48:24] - [ERROR] => Restarting Mongo server
[2024-10-08 12:48:27] - [ERROR] => MongoDB connection error => bad auth : Authentication failed.
[2024-10-08 12:48:29] - [ERROR] => Restarting Mongo server
[2024-10-08 12:48:31] - [ERROR] => MongoDB connection error => bad auth : Authentication failed.
[2024-10-08 12:48:33] - [ERROR] => Restarting Mongo server
[2024-10-08 12:48:35] - [ERROR] => MongoDB connection error => bad auth : Authentication failed.
[2024-10-08 12:48:37] - [ERROR] => Restarting Mongo server
[2024-10-08 12:48:39] - [ERROR] => MongoDB connection error => bad auth : Authentication failed.
[2024-10-08 12:48:41] - [ERROR] => Restarting Mongo server
[2024-10-08 12:48:43] - [ERROR] => MongoDB connection error => bad auth : Authentication failed.
[2024-10-08 12:48:45] - [ERROR] => Restarting Mongo server
[2024-10-08 12:48:46] - [ERROR] => MongoDB connection error => bad auth : Authentication failed.
[2024-10-08 12:48:48] - [ERROR] => Restarting Mongo server
[2024-10-08 12:48:50] - [ERROR] => MongoDB connection error => bad auth : Authentication failed.
[2024-10-08 12:48:52] - [ERROR] => Restarting Mongo server
[2024-10-08 12:48:55] - [ERROR] => MongoDB connection error => bad auth : Authentication failed.
[2024-10-08 12:48:57] - [ERROR] => Restarting Mongo server
[2024-10-08 12:49:05] - [ERROR] => RedisDB connection error => Error: getaddrinfo ENOTFOUND redis
[2024-10-08 12:49:07] - [ERROR] => MongoDB connection error => bad auth : Authentication failed.
[2024-10-08 12:49:09] - [ERROR] => Restarting Mongo server
[2024-10-08 12:49:11] - [ERROR] => MongoDB connection error => bad auth : Authentication failed.
[2024-10-08 12:49:13] - [ERROR] => Restarting Mongo server
[2024-10-08 12:49:15] - [ERROR] => MongoDB connection error => bad auth : Authentication failed.
[2024-10-08 12:49:17] - [ERROR] => Restarting Mongo server
[2024-10-08 12:49:19] - [ERROR] => MongoDB connection error => bad auth : Authentication failed.
[2024-10-08 12:49:21] - [ERROR] => Restarting Mongo server
[2024-10-08 12:49:23] - [ERROR] => MongoDB connection error => bad auth : Authentication failed.
[2024-10-08 12:49:25] - [ERROR] => Restarting Mongo server
[2024-10-08 12:49:27] - [ERROR] => MongoDB connection error => bad auth : Authentication failed.
[2024-10-08 12:49:29] - [ERROR] => Restarting Mongo server
[2024-10-08 12:49:31] - [ERROR] => MongoDB connection error => bad auth : Authentication failed.
[2024-10-08 12:49:33] - [ERROR] => Restarting Mongo server
[2024-10-08 12:49:35] - [ERROR] => MongoDB connection error => bad auth : Authentication failed.
[2024-10-08 12:49:37] - [ERROR] => Restarting Mongo server
[2024-10-08 12:49:38] - [ERROR] => MongoDB connection error => bad auth : Authentication failed.
[2024-10-08 12:49:40] - [ERROR] => Restarting Mongo server
[2024-10-08 12:49:42] - [ERROR] => MongoDB connection error => bad auth : Authentication failed.
[2024-10-08 12:49:44] - [ERROR] => Restarting Mongo server
[2024-10-08 12:49:46] - [ERROR] => MongoDB connection error => bad auth : Authentication failed.
[2024-10-08 12:49:48] - [ERROR] => Restarting Mongo server
[2024-10-08 12:49:50] - [ERROR] => MongoDB connection error => bad auth : Authentication failed.
[2024-10-08 12:49:52] - [ERROR] => Restarting Mongo server
[2024-10-08 12:49:54] - [ERROR] => MongoDB connection error => bad auth : Authentication failed.
[2024-10-08 12:49:56] - [ERROR] => Restarting Mongo server
[2024-10-08 12:49:57] - [ERROR] => MongoDB connection error => bad auth : Authentication failed.
[2024-10-08 12:49:59] - [ERROR] => Restarting Mongo server
[2024-10-08 12:50:01] - [ERROR] => MongoDB connection error => bad auth : Authentication failed.
[2024-10-08 12:50:03] - [ERROR] => Restarting Mongo server
[2024-10-08 12:50:05] - [ERROR] => MongoDB connection error => bad auth : Authentication failed.
[2024-10-08 12:50:07] - [ERROR] => Restarting Mongo server
[2024-10-08 12:50:09] - [ERROR] => MongoDB connection error => bad auth : Authentication failed.
[2024-10-08 12:50:11] - [ERROR] => Restarting Mongo server
[2024-10-08 12:50:13] - [ERROR] => MongoDB connection error => bad auth : Authentication failed.
[2024-10-08 12:50:15] - [ERROR] => Restarting Mongo server
[2024-10-08 12:50:16] - [ERROR] => MongoDB connection error => bad auth : Authentication failed.
[2024-10-08 12:50:18] - [ERROR] => Restarting Mongo server
[2024-10-08 12:50:20] - [ERROR] => MongoDB connection error => bad auth : Authentication failed.
[2024-10-08 12:50:22] - [ERROR] => Restarting Mongo server
[2024-10-08 12:50:24] - [ERROR] => MongoDB connection error => bad auth : Authentication failed.
[2024-10-08 12:50:26] - [ERROR] => Restarting Mongo server
[2024-10-08 12:50:28] - [ERROR] => MongoDB connection error => bad auth : Authentication failed.
[2024-10-08 12:50:30] - [ERROR] => Restarting Mongo server
[2024-10-08 12:50:32] - [ERROR] => MongoDB connection error => bad auth : Authentication failed.
[2024-10-08 12:50:34] - [ERROR] => Restarting Mongo server
[2024-10-08 12:50:35] - [ERROR] => MongoDB connection error => bad auth : Authentication failed.
[2024-10-08 12:50:37] - [ERROR] => Restarting Mongo server
[2024-10-08 12:50:39] - [ERROR] => MongoDB connection error => bad auth : Authentication failed.
[2024-10-08 12:50:41] - [ERROR] => Restarting Mongo server
[2024-10-08 12:50:43] - [ERROR] => MongoDB connection error => bad auth : Authentication failed.
[2024-10-08 12:50:45] - [ERROR] => Restarting Mongo server
[2024-10-08 12:50:47] - [ERROR] => MongoDB connection error => bad auth : Authentication failed.
[2024-10-08 12:50:49] - [ERROR] => Restarting Mongo server
[2024-10-08 12:50:51] - [ERROR] => MongoDB connection error => bad auth : Authentication failed.
[2024-10-08 12:50:53] - [ERROR] => Restarting Mongo server
[2024-10-08 12:50:54] - [ERROR] => MongoDB connection error => bad auth : Authentication failed.
[2024-10-08 12:50:56] - [ERROR] => Restarting Mongo server
[2024-10-08 12:50:58] - [ERROR] => MongoDB connection error => bad auth : Authentication failed.
[2024-10-08 12:51:00] - [ERROR] => Restarting Mongo server
[2024-10-08 12:51:02] - [ERROR] => MongoDB connection error => bad auth : Authentication failed.
[2024-10-08 12:51:04] - [ERROR] => Restarting Mongo server
[2024-10-08 12:51:06] - [ERROR] => MongoDB connection error => bad auth : Authentication failed.
[2024-10-08 12:51:08] - [ERROR] => Restarting Mongo server
[2024-10-08 12:51:10] - [ERROR] => MongoDB connection error => bad auth : Authentication failed.
[2024-10-08 12:51:12] - [ERROR] => Restarting Mongo server
[2024-10-08 12:51:14] - [ERROR] => MongoDB connection error => bad auth : Authentication failed.
[2024-10-08 12:51:16] - [ERROR] => Restarting Mongo server
[2024-10-08 12:51:18] - [ERROR] => MongoDB connection error => bad auth : Authentication failed.
[2024-10-08 12:51:20] - [ERROR] => Restarting Mongo server
[2024-10-08 12:51:21] - [ERROR] => MongoDB connection error => bad auth : Authentication failed.
[2024-10-08 12:51:23] - [ERROR] => Restarting Mongo server
[2024-10-08 12:51:25] - [ERROR] => MongoDB connection error => bad auth : Authentication failed.
[2024-10-08 12:51:27] - [ERROR] => Restarting Mongo server
[2024-10-08 12:51:29] - [ERROR] => MongoDB connection error => bad auth : Authentication failed.
[2024-10-08 12:51:31] - [ERROR] => Restarting Mongo server
[2024-10-08 12:51:33] - [ERROR] => MongoDB connection error => bad auth : Authentication failed.
[2024-10-08 12:51:35] - [ERROR] => Restarting Mongo server
[2024-10-08 12:51:37] - [ERROR] => MongoDB connection error => bad auth : Authentication failed.
[2024-10-08 12:51:39] - [ERROR] => Restarting Mongo server
[2024-10-08 12:51:41] - [ERROR] => MongoDB connection error => bad auth : Authentication failed.
[2024-10-08 12:51:43] - [ERROR] => Restarting Mongo server
[2024-10-08 12:51:45] - [ERROR] => MongoDB connection error => bad auth : Authentication failed.
[2024-10-08 12:51:47] - [ERROR] => Restarting Mongo server
[2024-10-08 12:51:48] - [ERROR] => MongoDB connection error => bad auth : Authentication failed.
[2024-10-08 12:51:50] - [ERROR] => Restarting Mongo server
[2024-10-08 12:51:52] - [ERROR] => MongoDB connection error => bad auth : Authentication failed.
[2024-10-08 12:51:54] - [ERROR] => Restarting Mongo server
[2024-10-08 12:51:56] - [ERROR] => MongoDB connection error => bad auth : Authentication failed.
[2024-10-08 12:51:58] - [ERROR] => Restarting Mongo server
[2024-10-08 12:52:00] - [ERROR] => MongoDB connection error => bad auth : Authentication failed.
[2024-10-08 12:52:02] - [ERROR] => Restarting Mongo server
[2024-10-08 12:52:04] - [ERROR] => MongoDB connection error => bad auth : Authentication failed.
[2024-10-08 12:52:06] - [ERROR] => Restarting Mongo server
[2024-10-08 12:52:08] - [ERROR] => MongoDB connection error => bad auth : Authentication failed.
[2024-10-08 12:52:10] - [ERROR] => Restarting Mongo server
[2024-10-08 12:52:12] - [ERROR] => MongoDB connection error => bad auth : Authentication failed.
[2024-10-08 12:52:14] - [ERROR] => Restarting Mongo server
[2024-10-08 12:52:16] - [ERROR] => MongoDB connection error => bad auth : Authentication failed.
[2024-10-08 12:52:18] - [ERROR] => Restarting Mongo server
[2024-10-08 12:52:19] - [ERROR] => MongoDB connection error => bad auth : Authentication failed.
[2024-10-08 12:52:21] - [ERROR] => Restarting Mongo server
[2024-10-08 12:52:23] - [ERROR] => MongoDB connection error => bad auth : Authentication failed.
[2024-10-08 12:52:25] - [ERROR] => Restarting Mongo server
[2024-10-08 12:52:27] - [ERROR] => MongoDB connection error => bad auth : Authentication failed.
[2024-10-08 12:52:29] - [ERROR] => Restarting Mongo server
[2024-10-08 12:52:31] - [ERROR] => MongoDB connection error => bad auth : Authentication failed.
[2024-10-08 12:52:33] - [ERROR] => Restarting Mongo server
[2024-10-08 12:52:35] - [ERROR] => MongoDB connection error => bad auth : Authentication failed.
[2024-10-08 12:52:37] - [ERROR] => Restarting Mongo server
[2024-10-08 12:52:39] - [ERROR] => MongoDB connection error => bad auth : Authentication failed.
[2024-10-08 12:52:41] - [ERROR] => Restarting Mongo server
[2024-10-08 12:52:42] - [ERROR] => MongoDB connection error => bad auth : Authentication failed.
[2024-10-08 12:52:44] - [ERROR] => Restarting Mongo server
[2024-10-08 12:52:46] - [ERROR] => MongoDB connection error => bad auth : Authentication failed.
[2024-10-08 12:52:48] - [ERROR] => Restarting Mongo server
[2024-10-08 12:52:50] - [ERROR] => MongoDB connection error => bad auth : Authentication failed.
[2024-10-08 12:52:52] - [ERROR] => Restarting Mongo server
[2024-10-08 12:52:54] - [ERROR] => MongoDB connection error => bad auth : Authentication failed.
[2024-10-08 12:52:56] - [ERROR] => Restarting Mongo server
[2024-10-08 12:52:58] - [ERROR] => MongoDB connection error => bad auth : Authentication failed.
[2024-10-08 12:53:00] - [ERROR] => Restarting Mongo server
[2024-10-08 12:53:02] - [ERROR] => MongoDB connection error => bad auth : Authentication failed.
[2024-10-08 12:53:04] - [ERROR] => Restarting Mongo server
[2024-10-08 12:53:06] - [ERROR] => MongoDB connection error => bad auth : Authentication failed.
[2024-10-08 12:53:08] - [ERROR] => Restarting Mongo server
[2024-10-08 12:53:10] - [ERROR] => MongoDB connection error => bad auth : Authentication failed.
[2024-10-08 12:53:12] - [ERROR] => Restarting Mongo server
[2024-10-08 12:53:14] - [ERROR] => MongoDB connection error => bad auth : Authentication failed.
[2024-10-08 12:53:16] - [ERROR] => Restarting Mongo server
[2024-10-08 12:53:18] - [ERROR] => MongoDB connection error => bad auth : Authentication failed.
[2024-10-08 12:53:20] - [ERROR] => Restarting Mongo server
[2024-10-08 12:53:22] - [ERROR] => MongoDB connection error => bad auth : Authentication failed.
[2024-10-08 12:53:24] - [ERROR] => Restarting Mongo server
[2024-10-08 12:53:26] - [ERROR] => MongoDB connection error => bad auth : Authentication failed.
[2024-10-08 12:53:28] - [ERROR] => Restarting Mongo server
[2024-10-08 12:53:30] - [ERROR] => MongoDB connection error => bad auth : Authentication failed.
[2024-10-08 12:53:32] - [ERROR] => Restarting Mongo server
[2024-10-08 12:53:33] - [ERROR] => MongoDB connection error => bad auth : Authentication failed.
[2024-10-08 12:53:35] - [ERROR] => Restarting Mongo server
[2024-10-08 12:53:37] - [ERROR] => MongoDB connection error => bad auth : Authentication failed.
[2024-10-08 12:53:39] - [ERROR] => Restarting Mongo server
[2024-10-08 12:53:41] - [ERROR] => MongoDB connection error => bad auth : Authentication failed.
[2024-10-08 12:53:43] - [ERROR] => Restarting Mongo server
[2024-10-08 12:53:45] - [ERROR] => MongoDB connection error => bad auth : Authentication failed.
[2024-10-08 12:53:47] - [ERROR] => Restarting Mongo server
[2024-10-08 12:53:49] - [ERROR] => MongoDB connection error => bad auth : Authentication failed.
[2024-10-08 12:53:51] - [ERROR] => Restarting Mongo server
[2024-10-08 12:53:53] - [ERROR] => MongoDB connection error => bad auth : Authentication failed.
[2024-10-08 12:53:55] - [ERROR] => Restarting Mongo server
[2024-10-08 12:53:57] - [ERROR] => MongoDB connection error => bad auth : Authentication failed.
[2024-10-08 12:53:59] - [ERROR] => Restarting Mongo server
[2024-10-08 12:54:01] - [ERROR] => MongoDB connection error => bad auth : Authentication failed.
[2024-10-08 12:54:03] - [ERROR] => Restarting Mongo server
[2024-10-08 12:54:04] - [ERROR] => MongoDB connection error => bad auth : Authentication failed.
[2024-10-08 12:54:06] - [ERROR] => Restarting Mongo server
[2024-10-08 12:54:08] - [ERROR] => MongoDB connection error => bad auth : Authentication failed.
[2024-10-08 12:54:10] - [ERROR] => Restarting Mongo server
[2024-10-08 12:54:12] - [ERROR] => MongoDB connection error => bad auth : Authentication failed.
[2024-10-08 12:54:14] - [ERROR] => Restarting Mongo server
[2024-10-08 12:54:16] - [ERROR] => MongoDB connection error => bad auth : Authentication failed.
[2024-10-08 12:54:18] - [ERROR] => Restarting Mongo server
[2024-10-08 12:54:20] - [ERROR] => MongoDB connection error => bad auth : Authentication failed.
[2024-10-08 12:54:22] - [ERROR] => Restarting Mongo server
[2024-10-08 12:54:24] - [ERROR] => MongoDB connection error => bad auth : Authentication failed.
[2024-10-08 12:54:26] - [ERROR] => Restarting Mongo server
[2024-10-08 12:54:33] - [ERROR] => MongoDB connection error => bad auth : Authentication failed.
[2024-10-08 12:54:35] - [ERROR] => Restarting Mongo server
[2024-10-08 12:54:36] - [ERROR] => MongoDB connection error => bad auth : Authentication failed.
[2024-10-08 12:54:38] - [ERROR] => Restarting Mongo server
[2024-10-08 12:54:40] - [ERROR] => MongoDB connection error => bad auth : Authentication failed.
[2024-10-08 12:54:42] - [ERROR] => Restarting Mongo server
[2024-10-08 12:54:44] - [ERROR] => MongoDB connection error => bad auth : Authentication failed.
[2024-10-08 12:54:46] - [ERROR] => Restarting Mongo server
[2024-10-08 12:54:48] - [ERROR] => MongoDB connection error => bad auth : Authentication failed.
[2024-10-08 12:54:50] - [ERROR] => Restarting Mongo server
[2024-10-08 12:54:52] - [ERROR] => MongoDB connection error => bad auth : Authentication failed.
[2024-10-08 12:54:54] - [ERROR] => Restarting Mongo server
[2024-10-08 12:54:56] - [ERROR] => MongoDB connection error => bad auth : Authentication failed.
[2024-10-08 12:54:58] - [ERROR] => Restarting Mongo server
[2024-10-08 12:55:00] - [ERROR] => MongoDB connection error => bad auth : Authentication failed.
[2024-10-08 12:55:02] - [ERROR] => Restarting Mongo server
[2024-10-08 12:55:04] - [ERROR] => MongoDB connection error => bad auth : Authentication failed.
[2024-10-08 12:55:06] - [ERROR] => Restarting Mongo server
[2024-10-08 12:55:07] - [ERROR] => MongoDB connection error => bad auth : Authentication failed.
[2024-10-08 12:55:09] - [ERROR] => Restarting Mongo server
[2024-10-08 12:55:11] - [ERROR] => MongoDB connection error => bad auth : Authentication failed.
[2024-10-08 12:55:13] - [ERROR] => Restarting Mongo server
[2024-10-08 12:55:15] - [ERROR] => MongoDB connection error => bad auth : Authentication failed.
[2024-10-08 12:55:17] - [ERROR] => Restarting Mongo server
[2024-10-08 12:55:19] - [ERROR] => MongoDB connection error => bad auth : Authentication failed.
[2024-10-08 12:55:21] - [ERROR] => Restarting Mongo server
[2024-10-08 12:55:23] - [ERROR] => MongoDB connection error => bad auth : Authentication failed.
[2024-10-08 12:55:25] - [ERROR] => Restarting Mongo server
[2024-10-08 12:55:27] - [ERROR] => MongoDB connection error => bad auth : Authentication failed.
[2024-10-08 12:55:29] - [ERROR] => Restarting Mongo server
[2024-10-08 12:55:31] - [ERROR] => MongoDB connection error => bad auth : Authentication failed.
[2024-10-08 12:55:33] - [ERROR] => Restarting Mongo server
[2024-10-08 12:55:35] - [ERROR] => MongoDB connection error => bad auth : Authentication failed.
[2024-10-08 12:55:37] - [ERROR] => Restarting Mongo server
[2024-10-08 12:55:39] - [ERROR] => MongoDB connection error => bad auth : Authentication failed.
[2024-10-08 12:55:41] - [ERROR] => Restarting Mongo server
[2024-10-08 12:55:42] - [ERROR] => MongoDB connection error => bad auth : Authentication failed.
[2024-10-08 12:55:44] - [ERROR] => Restarting Mongo server
[2024-10-08 12:55:46] - [ERROR] => MongoDB connection error => bad auth : Authentication failed.
[2024-10-08 12:55:48] - [ERROR] => Restarting Mongo server
[2024-10-08 12:55:50] - [ERROR] => MongoDB connection error => bad auth : Authentication failed.
[2024-10-08 12:55:52] - [ERROR] => Restarting Mongo server
[2024-10-08 12:55:54] - [ERROR] => MongoDB connection error => bad auth : Authentication failed.
[2024-10-08 12:55:56] - [ERROR] => Restarting Mongo server
[2024-10-08 12:55:58] - [ERROR] => MongoDB connection error => bad auth : Authentication failed.
[2024-10-08 12:56:00] - [ERROR] => Restarting Mongo server
[2024-10-08 12:56:02] - [ERROR] => MongoDB connection error => bad auth : Authentication failed.
[2024-10-08 12:56:04] - [ERROR] => Restarting Mongo server
[2024-10-08 12:56:06] - [ERROR] => MongoDB connection error => bad auth : Authentication failed.
[2024-10-08 12:56:08] - [ERROR] => Restarting Mongo server
[2024-10-08 12:56:10] - [ERROR] => MongoDB connection error => bad auth : Authentication failed.
[2024-10-08 12:56:12] - [ERROR] => Restarting Mongo server
[2024-10-08 12:56:13] - [ERROR] => MongoDB connection error => bad auth : Authentication failed.
[2024-10-08 12:56:15] - [ERROR] => Restarting Mongo server
[2024-10-08 12:56:17] - [ERROR] => MongoDB connection error => bad auth : Authentication failed.
[2024-10-08 12:56:19] - [ERROR] => Restarting Mongo server
[2024-10-08 12:56:21] - [ERROR] => MongoDB connection error => bad auth : Authentication failed.
[2024-10-08 12:56:23] - [ERROR] => Restarting Mongo server
[2024-10-08 12:56:25] - [ERROR] => MongoDB connection error => bad auth : Authentication failed.
[2024-10-08 12:56:27] - [ERROR] => Restarting Mongo server
[2024-10-08 12:56:29] - [ERROR] => MongoDB connection error => bad auth : Authentication failed.
[2024-10-08 12:56:31] - [ERROR] => Restarting Mongo server
[2024-10-08 12:56:33] - [ERROR] => MongoDB connection error => bad auth : Authentication failed.
[2024-10-08 12:56:35] - [ERROR] => Restarting Mongo server
[2024-10-08 12:56:37] - [ERROR] => MongoDB connection error => bad auth : Authentication failed.
[2024-10-08 12:56:39] - [ERROR] => Restarting Mongo server
[2024-10-08 12:56:40] - [ERROR] => MongoDB connection error => bad auth : Authentication failed.
[2024-10-08 12:56:42] - [ERROR] => Restarting Mongo server
[2024-10-08 12:56:44] - [ERROR] => MongoDB connection error => bad auth : Authentication failed.
[2024-10-08 12:56:46] - [ERROR] => Restarting Mongo server
[2024-10-08 12:56:48] - [ERROR] => MongoDB connection error => bad auth : Authentication failed.
[2024-10-08 12:56:50] - [ERROR] => Restarting Mongo server
[2024-10-08 12:56:52] - [ERROR] => MongoDB connection error => bad auth : Authentication failed.
[2024-10-08 12:56:54] - [ERROR] => Restarting Mongo server
[2024-10-08 12:56:56] - [ERROR] => MongoDB connection error => bad auth : Authentication failed.
[2024-10-08 12:56:58] - [ERROR] => Restarting Mongo server
[2024-10-08 12:57:00] - [ERROR] => MongoDB connection error => bad auth : Authentication failed.
[2024-10-08 12:57:02] - [ERROR] => Restarting Mongo server
[2024-10-08 12:57:03] - [ERROR] => MongoDB connection error => bad auth : Authentication failed.
[2024-10-08 12:57:05] - [ERROR] => Restarting Mongo server
[2024-10-08 12:57:07] - [ERROR] => MongoDB connection error => bad auth : Authentication failed.
[2024-10-08 12:57:09] - [ERROR] => Restarting Mongo server
[2024-10-08 12:57:11] - [ERROR] => MongoDB connection error => bad auth : Authentication failed.
[2024-10-08 12:57:13] - [ERROR] => Restarting Mongo server
[2024-10-08 12:57:15] - [ERROR] => MongoDB connection error => bad auth : Authentication failed.
[2024-10-08 12:57:17] - [ERROR] => Restarting Mongo server
[2024-10-08 12:57:19] - [ERROR] => MongoDB connection error => bad auth : Authentication failed.
[2024-10-08 12:57:21] - [ERROR] => Restarting Mongo server
[2024-10-08 12:57:23] - [ERROR] => MongoDB connection error => bad auth : Authentication failed.
[2024-10-08 12:57:25] - [ERROR] => Restarting Mongo server
[2024-10-08 12:57:27] - [ERROR] => MongoDB connection error => bad auth : Authentication failed.
[2024-10-08 12:57:29] - [ERROR] => Restarting Mongo server
[2024-10-08 12:57:31] - [ERROR] => MongoDB connection error => bad auth : Authentication failed.
[2024-10-08 12:57:33] - [ERROR] => Restarting Mongo server
[2024-10-08 12:57:35] - [ERROR] => MongoDB connection error => bad auth : Authentication failed.
[2024-10-08 12:57:37] - [ERROR] => Restarting Mongo server
[2024-10-08 12:57:38] - [ERROR] => MongoDB connection error => bad auth : Authentication failed.
[2024-10-08 12:57:40] - [ERROR] => Restarting Mongo server
[2024-10-08 12:57:42] - [ERROR] => MongoDB connection error => bad auth : Authentication failed.
[2024-10-08 12:57:44] - [ERROR] => Restarting Mongo server
[2024-10-08 12:57:46] - [ERROR] => MongoDB connection error => bad auth : Authentication failed.
[2024-10-08 12:57:48] - [ERROR] => Restarting Mongo server
[2024-10-08 12:57:50] - [ERROR] => MongoDB connection error => bad auth : Authentication failed.
[2024-10-08 12:57:52] - [ERROR] => Restarting Mongo server
[2024-10-08 12:57:54] - [ERROR] => MongoDB connection error => bad auth : Authentication failed.
[2024-10-08 12:57:56] - [ERROR] => Restarting Mongo server
[2024-10-08 12:57:58] - [ERROR] => MongoDB connection error => bad auth : Authentication failed.
[2024-10-08 12:58:00] - [ERROR] => Restarting Mongo server
[2024-10-08 12:58:01] - [ERROR] => MongoDB connection error => bad auth : Authentication failed.
[2024-10-08 12:58:03] - [ERROR] => Restarting Mongo server
[2024-10-08 12:58:05] - [ERROR] => MongoDB connection error => bad auth : Authentication failed.
[2024-10-08 12:58:07] - [ERROR] => Restarting Mongo server
[2024-10-08 12:58:09] - [ERROR] => MongoDB connection error => bad auth : Authentication failed.
[2024-10-08 12:58:11] - [ERROR] => Restarting Mongo server
[2024-10-08 12:58:13] - [ERROR] => MongoDB connection error => bad auth : Authentication failed.
[2024-10-08 12:58:15] - [ERROR] => Restarting Mongo server
[2024-10-08 12:58:17] - [ERROR] => MongoDB connection error => bad auth : Authentication failed.
[2024-10-08 12:58:19] - [ERROR] => Restarting Mongo server
[2024-10-08 12:58:20] - [ERROR] => MongoDB connection error => bad auth : Authentication failed.
[2024-10-08 12:58:22] - [ERROR] => Restarting Mongo server
[2024-10-08 12:58:24] - [ERROR] => MongoDB connection error => bad auth : Authentication failed.
[2024-10-08 12:58:26] - [ERROR] => Restarting Mongo server
[2024-10-08 12:58:28] - [ERROR] => MongoDB connection error => bad auth : Authentication failed.
[2024-10-08 12:58:30] - [ERROR] => Restarting Mongo server
[2024-10-08 12:58:32] - [ERROR] => MongoDB connection error => bad auth : Authentication failed.
[2024-10-08 12:58:34] - [ERROR] => Restarting Mongo server
[2024-10-08 12:58:36] - [ERROR] => MongoDB connection error => bad auth : Authentication failed.
[2024-10-08 12:58:38] - [ERROR] => Restarting Mongo server
[2024-10-08 12:58:40] - [ERROR] => MongoDB connection error => bad auth : Authentication failed.
[2024-10-08 12:58:42] - [ERROR] => Restarting Mongo server
[2024-10-08 12:58:46] - [ERROR] => MongoDB connection error => bad auth : Authentication failed.
[2024-10-08 12:58:48] - [ERROR] => Restarting Mongo server
[2024-10-08 12:58:50] - [ERROR] => MongoDB connection error => bad auth : Authentication failed.
[2024-10-08 12:58:52] - [ERROR] => Restarting Mongo server
[2024-10-08 12:58:53] - [ERROR] => MongoDB connection error => bad auth : Authentication failed.
[2024-10-08 12:58:55] - [ERROR] => Restarting Mongo server
[2024-10-08 12:58:58] - [ERROR] => MongoDB connection error => bad auth : Authentication failed.
[2024-10-08 12:59:00] - [ERROR] => Restarting Mongo server
[2024-10-08 12:59:08] - [ERROR] => MongoDB connection error => bad auth : Authentication failed.
[2024-10-08 12:59:10] - [ERROR] => Restarting Mongo server
[2024-10-08 12:59:11] - [ERROR] => MongoDB connection error => bad auth : Authentication failed.
[2024-10-08 12:59:13] - [ERROR] => Restarting Mongo server
[2024-10-08 12:59:15] - [ERROR] => MongoDB connection error => bad auth : Authentication failed.
[2024-10-08 12:59:17] - [ERROR] => Restarting Mongo server
[2024-10-08 12:59:19] - [ERROR] => MongoDB connection error => bad auth : Authentication failed.
[2024-10-08 12:59:21] - [ERROR] => Restarting Mongo server
[2024-10-08 12:59:23] - [ERROR] => MongoDB connection error => bad auth : Authentication failed.
[2024-10-08 12:59:25] - [ERROR] => Restarting Mongo server
[2024-10-08 12:59:27] - [ERROR] => MongoDB connection error => bad auth : Authentication failed.
[2024-10-08 12:59:29] - [ERROR] => Restarting Mongo server
[2024-10-08 12:59:31] - [ERROR] => MongoDB connection error => bad auth : Authentication failed.
[2024-10-08 12:59:33] - [ERROR] => Restarting Mongo server
[2024-10-08 12:59:35] - [ERROR] => MongoDB connection error => bad auth : Authentication failed.
[2024-10-08 12:59:37] - [ERROR] => Restarting Mongo server
[2024-10-08 12:59:39] - [ERROR] => MongoDB connection error => bad auth : Authentication failed.
[2024-10-08 12:59:41] - [ERROR] => Restarting Mongo server
[2024-10-08 12:59:43] - [ERROR] => MongoDB connection error => bad auth : Authentication failed.
[2024-10-08 12:59:45] - [ERROR] => Restarting Mongo server
[2024-10-08 12:59:47] - [ERROR] => MongoDB connection error => bad auth : Authentication failed.
[2024-10-08 12:59:49] - [ERROR] => Restarting Mongo server
[2024-10-08 12:59:51] - [ERROR] => MongoDB connection error => bad auth : Authentication failed.
[2024-10-08 12:59:53] - [ERROR] => Restarting Mongo server
[2024-10-08 12:59:55] - [ERROR] => MongoDB connection error => bad auth : Authentication failed.
[2024-10-08 12:59:57] - [ERROR] => Restarting Mongo server
[2024-10-08 12:59:59] - [ERROR] => MongoDB connection error => bad auth : Authentication failed.
[2024-10-08 13:00:01] - [ERROR] => Restarting Mongo server
[2024-10-08 13:00:03] - [ERROR] => MongoDB connection error => bad auth : Authentication failed.
[2024-10-08 13:00:05] - [ERROR] => Restarting Mongo server
[2024-10-08 13:00:07] - [ERROR] => MongoDB connection error => bad auth : Authentication failed.
[2024-10-08 13:00:09] - [ERROR] => Restarting Mongo server
[2024-10-08 13:00:10] - [ERROR] => MongoDB connection error => bad auth : Authentication failed.
[2024-10-08 13:00:12] - [ERROR] => Restarting Mongo server
[2024-10-08 13:00:14] - [ERROR] => MongoDB connection error => bad auth : Authentication failed.
[2024-10-08 13:00:16] - [ERROR] => Restarting Mongo server
[2024-10-08 13:00:18] - [ERROR] => MongoDB connection error => bad auth : Authentication failed.
[2024-10-08 13:00:20] - [ERROR] => Restarting Mongo server
[2024-10-08 13:00:22] - [ERROR] => MongoDB connection error => bad auth : Authentication failed.
[2024-10-08 13:00:24] - [ERROR] => Restarting Mongo server
[2024-10-08 13:00:26] - [ERROR] => MongoDB connection error => bad auth : Authentication failed.
[2024-10-08 13:00:28] - [ERROR] => Restarting Mongo server
[2024-10-08 13:00:30] - [ERROR] => MongoDB connection error => bad auth : Authentication failed.
[2024-10-08 13:00:32] - [ERROR] => Restarting Mongo server
[2024-10-08 13:00:34] - [ERROR] => MongoDB connection error => bad auth : Authentication failed.
[2024-10-08 13:00:36] - [ERROR] => Restarting Mongo server
[2024-10-08 13:00:38] - [ERROR] => MongoDB connection error => bad auth : Authentication failed.
[2024-10-08 13:00:40] - [ERROR] => Restarting Mongo server
[2024-10-08 13:00:42] - [ERROR] => MongoDB connection error => bad auth : Authentication failed.
[2024-10-08 13:00:44] - [ERROR] => Restarting Mongo server
[2024-10-08 13:00:46] - [ERROR] => MongoDB connection error => bad auth : Authentication failed.
[2024-10-08 13:00:48] - [ERROR] => Restarting Mongo server
[2024-10-08 13:00:50] - [ERROR] => MongoDB connection error => bad auth : Authentication failed.
[2024-10-08 13:00:52] - [ERROR] => Restarting Mongo server
[2024-10-08 13:00:53] - [ERROR] => MongoDB connection error => bad auth : Authentication failed.
[2024-10-08 13:00:55] - [ERROR] => Restarting Mongo server
[2024-10-08 13:00:57] - [ERROR] => MongoDB connection error => bad auth : Authentication failed.
[2024-10-08 13:00:59] - [ERROR] => Restarting Mongo server
[2024-10-08 13:01:01] - [ERROR] => MongoDB connection error => bad auth : Authentication failed.
[2024-10-08 13:01:03] - [ERROR] => Restarting Mongo server
[2024-10-08 13:01:05] - [ERROR] => MongoDB connection error => bad auth : Authentication failed.
[2024-10-08 13:01:07] - [ERROR] => Restarting Mongo server
[2024-10-08 13:01:09] - [ERROR] => MongoDB connection error => bad auth : Authentication failed.
[2024-10-08 13:01:11] - [ERROR] => Restarting Mongo server
[2024-10-08 13:01:12] - [ERROR] => MongoDB connection error => bad auth : Authentication failed.
[2024-10-08 13:01:14] - [ERROR] => Restarting Mongo server
[2024-10-08 13:01:16] - [ERROR] => MongoDB connection error => bad auth : Authentication failed.
[2024-10-08 13:01:18] - [ERROR] => Restarting Mongo server
[2024-10-08 13:01:20] - [ERROR] => MongoDB connection error => bad auth : Authentication failed.
[2024-10-08 13:01:22] - [ERROR] => Restarting Mongo server
[2024-10-08 13:01:24] - [ERROR] => MongoDB connection error => bad auth : Authentication failed.
[2024-10-08 13:01:26] - [ERROR] => Restarting Mongo server
[2024-10-08 13:01:28] - [ERROR] => MongoDB connection error => bad auth : Authentication failed.
[2024-10-08 13:01:30] - [ERROR] => Restarting Mongo server
[2024-10-08 13:01:32] - [ERROR] => MongoDB connection error => bad auth : Authentication failed.
[2024-10-08 13:01:34] - [ERROR] => Restarting Mongo server
[2024-10-08 13:01:36] - [ERROR] => MongoDB connection error => bad auth : Authentication failed.
[2024-10-08 13:01:38] - [ERROR] => Restarting Mongo server
[2024-10-08 13:01:40] - [ERROR] => MongoDB connection error => bad auth : Authentication failed.
[2024-10-08 13:01:42] - [ERROR] => Restarting Mongo server
[2024-10-08 13:01:43] - [ERROR] => MongoDB connection error => bad auth : Authentication failed.
[2024-10-08 13:01:45] - [ERROR] => Restarting Mongo server
[2024-10-08 13:01:47] - [ERROR] => MongoDB connection error => bad auth : Authentication failed.
[2024-10-08 13:01:49] - [ERROR] => Restarting Mongo server
[2024-10-08 13:01:51] - [ERROR] => MongoDB connection error => bad auth : Authentication failed.
[2024-10-08 13:01:53] - [ERROR] => Restarting Mongo server
[2024-10-08 13:01:55] - [ERROR] => MongoDB connection error => bad auth : Authentication failed.
[2024-10-08 13:01:57] - [ERROR] => Restarting Mongo server
[2024-10-08 13:01:59] - [ERROR] => MongoDB connection error => bad auth : Authentication failed.
[2024-10-08 13:02:01] - [ERROR] => Restarting Mongo server
[2024-10-08 13:02:03] - [ERROR] => MongoDB connection error => bad auth : Authentication failed.
[2024-10-08 13:02:05] - [ERROR] => Restarting Mongo server
[2024-10-08 13:02:06] - [ERROR] => MongoDB connection error => bad auth : Authentication failed.
[2024-10-08 13:02:08] - [ERROR] => Restarting Mongo server
[2024-10-08 13:02:10] - [ERROR] => MongoDB connection error => bad auth : Authentication failed.
[2024-10-08 13:02:12] - [ERROR] => Restarting Mongo server
[2024-10-08 13:02:14] - [ERROR] => MongoDB connection error => bad auth : Authentication failed.
[2024-10-08 13:02:16] - [ERROR] => Restarting Mongo server
[2024-10-08 13:02:18] - [ERROR] => MongoDB connection error => bad auth : Authentication failed.
[2024-10-08 13:02:20] - [ERROR] => Restarting Mongo server
[2024-10-08 13:02:22] - [ERROR] => MongoDB connection error => bad auth : Authentication failed.
[2024-10-08 13:02:24] - [ERROR] => Restarting Mongo server
[2024-10-08 13:02:25] - [ERROR] => MongoDB connection error => bad auth : Authentication failed.
[2024-10-08 13:02:27] - [ERROR] => Restarting Mongo server
[2024-10-08 13:02:29] - [ERROR] => MongoDB connection error => bad auth : Authentication failed.
[2024-10-08 13:02:31] - [ERROR] => Restarting Mongo server
[2024-10-08 13:02:33] - [ERROR] => MongoDB connection error => bad auth : Authentication failed.
[2024-10-08 13:02:35] - [ERROR] => Restarting Mongo server
[2024-10-08 13:02:37] - [ERROR] => MongoDB connection error => bad auth : Authentication failed.
[2024-10-08 13:02:39] - [ERROR] => Restarting Mongo server
[2024-10-08 13:02:41] - [ERROR] => MongoDB connection error => bad auth : Authentication failed.
[2024-10-08 13:02:43] - [ERROR] => Restarting Mongo server
[2024-10-08 13:02:45] - [ERROR] => MongoDB connection error => bad auth : Authentication failed.
[2024-10-08 13:02:47] - [ERROR] => Restarting Mongo server
[2024-10-08 13:02:49] - [ERROR] => MongoDB connection error => bad auth : Authentication failed.
[2024-10-08 13:02:51] - [ERROR] => Restarting Mongo server
[2024-10-08 13:02:53] - [ERROR] => MongoDB connection error => bad auth : Authentication failed.
[2024-10-08 13:02:55] - [ERROR] => Restarting Mongo server
[2024-10-08 13:02:57] - [ERROR] => MongoDB connection error => bad auth : Authentication failed.
[2024-10-08 13:02:59] - [ERROR] => Restarting Mongo server
[2024-10-08 13:03:00] - [ERROR] => MongoDB connection error => bad auth : Authentication failed.
[2024-10-08 13:03:02] - [ERROR] => Restarting Mongo server
[2024-10-08 13:03:04] - [ERROR] => MongoDB connection error => bad auth : Authentication failed.
[2024-10-08 13:03:06] - [ERROR] => Restarting Mongo server
[2024-10-08 13:03:08] - [ERROR] => MongoDB connection error => bad auth : Authentication failed.
[2024-10-08 13:03:10] - [ERROR] => Restarting Mongo server
[2024-10-08 13:03:12] - [ERROR] => MongoDB connection error => bad auth : Authentication failed.
[2024-10-08 13:03:14] - [ERROR] => Restarting Mongo server
[2024-10-08 13:03:16] - [ERROR] => MongoDB connection error => bad auth : Authentication failed.
[2024-10-08 13:03:18] - [ERROR] => Restarting Mongo server
[2024-10-08 13:03:19] - [ERROR] => MongoDB connection error => bad auth : Authentication failed.
[2024-10-08 13:13:25] - [ERROR] => Unauthorized request!
[2024-10-08 13:18:54] - [ERROR] => Unauthorized request!
[2024-10-09 08:56:32] - [ERROR] => Bad request!
[2024-10-09 09:17:54] - [ERROR] => Payload conflicts with existing data
[2024-10-09 09:18:04] - [ERROR] => Payload conflicts with existing data
[2024-10-09 09:19:38] - [ERROR] => Unauthorized request!
[2024-10-09 09:24:21] - [ERROR] => Unauthorized request!
[2024-10-11 16:40:52] - [ERROR] => API path not found!
[2024-10-11 16:42:52] - [ERROR] => Unauthorized request!
[2024-10-11 16:44:16] - [ERROR] => Unauthorized request!
[2024-10-11 16:44:21] - [ERROR] => Unauthorized request!
[2024-10-11 16:44:22] - [ERROR] => Unauthorized request!
[2024-10-11 16:44:30] - [ERROR] => Unauthorized request!
[2024-10-11 16:45:39] - [ERROR] => Unauthorized request!
[2024-10-11 16:46:58] - [ERROR] => Unauthorized request!
[2024-10-11 16:53:45] - [ERROR] => Unauthorized request!
[2024-10-11 17:52:59] - [ERROR] => getaddrinfo ENOTFOUND testcluster-shard-00-02.urrgt.mongodb.net
[2024-10-11 17:52:59] - [ERROR] => Unauthorized request!
[2024-10-11 17:54:11] - [ERROR] => getaddrinfo ENOTFOUND testcluster-shard-00-02.urrgt.mongodb.net
[2024-10-11 17:54:11] - [ERROR] => Unauthorized request!
[2024-10-11 17:57:12] - [ERROR] => getaddrinfo ENOTFOUND testcluster-shard-00-02.urrgt.mongodb.net
[2024-10-11 17:57:12] - [ERROR] => Unauthorized request!
[2024-10-11 17:57:51] - [ERROR] => getaddrinfo ENOTFOUND testcluster-shard-00-02.urrgt.mongodb.net
[2024-10-11 17:57:51] - [ERROR] => Unauthorized request!
[2024-10-11 17:58:44] - [ERROR] => getaddrinfo ENOTFOUND testcluster-shard-00-02.urrgt.mongodb.net
[2024-10-11 17:58:44] - [ERROR] => Unauthorized request!
[2024-10-11 18:00:45] - [ERROR] => getaddrinfo ENOTFOUND testcluster-shard-00-02.urrgt.mongodb.net
[2024-10-11 18:00:45] - [ERROR] => Unauthorized request!
[2024-10-11 18:02:18] - [ERROR] => getaddrinfo ENOTFOUND testcluster-shard-00-02.urrgt.mongodb.net
[2024-10-11 18:02:19] - [ERROR] => Unauthorized request!
[2024-10-11 22:24:36] - [ERROR] => Unauthorized request!
[2024-10-11 22:28:04] - [ERROR] => Unauthorized request!
[2024-10-11 22:35:08] - [ERROR] => Unauthorized request!
[2024-10-11 22:36:00] - [ERROR] => Unauthorized request!
[2024-10-11 22:36:18] - [ERROR] => Unauthorized request!
[2024-10-11 22:40:44] - [ERROR] => Unauthorized request!
[2024-10-12 00:04:45] - [ERROR] => Unauthorized request!
[2024-10-12 00:04:51] - [ERROR] => Unauthorized request!
[2024-10-12 00:04:55] - [ERROR] => Unauthorized request!
[2024-10-12 00:05:01] - [ERROR] => Unauthorized request!
[2024-10-12 00:05:07] - [ERROR] => Unauthorized request!
[2024-10-12 00:05:45] - [ERROR] => Unauthorized request!
[2024-10-12 00:05:59] - [ERROR] => Unauthorized request!
[2024-10-12 00:06:34] - [ERROR] => Unauthorized request!
[2024-10-12 00:06:39] - [ERROR] => Unauthorized request!
[2024-10-12 00:06:48] - [ERROR] => Unauthorized request!
[2024-10-12 00:06:54] - [ERROR] => Unauthorized request!
[2024-10-12 00:06:59] - [ERROR] => Unauthorized request!
[2024-10-12 00:07:27] - [ERROR] => Unauthorized request!
[2024-10-12 00:07:32] - [ERROR] => Unauthorized request!
[2024-10-12 00:07:37] - [ERROR] => Unauthorized request!
[2024-10-12 00:08:15] - [ERROR] => Unauthorized request!
[2024-10-12 00:08:46] - [ERROR] => Unauthorized request!
[2024-10-12 00:08:55] - [ERROR] => Unauthorized request!
[2024-10-12 00:09:03] - [ERROR] => Unauthorized request!
[2024-10-12 04:21:55] - [ERROR] => Unauthorized request!
[2024-10-12 05:01:11] - [ERROR] => Payload conflicts with existing data
[2024-10-12 05:01:27] - [ERROR] => Payload conflicts with existing data
[2024-10-12 05:01:33] - [ERROR] => Payload conflicts with existing data
[2024-10-12 05:02:45] - [ERROR] => Payload conflicts with existing data
[2024-10-12 05:03:12] - [ERROR] => Payload conflicts with existing data
[2024-10-12 05:03:18] - [ERROR] => Payload conflicts with existing data
[2024-10-12 05:03:36] - [ERROR] => Payload conflicts with existing data
[2024-10-12 05:04:30] - [ERROR] => Payload conflicts with existing data
[2024-10-12 05:04:53] - [ERROR] => Payload conflicts with existing data
[2024-10-12 05:06:08] - [ERROR] => Payload conflicts with existing data
[2024-10-12 05:06:34] - [ERROR] => Payload conflicts with existing data
[2024-10-12 05:06:47] - [ERROR] => Payload conflicts with existing data
[2024-10-12 05:06:58] - [ERROR] => Payload conflicts with existing data
[2024-10-12 05:07:17] - [ERROR] => Payload conflicts with existing data
[2024-10-12 05:08:05] - [ERROR] => Payload conflicts with existing data
[2024-10-12 07:06:42] - [ERROR] => Unauthorized request!
[2024-10-13 09:41:26] - [ERROR] => Unauthorized request!
[2024-10-13 11:28:23] - [ERROR] => Unauthorized request!
[2024-10-13 11:28:31] - [ERROR] => Unauthorized request!
[2024-10-13 11:28:39] - [ERROR] => Unauthorized request!
[2024-10-13 11:29:15] - [ERROR] => Unauthorized request!
[2024-10-13 11:29:16] - [ERROR] => Unauthorized request!
[2024-10-13 11:38:00] - [ERROR] => Unauthorized request!
[2024-10-13 12:01:28] - [ERROR] => Unauthorized request!
[2024-10-13 12:01:42] - [ERROR] => Unauthorized request!
[2024-10-13 12:06:34] - [ERROR] => Unauthorized request!
[2024-10-13 12:06:35] - [ERROR] => Unauthorized request!
[2024-10-13 12:06:42] - [ERROR] => Unauthorized request!
[2024-10-13 12:06:44] - [ERROR] => Unauthorized request!
[2024-10-13 12:08:32] - [ERROR] => Unauthorized request!
[2024-10-13 12:14:08] - [ERROR] => Unauthorized request!
[2024-10-13 12:14:11] - [ERROR] => Unauthorized request!
[2024-10-13 12:24:07] - [ERROR] => Unauthorized request!
[2024-10-13 12:30:39] - [ERROR] => Unauthorized request!
[2024-10-13 15:22:26] - [ERROR] => Unauthorized request!
[2024-10-13 15:23:28] - [ERROR] => Unauthorized request!
[2024-10-13 15:33:49] - [ERROR] => Unauthorized request!
[2024-10-13 15:35:36] - [ERROR] => Unauthorized request!
[2024-10-13 15:35:41] - [ERROR] => Unauthorized request!
[2024-10-13 15:35:45] - [ERROR] => Unauthorized request!
[2024-10-14 05:47:45] - [ERROR] => MongoDB connection error => querySrv ECONNREFUSED _mongodb._tcp.testcluster.urrgt.mongodb.net
[2024-10-14 05:47:47] - [ERROR] => Restarting Mongo server
[2024-10-14 05:47:47] - [ERROR] => MongoDB connection error => querySrv ECONNREFUSED _mongodb._tcp.testcluster.urrgt.mongodb.net
[2024-10-14 05:47:49] - [ERROR] => Restarting Mongo server
[2024-10-14 05:47:49] - [ERROR] => MongoDB connection error => querySrv ECONNREFUSED _mongodb._tcp.testcluster.urrgt.mongodb.net
[2024-10-14 05:47:51] - [ERROR] => Restarting Mongo server
[2024-10-14 05:47:51] - [ERROR] => MongoDB connection error => querySrv ECONNREFUSED _mongodb._tcp.testcluster.urrgt.mongodb.net
[2024-10-14 05:47:53] - [ERROR] => Restarting Mongo server
[2024-10-14 05:47:53] - [ERROR] => MongoDB connection error => querySrv ECONNREFUSED _mongodb._tcp.testcluster.urrgt.mongodb.net
[2024-10-14 05:47:55] - [ERROR] => Restarting Mongo server
[2024-10-14 05:47:55] - [ERROR] => MongoDB connection error => querySrv ECONNREFUSED _mongodb._tcp.testcluster.urrgt.mongodb.net
[2024-10-14 05:47:57] - [ERROR] => Restarting Mongo server
[2024-10-14 05:47:57] - [ERROR] => MongoDB connection error => querySrv ECONNREFUSED _mongodb._tcp.testcluster.urrgt.mongodb.net
[2024-10-14 05:47:59] - [ERROR] => Restarting Mongo server
[2024-10-14 05:47:59] - [ERROR] => MongoDB connection error => querySrv ECONNREFUSED _mongodb._tcp.testcluster.urrgt.mongodb.net
[2024-10-14 05:48:01] - [ERROR] => Restarting Mongo server
[2024-10-14 05:48:01] - [ERROR] => MongoDB connection error => querySrv ECONNREFUSED _mongodb._tcp.testcluster.urrgt.mongodb.net
[2024-10-14 05:48:03] - [ERROR] => Restarting Mongo server
[2024-10-14 17:29:12] - [ERROR] => Unauthorized request!
[2024-10-14 17:29:31] - [ERROR] => Bad request!
[2024-10-14 17:41:14] - [ERROR] => Bad request!
[2024-10-14 17:56:16] - [ERROR] => Bad request!
[2024-10-14 17:57:28] - [ERROR] => Bad request!
[2024-10-14 17:57:43] - [ERROR] => Bad request!
[2024-10-14 17:57:53] - [ERROR] => Bad request!
[2024-10-14 18:05:33] - [ERROR] => Request body is not processable!
[2024-10-14 18:42:40] - [ERROR] => jwt expired
[2024-10-14 18:42:40] - [ERROR] => jwt expired
[2024-10-14 18:45:48] - [ERROR] => Unauthorized request!
[2024-10-14 18:45:48] - [ERROR] => Unauthorized request!
[2024-10-14 18:46:01] - [ERROR] => Unauthorized request!
[2024-10-14 18:46:02] - [ERROR] => Unauthorized request!
[2024-10-14 18:46:18] - [ERROR] => Unauthorized request!
[2024-10-14 18:46:18] - [ERROR] => Unauthorized request!
[2024-10-14 18:54:05] - [ERROR] => Unauthorized request!
[2024-10-14 18:54:05] - [ERROR] => Unauthorized request!
[2024-10-14 18:54:17] - [ERROR] => Unauthorized request!
[2024-10-14 18:54:18] - [ERROR] => Unauthorized request!
[2024-10-14 19:05:49] - [ERROR] => Unauthorized request!
[2024-10-14 19:05:49] - [ERROR] => Unauthorized request!
[2024-10-14 19:06:44] - [ERROR] => Unauthorized request!
[2024-10-14 19:06:44] - [ERROR] => Unauthorized request!
[2024-10-14 19:07:12] - [ERROR] => Unauthorized request!
[2024-10-14 19:14:17] - [ERROR] => Unauthorized request!
[2024-10-14 19:49:19] - [ERROR] => Unauthorized request!
[2024-10-15 12:53:17] - [ERROR] => API method not allowed!
[2024-10-20 13:28:28] - [ERROR] => connection timed out
[2024-10-20 13:28:28] - [ERROR] => Unauthorized request!
[2024-10-20 13:29:30] - [ERROR] => connection timed out
[2024-10-20 13:29:30] - [ERROR] => Unauthorized request!
[2024-10-20 13:30:02] - [ERROR] => connection timed out
[2024-10-20 13:30:02] - [ERROR] => Unauthorized request!
[2024-10-20 13:30:59] - [ERROR] => MongoDB connection error => Could not connect to any servers in your MongoDB Atlas cluster. One common reason is that you're trying to access the database from an IP that isn't whitelisted. Make sure your current IP address is on your Atlas cluster's IP whitelist: https://www.mongodb.com/docs/atlas/security-whitelist/
[2024-10-20 13:31:01] - [ERROR] => Restarting Mongo server
[2024-10-20 13:31:31] - [ERROR] => MongoDB connection error => Could not connect to any servers in your MongoDB Atlas cluster. One common reason is that you're trying to access the database from an IP that isn't whitelisted. Make sure your current IP address is on your Atlas cluster's IP whitelist: https://www.mongodb.com/docs/atlas/security-whitelist/
[2024-10-20 13:31:33] - [ERROR] => Restarting Mongo server
[2024-10-20 13:32:03] - [ERROR] => MongoDB connection error => Could not connect to any servers in your MongoDB Atlas cluster. One common reason is that you're trying to access the database from an IP that isn't whitelisted. Make sure your current IP address is on your Atlas cluster's IP whitelist: https://www.mongodb.com/docs/atlas/security-whitelist/
[2024-10-20 13:32:05] - [ERROR] => Restarting Mongo server
[2024-10-20 13:32:35] - [ERROR] => MongoDB connection error => Could not connect to any servers in your MongoDB Atlas cluster. One common reason is that you're trying to access the database from an IP that isn't whitelisted. Make sure your current IP address is on your Atlas cluster's IP whitelist: https://www.mongodb.com/docs/atlas/security-whitelist/
[2024-10-20 13:32:37] - [ERROR] => Restarting Mongo server
[2024-10-20 13:33:07] - [ERROR] => MongoDB connection error => Could not connect to any servers in your MongoDB Atlas cluster. One common reason is that you're trying to access the database from an IP that isn't whitelisted. Make sure your current IP address is on your Atlas cluster's IP whitelist: https://www.mongodb.com/docs/atlas/security-whitelist/
[2024-10-20 13:33:09] - [ERROR] => Restarting Mongo server
[2024-10-20 13:33:39] - [ERROR] => MongoDB connection error => Could not connect to any servers in your MongoDB Atlas cluster. One common reason is that you're trying to access the database from an IP that isn't whitelisted. Make sure your current IP address is on your Atlas cluster's IP whitelist: https://www.mongodb.com/docs/atlas/security-whitelist/
[2024-10-20 13:33:41] - [ERROR] => Restarting Mongo server
[2024-10-20 13:34:11] - [ERROR] => MongoDB connection error => Could not connect to any servers in your MongoDB Atlas cluster. One common reason is that you're trying to access the database from an IP that isn't whitelisted. Make sure your current IP address is on your Atlas cluster's IP whitelist: https://www.mongodb.com/docs/atlas/security-whitelist/
[2024-10-20 13:34:13] - [ERROR] => Restarting Mongo server
[2024-10-20 13:34:44] - [ERROR] => MongoDB connection error => Could not connect to any servers in your MongoDB Atlas cluster. One common reason is that you're trying to access the database from an IP that isn't whitelisted. Make sure your current IP address is on your Atlas cluster's IP whitelist: https://www.mongodb.com/docs/atlas/security-whitelist/
[2024-10-20 13:34:46] - [ERROR] => Restarting Mongo server
[2024-10-20 13:35:16] - [ERROR] => MongoDB connection error => Could not connect to any servers in your MongoDB Atlas cluster. One common reason is that you're trying to access the database from an IP that isn't whitelisted. Make sure your current IP address is on your Atlas cluster's IP whitelist: https://www.mongodb.com/docs/atlas/security-whitelist/
[2024-10-20 13:35:18] - [ERROR] => Restarting Mongo server
[2024-10-20 13:35:18] - [ERROR] => MongoDB connection error => querySrv ECONNREFUSED _mongodb._tcp.testcluster.urrgt.mongodb.net
[2024-10-20 13:35:20] - [ERROR] => Restarting Mongo server
[2024-10-20 13:35:20] - [ERROR] => MongoDB connection error => querySrv ECONNREFUSED _mongodb._tcp.testcluster.urrgt.mongodb.net
[2024-10-20 13:35:22] - [ERROR] => Restarting Mongo server
[2024-10-20 13:35:22] - [ERROR] => MongoDB connection error => querySrv ECONNREFUSED _mongodb._tcp.testcluster.urrgt.mongodb.net
[2024-10-20 13:35:24] - [ERROR] => Restarting Mongo server
[2024-10-20 13:35:24] - [ERROR] => MongoDB connection error => querySrv ECONNREFUSED _mongodb._tcp.testcluster.urrgt.mongodb.net
[2024-10-20 13:35:26] - [ERROR] => Restarting Mongo server
[2024-10-20 13:35:26] - [ERROR] => MongoDB connection error => querySrv ECONNREFUSED _mongodb._tcp.testcluster.urrgt.mongodb.net
[2024-10-20 13:35:28] - [ERROR] => Restarting Mongo server
[2024-10-20 13:35:28] - [ERROR] => MongoDB connection error => querySrv ECONNREFUSED _mongodb._tcp.testcluster.urrgt.mongodb.net
[2024-10-20 13:35:30] - [ERROR] => Restarting Mongo server
[2024-10-20 13:35:30] - [ERROR] => MongoDB connection error => querySrv ECONNREFUSED _mongodb._tcp.testcluster.urrgt.mongodb.net
[2024-10-20 13:35:32] - [ERROR] => Restarting Mongo server
[2024-10-20 13:35:32] - [ERROR] => MongoDB connection error => querySrv ECONNREFUSED _mongodb._tcp.testcluster.urrgt.mongodb.net
[2024-10-20 13:35:34] - [ERROR] => Restarting Mongo server
[2024-10-20 13:35:34] - [ERROR] => MongoDB connection error => querySrv ECONNREFUSED _mongodb._tcp.testcluster.urrgt.mongodb.net
[2024-10-20 13:35:36] - [ERROR] => Restarting Mongo server
[2024-10-20 13:35:36] - [ERROR] => MongoDB connection error => querySrv ECONNREFUSED _mongodb._tcp.testcluster.urrgt.mongodb.net
[2024-10-20 13:35:38] - [ERROR] => Restarting Mongo server
[2024-10-20 13:35:38] - [ERROR] => MongoDB connection error => querySrv ECONNREFUSED _mongodb._tcp.testcluster.urrgt.mongodb.net
[2024-10-20 13:35:40] - [ERROR] => Restarting Mongo server
[2024-10-20 13:35:40] - [ERROR] => MongoDB connection error => querySrv ECONNREFUSED _mongodb._tcp.testcluster.urrgt.mongodb.net
[2024-10-20 13:35:42] - [ERROR] => Restarting Mongo server
[2024-10-20 13:35:42] - [ERROR] => MongoDB connection error => querySrv ECONNREFUSED _mongodb._tcp.testcluster.urrgt.mongodb.net
[2024-10-20 13:35:44] - [ERROR] => Restarting Mongo server
[2024-10-20 13:35:44] - [ERROR] => MongoDB connection error => querySrv ECONNREFUSED _mongodb._tcp.testcluster.urrgt.mongodb.net
[2024-10-20 13:35:46] - [ERROR] => Restarting Mongo server
[2024-10-20 13:35:46] - [ERROR] => MongoDB connection error => querySrv ECONNREFUSED _mongodb._tcp.testcluster.urrgt.mongodb.net
[2024-10-20 13:35:48] - [ERROR] => Restarting Mongo server
[2024-10-20 13:35:48] - [ERROR] => MongoDB connection error => querySrv ECONNREFUSED _mongodb._tcp.testcluster.urrgt.mongodb.net
[2024-10-20 13:35:50] - [ERROR] => Restarting Mongo server
[2024-10-20 13:35:50] - [ERROR] => MongoDB connection error => querySrv ECONNREFUSED _mongodb._tcp.testcluster.urrgt.mongodb.net
[2024-10-20 13:35:52] - [ERROR] => Restarting Mongo server
[2024-10-20 13:35:52] - [ERROR] => MongoDB connection error => querySrv ECONNREFUSED _mongodb._tcp.testcluster.urrgt.mongodb.net
[2024-10-20 13:35:54] - [ERROR] => Restarting Mongo server
[2024-10-20 13:35:54] - [ERROR] => MongoDB connection error => querySrv ECONNREFUSED _mongodb._tcp.testcluster.urrgt.mongodb.net
[2024-10-20 13:35:56] - [ERROR] => Restarting Mongo server
[2024-10-20 13:35:56] - [ERROR] => MongoDB connection error => querySrv ECONNREFUSED _mongodb._tcp.testcluster.urrgt.mongodb.net
[2024-10-20 13:35:58] - [ERROR] => Restarting Mongo server
[2024-10-20 13:35:58] - [ERROR] => MongoDB connection error => querySrv ECONNREFUSED _mongodb._tcp.testcluster.urrgt.mongodb.net
[2024-10-20 13:36:00] - [ERROR] => Restarting Mongo server
[2024-10-20 13:36:00] - [ERROR] => MongoDB connection error => querySrv ECONNREFUSED _mongodb._tcp.testcluster.urrgt.mongodb.net
[2024-10-20 13:36:02] - [ERROR] => Restarting Mongo server
[2024-10-20 13:36:02] - [ERROR] => MongoDB connection error => querySrv ECONNREFUSED _mongodb._tcp.testcluster.urrgt.mongodb.net
[2024-10-20 13:36:04] - [ERROR] => Restarting Mongo server
[2024-10-20 13:36:04] - [ERROR] => MongoDB connection error => querySrv ECONNREFUSED _mongodb._tcp.testcluster.urrgt.mongodb.net
[2024-10-20 13:36:06] - [ERROR] => Restarting Mongo server
[2024-10-20 13:36:06] - [ERROR] => MongoDB connection error => querySrv ECONNREFUSED _mongodb._tcp.testcluster.urrgt.mongodb.net
[2024-10-20 13:36:08] - [ERROR] => Restarting Mongo server
[2024-10-20 13:36:08] - [ERROR] => MongoDB connection error => querySrv ECONNREFUSED _mongodb._tcp.testcluster.urrgt.mongodb.net
[2024-10-20 13:36:10] - [ERROR] => Restarting Mongo server
[2024-10-20 13:36:10] - [ERROR] => MongoDB connection error => querySrv ECONNREFUSED _mongodb._tcp.testcluster.urrgt.mongodb.net
[2024-10-20 13:36:12] - [ERROR] => Restarting Mongo server
[2024-10-20 13:36:12] - [ERROR] => MongoDB connection error => querySrv ECONNREFUSED _mongodb._tcp.testcluster.urrgt.mongodb.net
[2024-10-20 13:36:14] - [ERROR] => Restarting Mongo server
[2024-10-20 13:36:14] - [ERROR] => MongoDB connection error => querySrv ECONNREFUSED _mongodb._tcp.testcluster.urrgt.mongodb.net
[2024-10-20 13:36:16] - [ERROR] => Restarting Mongo server
[2024-10-20 13:36:16] - [ERROR] => MongoDB connection error => querySrv ECONNREFUSED _mongodb._tcp.testcluster.urrgt.mongodb.net
[2024-10-20 13:36:18] - [ERROR] => Restarting Mongo server
[2024-10-20 13:36:18] - [ERROR] => MongoDB connection error => querySrv ECONNREFUSED _mongodb._tcp.testcluster.urrgt.mongodb.net
[2024-10-20 13:36:20] - [ERROR] => Restarting Mongo server
[2024-10-20 13:36:20] - [ERROR] => MongoDB connection error => querySrv ECONNREFUSED _mongodb._tcp.testcluster.urrgt.mongodb.net
[2024-10-20 13:36:22] - [ERROR] => Restarting Mongo server
[2024-10-20 13:36:22] - [ERROR] => MongoDB connection error => querySrv ECONNREFUSED _mongodb._tcp.testcluster.urrgt.mongodb.net
[2024-10-20 13:36:24] - [ERROR] => Restarting Mongo server
[2024-10-20 13:36:24] - [ERROR] => MongoDB connection error => querySrv ECONNREFUSED _mongodb._tcp.testcluster.urrgt.mongodb.net
[2024-10-20 13:36:26] - [ERROR] => Restarting Mongo server
[2024-10-20 13:36:26] - [ERROR] => MongoDB connection error => querySrv ECONNREFUSED _mongodb._tcp.testcluster.urrgt.mongodb.net
[2024-10-20 13:36:28] - [ERROR] => Restarting Mongo server
[2024-10-20 13:36:28] - [ERROR] => MongoDB connection error => querySrv ECONNREFUSED _mongodb._tcp.testcluster.urrgt.mongodb.net
[2024-10-20 13:36:30] - [ERROR] => Restarting Mongo server
[2024-10-20 13:36:30] - [ERROR] => MongoDB connection error => querySrv ECONNREFUSED _mongodb._tcp.testcluster.urrgt.mongodb.net
[2024-10-20 13:36:32] - [ERROR] => Restarting Mongo server
[2024-10-20 13:36:32] - [ERROR] => MongoDB connection error => querySrv ECONNREFUSED _mongodb._tcp.testcluster.urrgt.mongodb.net
[2024-10-20 13:36:34] - [ERROR] => Restarting Mongo server
[2024-10-20 13:36:34] - [ERROR] => MongoDB connection error => querySrv ECONNREFUSED _mongodb._tcp.testcluster.urrgt.mongodb.net
[2024-10-20 13:36:36] - [ERROR] => Restarting Mongo server
[2024-10-20 13:36:36] - [ERROR] => MongoDB connection error => querySrv ECONNREFUSED _mongodb._tcp.testcluster.urrgt.mongodb.net
[2024-10-20 13:36:38] - [ERROR] => Restarting Mongo server
[2024-10-20 13:36:38] - [ERROR] => MongoDB connection error => querySrv ECONNREFUSED _mongodb._tcp.testcluster.urrgt.mongodb.net
[2024-10-20 13:36:40] - [ERROR] => Restarting Mongo server
[2024-10-20 13:36:40] - [ERROR] => MongoDB connection error => querySrv ECONNREFUSED _mongodb._tcp.testcluster.urrgt.mongodb.net
[2024-10-20 13:36:42] - [ERROR] => Restarting Mongo server
[2024-10-20 13:36:42] - [ERROR] => MongoDB connection error => querySrv ECONNREFUSED _mongodb._tcp.testcluster.urrgt.mongodb.net
[2024-10-20 13:36:44] - [ERROR] => Restarting Mongo server
[2024-10-20 13:36:44] - [ERROR] => MongoDB connection error => querySrv ECONNREFUSED _mongodb._tcp.testcluster.urrgt.mongodb.net
[2024-10-20 13:36:46] - [ERROR] => Restarting Mongo server
[2024-10-20 13:36:46] - [ERROR] => MongoDB connection error => querySrv ECONNREFUSED _mongodb._tcp.testcluster.urrgt.mongodb.net
[2024-10-20 13:36:48] - [ERROR] => Restarting Mongo server
[2024-10-20 13:36:48] - [ERROR] => MongoDB connection error => querySrv ECONNREFUSED _mongodb._tcp.testcluster.urrgt.mongodb.net
[2024-10-20 13:36:50] - [ERROR] => Restarting Mongo server
[2024-10-20 13:36:50] - [ERROR] => MongoDB connection error => querySrv ECONNREFUSED _mongodb._tcp.testcluster.urrgt.mongodb.net
[2024-10-20 13:36:52] - [ERROR] => Restarting Mongo server
[2024-10-20 13:36:52] - [ERROR] => MongoDB connection error => querySrv ECONNREFUSED _mongodb._tcp.testcluster.urrgt.mongodb.net
[2024-10-20 13:36:54] - [ERROR] => Restarting Mongo server
[2024-10-20 21:14:35] - [ERROR] => Request body is not processable!
[2024-11-04 17:44:35] - [ERROR] => Not allowed by CORS
[2024-11-04 17:44:35] - [ERROR] => Not allowed by CORS
[2024-11-04 17:45:37] - [ERROR] => Not allowed by CORS
[2024-11-04 17:46:05] - [ERROR] => Not allowed by CORS
[2024-11-04 17:46:05] - [ERROR] => Not allowed by CORS
[2024-11-04 17:46:19] - [ERROR] => Not allowed by CORS
[2024-11-09 00:41:49] - [ERROR] => Unauthorized request!
[2024-11-09 01:00:14] - [ERROR] => API path not found!
[2024-11-09 01:00:46] - [ERROR] => Unauthorized request!
[2024-11-11 06:59:48] - [ERROR] => API path not found!
[2024-11-11 07:00:02] - [ERROR] => API path not found!
[2024-11-14 07:46:24] - [ERROR] => Unauthorized request!
[2024-11-14 23:54:26] - [ERROR] => Unauthorized request!
[2024-11-15 00:08:52] - [ERROR] => Error sending email: Bad Request
[2024-11-15 00:12:47] - [ERROR] => Payload conflicts with existing data
[2024-11-15 00:13:34] - [ERROR] => Error sending email: Forbidden
[2025-01-12 00:23:11] - [ERROR] => MongoDB connection error => querySrv ESERVFAIL _mongodb._tcp.testcluster.urrgt.mongodb.net
[2025-01-12 00:23:13] - [ERROR] => Restarting Mongo server
[2025-01-12 00:23:13] - [ERROR] => MongoDB connection error => querySrv ESERVFAIL _mongodb._tcp.testcluster.urrgt.mongodb.net
[2025-01-12 00:23:15] - [ERROR] => Restarting Mongo server
[2025-01-12 03:22:47] - [ERROR] => RedisDB connection error => Error: connect ECONNREFUSED 127.0.0.1:6379
[2025-01-12 07:30:06] - [ERROR] => RedisDB connection error => Error: connect ECONNREFUSED 127.0.0.1:6379
[2025-01-14 04:30:43] - [ERROR] => RedisDB connection error => Error: getaddrinfo ENOTFOUND redis
[2025-01-14 07:41:34] - [ERROR] => RedisDB connection error => Error: getaddrinfo ENOTFOUND redis
[2025-01-14 07:43:44] - [ERROR] => RedisDB connection error => Error: getaddrinfo ENOTFOUND redis
[2025-01-14 07:44:24] - [ERROR] => RedisDB connection error => Error: getaddrinfo ENOTFOUND redis
[2025-01-14 07:45:07] - [ERROR] => RedisDB connection error => Error: getaddrinfo ENOTFOUND redis
[2025-01-14 07:45:28] - [ERROR] => RedisDB connection error => Error: getaddrinfo ENOTFOUND redis
[2025-01-14 07:46:02] - [ERROR] => RedisDB connection error => Error: getaddrinfo ENOTFOUND redis
[2025-01-14 07:46:14] - [ERROR] => RedisDB connection error => Error: getaddrinfo ENOTFOUND redis
[2025-01-14 07:46:23] - [ERROR] => RedisDB connection error => Error: getaddrinfo ENOTFOUND redis
[2025-01-14 07:46:32] - [ERROR] => RedisDB connection error => Error: getaddrinfo ENOTFOUND redis
[2025-01-14 07:46:44] - [ERROR] => RedisDB connection error => Error: getaddrinfo ENOTFOUND redis
[2025-01-14 07:47:04] - [ERROR] => RedisDB connection error => Error: getaddrinfo ENOTFOUND redis
[2025-01-14 07:57:13] - [ERROR] => RedisDB connection error => Error: getaddrinfo ENOTFOUND redis
[2025-01-14 07:59:33] - [ERROR] => RedisDB connection error => Error: getaddrinfo ENOTFOUND redis
[2025-01-14 07:59:56] - [ERROR] => RedisDB connection error => Error: getaddrinfo ENOTFOUND redis
[2025-01-14 08:00:41] - [ERROR] => RedisDB connection error => Error: getaddrinfo ENOTFOUND redis
[2025-01-14 08:01:24] - [ERROR] => RedisDB connection error => Error: getaddrinfo ENOTFOUND redis
[2025-01-14 08:01:41] - [ERROR] => RedisDB connection error => Error: getaddrinfo ENOTFOUND redis
[2025-01-14 08:02:54] - [ERROR] => RedisDB connection error => Error: getaddrinfo ENOTFOUND redis
[2025-01-14 08:03:24] - [ERROR] => RedisDB connection error => Error: getaddrinfo ENOTFOUND redis
[2025-01-14 08:03:35] - [ERROR] => RedisDB connection error => Error: getaddrinfo ENOTFOUND redis
[2025-01-14 08:03:52] - [ERROR] => RedisDB connection error => Error: getaddrinfo ENOTFOUND redis
[2025-01-14 08:04:06] - [ERROR] => RedisDB connection error => Error: getaddrinfo ENOTFOUND redis
[2025-01-14 08:04:26] - [ERROR] => RedisDB connection error => Error: getaddrinfo ENOTFOUND redis
[2025-01-14 08:04:59] - [ERROR] => RedisDB connection error => Error: getaddrinfo ENOTFOUND redis
[2025-01-14 08:05:10] - [ERROR] => RedisDB connection error => Error: getaddrinfo ENOTFOUND redis
[2025-01-14 08:05:31] - [ERROR] => RedisDB connection error => Error: getaddrinfo ENOTFOUND redis
[2025-01-14 08:05:47] - [ERROR] => RedisDB connection error => Error: getaddrinfo ENOTFOUND redis
[2025-01-14 08:05:59] - [ERROR] => RedisDB connection error => Error: getaddrinfo ENOTFOUND redis
[2025-01-14 08:06:07] - [ERROR] => RedisDB connection error => Error: getaddrinfo ENOTFOUND redis
[2025-01-14 08:06:19] - [ERROR] => RedisDB connection error => Error: getaddrinfo ENOTFOUND redis
[2025-01-14 08:06:35] - [ERROR] => RedisDB connection error => Error: getaddrinfo ENOTFOUND redis
[2025-01-14 08:06:47] - [ERROR] => RedisDB connection error => Error: getaddrinfo ENOTFOUND redis
[2026-08-22 01:26:48] - [ERROR] => MongoDB connection error => querySrv ENOTFOUND _mongodb._tcp.testcluster.urrgt.mongodb.net
[2026-08-22 01:26:48] - [ERROR] => RedisDB connection error => Error: getaddrinfo ENOTFOUND redis
[2026-08-22 01:26:50] - [ERROR] => Restarting Mongo server
[2026-08-22 01:26:50] - [ERROR] => MongoDB connection error => querySrv ENOTFOUND _mongodb._tcp.testcluster.urrgt.mongodb.net
[2026-08-22 01:26:52] - [ERROR] => Restarting Mongo server
[2026-08-22 01:26:52] - [ERROR] => MongoDB connection error => querySrv ENOTFOUND _mongodb._tcp.testcluster.urrgt.mongodb.net
[2026-08-22 01:26:54] - [ERROR] => Restarting Mongo server
[2026-08-22 01:26:54] - [ERROR] => MongoDB connection error => querySrv ENOTFOUND _mongodb._tcp.testcluster.urrgt.mongodb.net
[2026-08-22 01:26:56] - [ERROR] => Restarting Mongo server
[2026-08-22 01:26:56] - [ERROR] => MongoDB connection error => querySrv ENOTFOUND _mongodb._tcp.testcluster.urrgt.mongodb.net
[2026-08-22 01:26:58] - [ERROR] => Restarting Mongo server
[2026-08-22 01:26:58] - [ERROR] => MongoDB connection error => querySrv ENOTFOUND _mongodb._tcp.testcluster.urrgt.mongodb.net
[2026-08-22 01:27:00] - [ERROR] => Restarting Mongo server
[2026-08-22 01:27:00] - [ERROR] => MongoDB connection error => querySrv ENOTFOUND _mongodb._tcp.testcluster.urrgt.mongodb.net
[2026-08-22 01:27:02] - [ERROR] => Restarting Mongo server
[2026-08-22 01:27:02] - [ERROR] => MongoDB connection error => querySrv ENOTFOUND _mongodb._tcp.testcluster.urrgt.mongodb.net
[2026-08-22 01:27:04] - [ERROR] => Restarting Mongo server
[2026-08-22 01:27:04] - [ERROR] => MongoDB connection error => querySrv ENOTFOUND _mongodb._tcp.testcluster.urrgt.mongodb.net
[2026-08-22 01:27:06] - [ERROR] => Restarting Mongo server
[2026-08-22 01:27:06] - [ERROR] => MongoDB connection error => querySrv ENOTFOUND _mongodb._tcp.testcluster.urrgt.mongodb.net
[2026-08-22 01:27:08] - [ERROR] => Restarting Mongo server
[2026-08-22 01:27:08] - [ERROR] => MongoDB connection error => querySrv ENOTFOUND _mongodb._tcp.testcluster.urrgt.mongodb.net
[2026-08-22 01:27:10] - [ERROR] => Restarting Mongo server
[2026-08-22 01:27:10] - [ERROR] => MongoDB connection error => querySrv ENOTFOUND _mongodb._tcp.testcluster.urrgt.mongodb.net
[2026-08-22 01:27:12] - [ERROR] => Restarting Mongo server
[2026-08-22 01:27:12] - [ERROR] => MongoDB connection error => querySrv ENOTFOUND _mongodb._tcp.testcluster.urrgt.mongodb.net
[2026-08-22 01:27:14] - [ERROR] => Restarting Mongo server
[2026-08-22 01:27:14] - [ERROR] => MongoDB connection error => querySrv ENOTFOUND _mongodb._tcp.testcluster.urrgt.mongodb.net
[2026-08-22 01:27:16] - [ERROR] => Restarting Mongo server
[2026-08-22 01:27:16] - [ERROR] => MongoDB connection error => querySrv ENOTFOUND _mongodb._tcp.testcluster.urrgt.mongodb.net
[2026-08-22 01:27:18] - [ERROR] => Restarting Mongo server
[2026-08-22 01:27:18] - [ERROR] => MongoDB connection error => querySrv ENOTFOUND _mongodb._tcp.testcluster.urrgt.mongodb.net
[2026-08-22 01:27:20] - [ERROR] => Restarting Mongo server
[2026-08-22 01:27:20] - [ERROR] => MongoDB connection error => querySrv ENOTFOUND _mongodb._tcp.testcluster.urrgt.mongodb.net
[2026-08-22 01:27:22] - [ERROR] => Restarting Mongo server
[2026-08-22 01:27:22] - [ERROR] => MongoDB connection error => querySrv ENOTFOUND _mongodb._tcp.testcluster.urrgt.mongodb.net
[2026-08-22 01:27:24] - [ERROR] => Restarting Mongo server
[2026-08-22 01:27:24] - [ERROR] => MongoDB connection error => querySrv ENOTFOUND _mongodb._tcp.testcluster.urrgt.mongodb.net
[2026-08-22 01:27:26] - [ERROR] => Restarting Mongo server
[2026-08-22 01:27:26] - [ERROR] => MongoDB connection error => querySrv ENOTFOUND _mongodb._tcp.testcluster.urrgt.mongodb.net
[2026-08-22 01:27:28] - [ERROR] => Restarting Mongo server
[2026-08-22 01:27:28] - [ERROR] => MongoDB connection error => querySrv ENOTFOUND _mongodb._tcp.testcluster.urrgt.mongodb.net
[2026-08-22 01:27:30] - [ERROR] => Restarting Mongo server
[2026-08-22 01:27:30] - [ERROR] => MongoDB connection error => querySrv ENOTFOUND _mongodb._tcp.testcluster.urrgt.mongodb.net
[2026-08-22 01:27:32] - [ERROR] => Restarting Mongo server
[2026-08-22 01:27:32] - [ERROR] => MongoDB connection error => querySrv ENOTFOUND _mongodb._tcp.testcluster.urrgt.mongodb.net
[2026-08-22 01:27:34] - [ERROR] => Restarting Mongo server
[2026-08-22 01:27:34] - [ERROR] => MongoDB connection error => querySrv ENOTFOUND _mongodb._tcp.testcluster.urrgt.mongodb.net
[2026-08-22 01:27:36] - [ERROR] => Restarting Mongo server
[2026-08-22 01:27:36] - [ERROR] => MongoDB connection error => querySrv ENOTFOUND _mongodb._tcp.testcluster.urrgt.mongodb.net
[2026-08-22 01:27:38] - [ERROR] => Restarting Mongo server
[2026-08-22 01:27:38] - [ERROR] => MongoDB connection error => querySrv ENOTFOUND _mongodb._tcp.testcluster.urrgt.mongodb.net
[2026-08-22 01:27:40] - [ERROR] => Restarting Mongo server
[2026-08-22 01:27:40] - [ERROR] => MongoDB connection error => querySrv ENOTFOUND _mongodb._tcp.testcluster.urrgt.mongodb.net
[2026-08-22 01:27:42] - [ERROR] => Restarting Mongo server
[2026-08-22 01:27:42] - [ERROR] => MongoDB connection error => querySrv ENOTFOUND _mongodb._tcp.testcluster.urrgt.mongodb.net
[2026-08-22 01:27:44] - [ERROR] => Restarting Mongo server
[2026-08-22 01:27:44] - [ERROR] => MongoDB connection error => querySrv ENOTFOUND _mongodb._tcp.testcluster.urrgt.mongodb.net
[2026-08-22 01:27:46] - [ERROR] => Restarting Mongo server
[2026-08-22 01:27:46] - [ERROR] => MongoDB connection error => querySrv ENOTFOUND _mongodb._tcp.testcluster.urrgt.mongodb.net
[2026-08-22 01:27:48] - [ERROR] => Restarting Mongo server
[2026-08-22 01:27:50] - [ERROR] => MongoDB connection error => querySrv ENOTFOUND _mongodb._tcp.testcluster.urrgt.mongodb.net
[2026-08-22 01:27:52] - [ERROR] => Restarting Mongo server
[2026-08-22 01:27:52] - [ERROR] => MongoDB connection error => querySrv ENOTFOUND _mongodb._tcp.testcluster.urrgt.mongodb.net
[2026-08-22 01:27:54] - [ERROR] => Restarting Mongo server
[2026-08-22 01:27:54] - [ERROR] => MongoDB connection error => querySrv ENOTFOUND _mongodb._tcp.testcluster.urrgt.mongodb.net
[2026-08-22 01:27:56] - [ERROR] => Restarting Mongo server
[2026-08-22 01:27:56] - [ERROR] => MongoDB connection error => querySrv ENOTFOUND _mongodb._tcp.testcluster.urrgt.mongodb.net
[2026-08-22 01:27:58] - [ERROR] => Restarting Mongo server
[2026-08-22 01:27:58] - [ERROR] => MongoDB connection error => querySrv ENOTFOUND _mongodb._tcp.testcluster.urrgt.mongodb.net
[2026-08-22 01:28:00] - [ERROR] => Restarting Mongo server
[2026-08-22 01:28:00] - [ERROR] => MongoDB connection error => querySrv ENOTFOUND _mongodb._tcp.testcluster.urrgt.mongodb.net
[2026-08-22 01:28:02] - [ERROR] => Restarting Mongo server
[2026-08-22 01:28:02] - [ERROR] => MongoDB connection error => querySrv ENOTFOUND _mongodb._tcp.testcluster.urrgt.mongodb.net
[2026-08-22 01:28:04] - [ERROR] => Restarting Mongo server
[2026-08-22 01:28:04] - [ERROR] => MongoDB connection error => querySrv ENOTFOUND _mongodb._tcp.testcluster.urrgt.mongodb.net
[2026-08-22 01:28:06] - [ERROR] => Restarting Mongo server
[2026-08-22 01:28:06] - [ERROR] => MongoDB connection error => querySrv ENOTFOUND _mongodb._tcp.testcluster.urrgt.mongodb.net
[2026-08-22 01:28:08] - [ERROR] => Restarting Mongo server
[2026-08-22 01:28:08] - [ERROR] => MongoDB connection error => querySrv ENOTFOUND _mongodb._tcp.testcluster.urrgt.mongodb.net
[2026-08-22 01:28:10] - [ERROR] => Restarting Mongo server
[2026-08-22 01:28:10] - [ERROR] => MongoDB connection error => querySrv ENOTFOUND _mongodb._tcp.testcluster.urrgt.mongodb.net
[2026-08-22 01:28:12] - [ERROR] => Restarting Mongo server
[2026-08-22 01:28:12] - [ERROR] => MongoDB connection error => querySrv ENOTFOUND _mongodb._tcp.testcluster.urrgt.mongodb.net
[2026-08-22 01:28:14] - [ERROR] => Restarting Mongo server
[2026-08-22 01:28:14] - [ERROR] => MongoDB connection error => querySrv ENOTFOUND _mongodb._tcp.testcluster.urrgt.mongodb.net
[2026-08-22 01:28:16] - [ERROR] => Restarting Mongo server
[2026-08-22 01:28:16] - [ERROR] => MongoDB connection error => querySrv ENOTFOUND _mongodb._tcp.testcluster.urrgt.mongodb.net
[2026-08-22 01:28:18] - [ERROR] => Restarting Mongo server
[2026-08-22 01:28:18] - [ERROR] => MongoDB connection error => querySrv ENOTFOUND _mongodb._tcp.testcluster.urrgt.mongodb.net
[2026-08-22 01:28:20] - [ERROR] => Restarting Mongo server
[2026-08-22 01:28:21] - [ERROR] => MongoDB connection error => querySrv ENOTFOUND _mongodb._tcp.testcluster.urrgt.mongodb.net
[2026-08-22 01:28:23] - [ERROR] => Restarting Mongo server
[2026-08-22 01:28:23] - [ERROR] => MongoDB connection error => querySrv ENOTFOUND _mongodb._tcp.testcluster.urrgt.mongodb.net
[2026-08-22 01:28:25] - [ERROR] => Restarting Mongo server
[2026-08-22 01:28:25] - [ERROR] => MongoDB connection error => querySrv ENOTFOUND _mongodb._tcp.testcluster.urrgt.mongodb.net
[2026-08-22 01:28:27] - [ERROR] => Restarting Mongo server
[2026-08-22 01:28:27] - [ERROR] => MongoDB connection error => querySrv ENOTFOUND _mongodb._tcp.testcluster.urrgt.mongodb.net
[2026-08-22 01:28:29] - [ERROR] => Restarting Mongo server
[2026-08-22 01:28:29] - [ERROR] => MongoDB connection error => querySrv ENOTFOUND _mongodb._tcp.testcluster.urrgt.mongodb.net
[2026-08-22 01:28:31] - [ERROR] => Restarting Mongo server
[2026-08-22 01:28:31] - [ERROR] => MongoDB connection error => querySrv ENOTFOUND _mongodb._tcp.testcluster.urrgt.mongodb.net
[2026-08-22 01:28:33] - [ERROR] => Restarting Mongo server
[2026-08-22 01:28:33] - [ERROR] => MongoDB connection error => querySrv ENOTFOUND _mongodb._tcp.testcluster.urrgt.mongodb.net
[2026-08-22 01:28:35] - [ERROR] => Restarting Mongo server
[2026-08-22 01:28:35] - [ERROR] => MongoDB connection error => querySrv ENOTFOUND _mongodb._tcp.testcluster.urrgt.mongodb.net
[2026-08-22 01:28:37] - [ERROR] => Restarting Mongo server
[2026-08-22 01:28:37] - [ERROR] => MongoDB connection error => querySrv ENOTFOUND _mongodb._tcp.testcluster.urrgt.mongodb.net
[2026-08-22 01:28:39] - [ERROR] => Restarting Mongo server
[2026-08-22 01:28:39] - [ERROR] => MongoDB connection error => querySrv ENOTFOUND _mongodb._tcp.testcluster.urrgt.mongodb.net
[2026-08-22 01:28:41] - [ERROR] => Restarting Mongo server
[2026-08-22 01:28:41] - [ERROR] => MongoDB connection error => querySrv ENOTFOUND _mongodb._tcp.testcluster.urrgt.mongodb.net
[2026-08-22 01:28:43] - [ERROR] => Restarting Mongo server
[2026-08-22 01:28:43] - [ERROR] => MongoDB connection error => querySrv ENOTFOUND _mongodb._tcp.testcluster.urrgt.mongodb.net
[2026-08-22 01:28:45] - [ERROR] => Restarting Mongo server
[2026-08-22 01:28:45] - [ERROR] => MongoDB connection error => querySrv ENOTFOUND _mongodb._tcp.testcluster.urrgt.mongodb.net
[2026-08-22 01:28:47] - [ERROR] => Restarting Mongo server
[2026-08-22 01:28:47] - [ERROR] => MongoDB connection error => querySrv ENOTFOUND _mongodb._tcp.testcluster.urrgt.mongodb.net
[2026-08-22 01:28:49] - [ERROR] => Restarting Mongo server
[2026-08-22 01:28:49] - [ERROR] => MongoDB connection error => querySrv ENOTFOUND _mongodb._tcp.testcluster.urrgt.mongodb.net
[2026-08-22 01:28:51] - [ERROR] => Restarting Mongo server
[2026-08-22 01:28:52] - [ERROR] => MongoDB connection error => querySrv ENOTFOUND _mongodb._tcp.testcluster.urrgt.mongodb.net
[2026-08-22 01:28:54] - [ERROR] => Restarting Mongo server
[2026-08-22 01:28:54] - [ERROR] => MongoDB connection error => querySrv ENOTFOUND _mongodb._tcp.testcluster.urrgt.mongodb.net
[2026-08-22 01:28:56] - [ERROR] => Restarting Mongo server
[2026-08-22 01:28:56] - [ERROR] => MongoDB connection error => querySrv ENOTFOUND _mongodb._tcp.testcluster.urrgt.mongodb.net
[2026-08-22 01:28:58] - [ERROR] => Restarting Mongo server
[2026-08-22 01:28:58] - [ERROR] => MongoDB connection error => querySrv ENOTFOUND _mongodb._tcp.testcluster.urrgt.mongodb.net
[2026-08-22 01:29:00] - [ERROR] => Restarting Mongo server
[2026-08-22 01:29:00] - [ERROR] => MongoDB connection error => querySrv ENOTFOUND _mongodb._tcp.testcluster.urrgt.mongodb.net
[2026-08-22 01:29:02] - [ERROR] => Restarting Mongo server
[2026-08-22 01:29:02] - [ERROR] => MongoDB connection error => querySrv ENOTFOUND _mongodb._tcp.testcluster.urrgt.mongodb.net
[2026-08-22 01:29:04] - [ERROR] => Restarting Mongo server
[2026-08-22 01:29:04] - [ERROR] => MongoDB connection error => querySrv ENOTFOUND _mongodb._tcp.testcluster.urrgt.mongodb.net
[2026-08-22 01:29:06] - [ERROR] => Restarting Mongo server
[2026-08-22 01:29:07] - [ERROR] => MongoDB connection error => querySrv ENOTFOUND _mongodb._tcp.testcluster.urrgt.mongodb.net
[2026-08-22 01:29:09] - [ERROR] => Restarting Mongo server
[2026-08-22 01:29:09] - [ERROR] => MongoDB connection error => querySrv ENOTFOUND _mongodb._tcp.testcluster.urrgt.mongodb.net
[2026-08-22 01:29:11] - [ERROR] => Restarting Mongo server
[2026-08-22 01:29:11] - [ERROR] => MongoDB connection error => querySrv ENOTFOUND _mongodb._tcp.testcluster.urrgt.mongodb.net
[2026-08-22 01:29:13] - [ERROR] => Restarting Mongo server
[2026-08-22 01:29:13] - [ERROR] => MongoDB connection error => querySrv ENOTFOUND _mongodb._tcp.testcluster.urrgt.mongodb.net
[2026-08-22 01:29:15] - [ERROR] => Restarting Mongo server
[2026-08-22 01:29:15] - [ERROR] => MongoDB connection error => querySrv ENOTFOUND _mongodb._tcp.testcluster.urrgt.mongodb.net
[2026-08-22 01:29:17] - [ERROR] => Restarting Mongo server
[2026-08-22 01:29:17] - [ERROR] => MongoDB connection error => querySrv ENOTFOUND _mongodb._tcp.testcluster.urrgt.mongodb.net
[2026-08-22 01:29:19] - [ERROR] => Restarting Mongo server
[2026-08-22 01:29:19] - [ERROR] => MongoDB connection error => querySrv ENOTFOUND _mongodb._tcp.testcluster.urrgt.mongodb.net
[2026-08-22 01:29:21] - [ERROR] => Restarting Mongo server
[2026-08-22 01:29:21] - [ERROR] => MongoDB connection error => querySrv ENOTFOUND _mongodb._tcp.testcluster.urrgt.mongodb.net
[2026-08-22 01:29:23] - [ERROR] => Restarting Mongo server
[2026-08-22 01:29:23] - [ERROR] => MongoDB connection error => querySrv ENOTFOUND _mongodb._tcp.testcluster.urrgt.mongodb.net
[2026-08-22 01:29:25] - [ERROR] => Restarting Mongo server
[2026-08-22 01:29:25] - [ERROR] => MongoDB connection error => querySrv ENOTFOUND _mongodb._tcp.testcluster.urrgt.mongodb.net
[2026-08-22 01:29:27] - [ERROR] => Restarting Mongo server
[2026-08-22 01:29:27] - [ERROR] => MongoDB connection error => querySrv ENOTFOUND _mongodb._tcp.testcluster.urrgt.mongodb.net
[2026-08-22 01:29:29] - [ERROR] => Restarting Mongo server
[2026-08-22 01:29:29] - [ERROR] => MongoDB connection error => querySrv ENOTFOUND _mongodb._tcp.testcluster.urrgt.mongodb.net
[2026-08-22 01:29:31] - [ERROR] => Restarting Mongo server
[2026-08-22 01:29:31] - [ERROR] => MongoDB connection error => querySrv ENOTFOUND _mongodb._tcp.testcluster.urrgt.mongodb.net
[2026-08-22 01:29:33] - [ERROR] => Restarting Mongo server
[2026-08-22 01:29:33] - [ERROR] => MongoDB connection error => querySrv ENOTFOUND _mongodb._tcp.testcluster.urrgt.mongodb.net
[2026-08-22 01:29:35] - [ERROR] => Restarting Mongo server
[2026-08-22 01:29:35] - [ERROR] => MongoDB connection error => querySrv ENOTFOUND _mongodb._tcp.testcluster.urrgt.mongodb.net
[2026-08-22 01:29:37] - [ERROR] => Restarting Mongo server
[2026-08-22 01:29:37] - [ERROR] => MongoDB connection error => querySrv ENOTFOUND _mongodb._tcp.testcluster.urrgt.mongodb.net
[2026-08-22 01:29:39] - [ERROR] => Restarting Mongo server
[2026-08-22 01:29:39] - [ERROR] => MongoDB connection error => querySrv ENOTFOUND _mongodb._tcp.testcluster.urrgt.mongodb.net
[2026-08-22 01:29:41] - [ERROR] => Restarting Mongo server
[2026-08-22 01:29:41] - [ERROR] => MongoDB connection error => querySrv ENOTFOUND _mongodb._tcp.testcluster.urrgt.mongodb.net
[2026-08-22 01:29:43] - [ERROR] => Restarting Mongo server
[2026-08-22 01:29:43] - [ERROR] => MongoDB connection error => querySrv ENOTFOUND _mongodb._tcp.testcluster.urrgt.mongodb.net
[2026-08-22 01:29:45] - [ERROR] => Restarting Mongo server
[2026-08-22 01:29:45] - [ERROR] => MongoDB connection error => querySrv ENOTFOUND _mongodb._tcp.testcluster.urrgt.mongodb.net
[2026-08-22 01:29:47] - [ERROR] => Restarting Mongo server
[2026-08-22 01:29:47] - [ERROR] => MongoDB connection error => querySrv ENOTFOUND _mongodb._tcp.testcluster.urrgt.mongodb.net
[2026-08-22 01:29:49] - [ERROR] => Restarting Mongo server
[2026-08-22 01:29:49] - [ERROR] => MongoDB connection error => querySrv ENOTFOUND _mongodb._tcp.testcluster.urrgt.mongodb.net
[2026-08-22 01:29:51] - [ERROR] => Restarting Mongo server
[2026-08-22 01:29:51] - [ERROR] => MongoDB connection error => querySrv ENOTFOUND _mongodb._tcp.testcluster.urrgt.mongodb.net
[2026-08-22 01:29:53] - [ERROR] => Restarting Mongo server
[2026-08-22 01:29:54] - [ERROR] => MongoDB connection error => querySrv ENOTFOUND _mongodb._tcp.testcluster.urrgt.mongodb.net
[2026-08-22 01:29:56] - [ERROR] => Restarting Mongo server
[2026-08-22 01:29:56] - [ERROR] => MongoDB connection error => querySrv ENOTFOUND _mongodb._tcp.testcluster.urrgt.mongodb.net
[2026-08-22 01:29:58] - [ERROR] => Restarting Mongo server
[2026-08-22 01:29:58] - [ERROR] => MongoDB connection error => querySrv ENOTFOUND _mongodb._tcp.testcluster.urrgt.mongodb.net
[2026-08-22 01:30:00] - [ERROR] => Restarting Mongo server
[2026-08-22 01:30:00] - [ERROR] => MongoDB connection error => querySrv ENOTFOUND _mongodb._tcp.testcluster.urrgt.mongodb.net
[2026-08-22 01:30:03] - [ERROR] => Restarting Mongo server
[2026-08-22 01:30:03] - [ERROR] => MongoDB connection error => querySrv ENOTFOUND _mongodb._tcp.testcluster.urrgt.mongodb.net
[2026-08-22 01:30:05] - [ERROR] => Restarting Mongo server
[2026-08-22 01:30:05] - [ERROR] => MongoDB connection error => querySrv ENOTFOUND _mongodb._tcp.testcluster.urrgt.mongodb.net
[2026-08-22 01:30:07] - [ERROR] => Restarting Mongo server
[2026-08-22 01:30:08] - [ERROR] => MongoDB connection error => querySrv ENOTFOUND _mongodb._tcp.testcluster.urrgt.mongodb.net
[2026-08-22 01:30:10] - [ERROR] => Restarting Mongo server
[2026-08-22 01:30:10] - [ERROR] => MongoDB connection error => querySrv ENOTFOUND _mongodb._tcp.testcluster.urrgt.mongodb.net
[2026-08-22 01:30:12] - [ERROR] => Restarting Mongo server
[2026-08-22 01:30:12] - [ERROR] => MongoDB connection error => querySrv ENOTFOUND _mongodb._tcp.testcluster.urrgt.mongodb.net
[2026-08-22 01:30:14] - [ERROR] => Restarting Mongo server
[2026-08-22 01:30:14] - [ERROR] => MongoDB connection error => querySrv ENOTFOUND _mongodb._tcp.testcluster.urrgt.mongodb.net
[2026-08-22 01:30:16] - [ERROR] => Restarting Mongo server
[2026-08-22 01:30:16] - [ERROR] => MongoDB connection error => querySrv ENOTFOUND _mongodb._tcp.testcluster.urrgt.mongodb.net
[2026-08-22 01:30:18] - [ERROR] => Restarting Mongo server
[2026-08-22 01:30:18] - [ERROR] => MongoDB connection error => querySrv ENOTFOUND _mongodb._tcp.testcluster.urrgt.mongodb.net
[2026-08-22 01:30:20] - [ERROR] => Restarting Mongo server
[2026-08-22 01:30:20] - [ERROR] => MongoDB connection error => querySrv ENOTFOUND _mongodb._tcp.testcluster.urrgt.mongodb.net
[2026-08-22 01:30:22] - [ERROR] => Restarting Mongo server
[2026-08-22 01:30:22] - [ERROR] => MongoDB connection error => querySrv ENOTFOUND _mongodb._tcp.testcluster.urrgt.mongodb.net
[2026-08-22 01:30:24] - [ERROR] => Restarting Mongo server
[2026-08-22 01:30:24] - [ERROR] => MongoDB connection error => querySrv ENOTFOUND _mongodb._tcp.testcluster.urrgt.mongodb.net
[2026-08-22 01:30:26] - [ERROR] => Restarting Mongo server
[2026-08-22 01:30:26] - [ERROR] => MongoDB connection error => querySrv ENOTFOUND _mongodb._tcp.testcluster.urrgt.mongodb.net
[2026-08-22 01:30:28] - [ERROR] => Restarting Mongo server
[2026-08-22 01:30:28] - [ERROR] => MongoDB connection error => querySrv ENOTFOUND _mongodb._tcp.testcluster.urrgt.mongodb.net
[2026-08-22 01:30:30] - [ERROR] => Restarting Mongo server
[2026-08-22 01:30:30] - [ERROR] => MongoDB connection error => querySrv ENOTFOUND _mongodb._tcp.testcluster.urrgt.mongodb.net
[2026-08-22 01:30:32] - [ERROR] => Restarting Mongo server
[2026-08-22 01:30:32] - [ERROR] => MongoDB connection error => querySrv ENOTFOUND _mongodb._tcp.testcluster.urrgt.mongodb.net
[2026-08-22 01:30:34] - [ERROR] => Restarting Mongo server
[2026-08-22 01:30:34] - [ERROR] => MongoDB connection error => querySrv ENOTFOUND _mongodb._tcp.testcluster.urrgt.mongodb.net
[2026-08-22 01:30:36] - [ERROR] => Restarting Mongo server
[2026-08-22 01:30:36] - [ERROR] => MongoDB connection error => querySrv ENOTFOUND _mongodb._tcp.testcluster.urrgt.mongodb.net
[2026-08-22 01:30:38] - [ERROR] => Restarting Mongo server
[2026-08-22 01:30:38] - [ERROR] => MongoDB connection error => querySrv ENOTFOUND _mongodb._tcp.testcluster.urrgt.mongodb.net
[2026-08-22 01:30:40] - [ERROR] => Restarting Mongo server
[2026-08-22 01:30:40] - [ERROR] => MongoDB connection error => querySrv ENOTFOUND _mongodb._tcp.testcluster.urrgt.mongodb.net
[2026-08-22 01:30:42] - [ERROR] => Restarting Mongo server
[2026-08-22 01:30:42] - [ERROR] => MongoDB connection error => querySrv ENOTFOUND _mongodb._tcp.testcluster.urrgt.mongodb.net
[2026-08-22 01:30:44] - [ERROR] => Restarting Mongo server
[2026-08-22 01:30:44] - [ERROR] => MongoDB connection error => querySrv ENOTFOUND _mongodb._tcp.testcluster.urrgt.mongodb.net
[2026-08-22 01:30:46] - [ERROR] => Restarting Mongo server
[2026-08-22 01:30:46] - [ERROR] => MongoDB connection error => querySrv ENOTFOUND _mongodb._tcp.testcluster.urrgt.mongodb.net
[2026-08-22 01:30:48] - [ERROR] => Restarting Mongo server
[2026-08-22 01:30:48] - [ERROR] => MongoDB connection error => querySrv ENOTFOUND _mongodb._tcp.testcluster.urrgt.mongodb.net
[2026-08-22 01:30:50] - [ERROR] => Restarting Mongo server
[2026-08-22 01:30:50] - [ERROR] => MongoDB connection error => querySrv ENOTFOUND _mongodb._tcp.testcluster.urrgt.mongodb.net
[2026-08-22 01:30:52] - [ERROR] => Restarting Mongo server
[2026-08-22 01:30:52] - [ERROR] => MongoDB connection error => querySrv ENOTFOUND _mongodb._tcp.testcluster.urrgt.mongodb.net
[2026-08-22 01:30:54] - [ERROR] => Restarting Mongo server
[2026-08-22 01:30:55] - [ERROR] => MongoDB connection error => querySrv ENOTFOUND _mongodb._tcp.testcluster.urrgt.mongodb.net
[2026-08-22 01:30:57] - [ERROR] => Restarting Mongo server
[2026-08-22 01:30:57] - [ERROR] => MongoDB connection error => querySrv ENOTFOUND _mongodb._tcp.testcluster.urrgt.mongodb.net
[2026-08-22 01:30:59] - [ERROR] => Restarting Mongo server
[2026-08-22 01:30:59] - [ERROR] => MongoDB connection error => querySrv ENOTFOUND _mongodb._tcp.testcluster.urrgt.mongodb.net
[2026-08-22 01:31:01] - [ERROR] => Restarting Mongo server
[2026-08-22 01:31:01] - [ERROR] => MongoDB connection error => querySrv ENOTFOUND _mongodb._tcp.testcluster.urrgt.mongodb.net
[2026-08-22 01:31:03] - [ERROR] => Restarting Mongo server
[2026-08-22 01:31:03] - [ERROR] => MongoDB connection error => querySrv ENOTFOUND _mongodb._tcp.testcluster.urrgt.mongodb.net
[2026-08-22 01:31:05] - [ERROR] => Restarting Mongo server
[2026-08-22 01:31:05] - [ERROR] => MongoDB connection error => querySrv ENOTFOUND _mongodb._tcp.testcluster.urrgt.mongodb.net
[2026-08-22 01:31:07] - [ERROR] => Restarting Mongo server
[2026-08-22 01:31:07] - [ERROR] => MongoDB connection error => querySrv ENOTFOUND _mongodb._tcp.testcluster.urrgt.mongodb.net
[2026-08-22 01:31:09] - [ERROR] => Restarting Mongo server
[2026-08-22 01:31:09] - [ERROR] => MongoDB connection error => querySrv ENOTFOUND _mongodb._tcp.testcluster.urrgt.mongodb.net
[2026-08-22 01:31:11] - [ERROR] => Restarting Mongo server
[2026-08-22 01:31:11] - [ERROR] => MongoDB connection error => querySrv ENOTFOUND _mongodb._tcp.testcluster.urrgt.mongodb.net
[2026-08-22 01:31:13] - [ERROR] => Restarting Mongo server
[2026-08-22 01:31:13] - [ERROR] => MongoDB connection error => querySrv ENOTFOUND _mongodb._tcp.testcluster.urrgt.mongodb.net
[2026-08-22 01:31:15] - [ERROR] => Restarting Mongo server
[2026-08-22 01:31:15] - [ERROR] => MongoDB connection error => querySrv ENOTFOUND _mongodb._tcp.testcluster.urrgt.mongodb.net
[2026-08-22 01:31:17] - [ERROR] => Restarting Mongo server
[2026-08-22 01:31:17] - [ERROR] => MongoDB connection error => querySrv ENOTFOUND _mongodb._tcp.testcluster.urrgt.mongodb.net
[2026-08-22 01:31:20] - [ERROR] => Restarting Mongo server
[2026-08-22 01:31:20] - [ERROR] => MongoDB connection error => querySrv ENOTFOUND _mongodb._tcp.testcluster.urrgt.mongodb.net
[2026-08-22 01:31:22] - [ERROR] => Restarting Mongo server
[2026-08-22 01:31:22] - [ERROR] => MongoDB connection error => querySrv ENOTFOUND _mongodb._tcp.testcluster.urrgt.mongodb.net
[2026-08-22 01:31:24] - [ERROR] => Restarting Mongo server
[2026-08-22 01:31:24] - [ERROR] => MongoDB connection error => querySrv ENOTFOUND _mongodb._tcp.testcluster.urrgt.mongodb.net
[2026-08-22 01:31:26] - [ERROR] => Restarting Mongo server
[2026-08-22 01:31:26] - [ERROR] => MongoDB connection error => querySrv ENOTFOUND _mongodb._tcp.testcluster.urrgt.mongodb.net
[2026-08-22 01:31:28] - [ERROR] => Restarting Mongo server
[2026-08-22 01:31:28] - [ERROR] => MongoDB connection error => querySrv ENOTFOUND _mongodb._tcp.testcluster.urrgt.mongodb.net
[2026-08-22 01:31:30] - [ERROR] => Restarting Mongo server
[2026-08-22 01:31:30] - [ERROR] => MongoDB connection error => querySrv ENOTFOUND _mongodb._tcp.testcluster.urrgt.mongodb.net
[2026-08-22 01:31:32] - [ERROR] => Restarting Mongo server
[2026-08-22 01:31:32] - [ERROR] => MongoDB connection error => querySrv ENOTFOUND _mongodb._tcp.testcluster.urrgt.mongodb.net
[2026-08-22 01:31:34] - [ERROR] => Restarting Mongo server
[2026-08-22 01:31:34] - [ERROR] => MongoDB connection error => querySrv ENOTFOUND _mongodb._tcp.testcluster.urrgt.mongodb.net
[2026-08-22 01:31:36] - [ERROR] => Restarting Mongo server
[2026-08-22 01:31:36] - [ERROR] => MongoDB connection error => querySrv ENOTFOUND _mongodb._tcp.testcluster.urrgt.mongodb.net
[2026-08-22 01:31:38] - [ERROR] => Restarting Mongo server
[2026-08-22 01:31:38] - [ERROR] => MongoDB connection error => querySrv ENOTFOUND _mongodb._tcp.testcluster.urrgt.mongodb.net
[2026-08-22 01:31:40] - [ERROR] => Restarting Mongo server
[2026-08-22 01:31:40] - [ERROR] => MongoDB connection error => querySrv ENOTFOUND _mongodb._tcp.testcluster.urrgt.mongodb.net
[2026-08-22 01:31:42] - [ERROR] => Restarting Mongo server
[2026-08-22 01:31:42] - [ERROR] => MongoDB connection error => querySrv ENOTFOUND _mongodb._tcp.testcluster.urrgt.mongodb.net
[2026-08-22 01:31:44] - [ERROR] => Restarting Mongo server
[2026-08-22 01:31:44] - [ERROR] => MongoDB connection error => querySrv ENOTFOUND _mongodb._tcp.testcluster.urrgt.mongodb.net
[2026-08-22 01:31:46] - [ERROR] => Restarting Mongo server
[2026-08-22 01:31:46] - [ERROR] => MongoDB connection error => querySrv ENOTFOUND _mongodb._tcp.testcluster.urrgt.mongodb.net
[2026-08-22 01:31:48] - [ERROR] => Restarting Mongo server
[2026-08-22 01:31:48] - [ERROR] => MongoDB connection error => querySrv ENOTFOUND _mongodb._tcp.testcluster.urrgt.mongodb.net
[2026-08-22 01:31:50] - [ERROR] => Restarting Mongo server
[2026-08-22 01:31:50] - [ERROR] => MongoDB connection error => querySrv ENOTFOUND _mongodb._tcp.testcluster.urrgt.mongodb.net
[2026-08-22 01:31:52] - [ERROR] => Restarting Mongo server
[2026-08-22 01:31:52] - [ERROR] => MongoDB connection error => querySrv ENOTFOUND _mongodb._tcp.testcluster.urrgt.mongodb.net
[2026-08-22 01:31:54] - [ERROR] => Restarting Mongo server
[2026-08-22 01:31:54] - [ERROR] => MongoDB connection error => querySrv ENOTFOUND _mongodb._tcp.testcluster.urrgt.mongodb.net
[2026-08-22 01:31:56] - [ERROR] => Restarting Mongo server
[2026-08-22 01:31:58] - [ERROR] => MongoDB connection error => querySrv ENOTFOUND _mongodb._tcp.testcluster.urrgt.mongodb.net
[2026-08-22 01:32:00] - [ERROR] => Restarting Mongo server
[2026-08-22 01:32:00] - [ERROR] => MongoDB connection error => querySrv ENOTFOUND _mongodb._tcp.testcluster.urrgt.mongodb.net
[2026-08-22 01:32:02] - [ERROR] => Restarting Mongo server
[2026-08-22 01:32:02] - [ERROR] => MongoDB connection error => querySrv ENOTFOUND _mongodb._tcp.testcluster.urrgt.mongodb.net
[2026-08-22 01:32:04] - [ERROR] => Restarting Mongo server
[2026-08-22 01:32:04] - [ERROR] => MongoDB connection error => querySrv ENOTFOUND _mongodb._tcp.testcluster.urrgt.mongodb.net
[2026-08-22 01:32:06] - [ERROR] => Restarting Mongo server
[2026-08-22 01:32:06] - [ERROR] => MongoDB connection error => querySrv ENOTFOUND _mongodb._tcp.testcluster.urrgt.mongodb.net
[2026-08-22 01:32:08] - [ERROR] => Restarting Mongo server
[2026-08-22 01:32:08] - [ERROR] => MongoDB connection error => querySrv ENOTFOUND _mongodb._tcp.testcluster.urrgt.mongodb.net
[2026-08-22 01:32:10] - [ERROR] => Restarting Mongo server
[2026-08-22 01:32:10] - [ERROR] => MongoDB connection error => querySrv ENOTFOUND _mongodb._tcp.testcluster.urrgt.mongodb.net
[2026-08-22 01:32:12] - [ERROR] => Restarting Mongo server
[2026-08-22 01:32:12] - [ERROR] => MongoDB connection error => querySrv ENOTFOUND _mongodb._tcp.testcluster.urrgt.mongodb.net
[2026-08-22 01:32:14] - [ERROR] => Restarting Mongo server
[2026-08-22 01:32:14] - [ERROR] => MongoDB connection error => querySrv ENOTFOUND _mongodb._tcp.testcluster.urrgt.mongodb.net
[2026-08-22 01:32:16] - [ERROR] => Restarting Mongo server
[2026-08-22 01:32:16] - [ERROR] => MongoDB connection error => querySrv ENOTFOUND _mongodb._tcp.testcluster.urrgt.mongodb.net
[2026-08-22 01:32:18] - [ERROR] => Restarting Mongo server
[2026-08-22 01:32:18] - [ERROR] => MongoDB connection error => querySrv ENOTFOUND _mongodb._tcp.testcluster.urrgt.mongodb.net
[2026-08-22 01:32:20] - [ERROR] => Restarting Mongo server
[2026-08-22 01:32:20] - [ERROR] => MongoDB connection error => querySrv ENOTFOUND _mongodb._tcp.testcluster.urrgt.mongodb.net
[2026-08-22 01:32:22] - [ERROR] => Restarting Mongo server
[2026-08-22 01:32:22] - [ERROR] => MongoDB connection error => querySrv ENOTFOUND _mongodb._tcp.testcluster.urrgt.mongodb.net
[2026-08-22 01:32:24] - [ERROR] => Restarting Mongo server
[2026-08-22 01:32:24] - [ERROR] => MongoDB connection error => querySrv ENOTFOUND _mongodb._tcp.testcluster.urrgt.mongodb.net
[2026-08-22 01:32:26] - [ERROR] => Restarting Mongo server
[2026-08-22 01:32:26] - [ERROR] => MongoDB connection error => querySrv ENOTFOUND _mongodb._tcp.testcluster.urrgt.mongodb.net
[2026-08-22 01:32:28] - [ERROR] => Restarting Mongo server
[2026-08-22 01:32:28] - [ERROR] => MongoDB connection error => querySrv ENOTFOUND _mongodb._tcp.testcluster.urrgt.mongodb.net
[2026-08-22 01:32:30] - [ERROR] => Restarting Mongo server
[2026-08-22 01:32:30] - [ERROR] => MongoDB connection error => querySrv ENOTFOUND _mongodb._tcp.testcluster.urrgt.mongodb.net
[2026-08-22 01:32:32] - [ERROR] => Restarting Mongo server
[2026-08-22 01:32:32] - [ERROR] => MongoDB connection error => querySrv ENOTFOUND _mongodb._tcp.testcluster.urrgt.mongodb.net
[2026-08-22 01:32:34] - [ERROR] => Restarting Mongo server
[2026-08-22 01:32:34] - [ERROR] => MongoDB connection error => querySrv ENOTFOUND _mongodb._tcp.testcluster.urrgt.mongodb.net
[2026-08-22 01:32:36] - [ERROR] => Restarting Mongo server
[2026-08-22 01:32:36] - [ERROR] => MongoDB connection error => querySrv ENOTFOUND _mongodb._tcp.testcluster.urrgt.mongodb.net
[2026-08-22 01:32:38] - [ERROR] => Restarting Mongo server
[2026-08-22 01:32:38] - [ERROR] => MongoDB connection error => querySrv ENOTFOUND _mongodb._tcp.testcluster.urrgt.mongodb.net
[2026-08-22 01:32:40] - [ERROR] => Restarting Mongo server
[2026-08-22 01:32:40] - [ERROR] => MongoDB connection error => querySrv ENOTFOUND _mongodb._tcp.testcluster.urrgt.mongodb.net
[2026-08-22 01:32:42] - [ERROR] => Restarting Mongo server
[2026-08-22 01:32:42] - [ERROR] => MongoDB connection error => querySrv ENOTFOUND _mongodb._tcp.testcluster.urrgt.mongodb.net
[2026-08-22 01:32:44] - [ERROR] => Restarting Mongo server
[2026-08-22 01:32:44] - [ERROR] => MongoDB connection error => querySrv ENOTFOUND _mongodb._tcp.testcluster.urrgt.mongodb.net
[2026-08-22 01:32:46] - [ERROR] => Restarting Mongo server
[2026-08-22 01:32:46] - [ERROR] => MongoDB connection error => querySrv ENOTFOUND _mongodb._tcp.testcluster.urrgt.mongodb.net
[2026-08-22 01:32:48] - [ERROR] => Restarting Mongo server
[2026-08-22 01:32:48] - [ERROR] => MongoDB connection error => querySrv ENOTFOUND _mongodb._tcp.testcluster.urrgt.mongodb.net
[2026-08-22 01:32:50] - [ERROR] => Restarting Mongo server
[2026-08-22 01:32:50] - [ERROR] => MongoDB connection error => querySrv ENOTFOUND _mongodb._tcp.testcluster.urrgt.mongodb.net
[2026-08-22 01:32:52] - [ERROR] => Restarting Mongo server
[2026-08-22 01:32:52] - [ERROR] => MongoDB connection error => querySrv ENOTFOUND _mongodb._tcp.testcluster.urrgt.mongodb.net
[2026-08-22 01:32:54] - [ERROR] => Restarting Mongo server
[2026-08-22 01:32:54] - [ERROR] => MongoDB connection error => querySrv ENOTFOUND _mongodb._tcp.testcluster.urrgt.mongodb.net
[2026-08-22 01:32:56] - [ERROR] => Restarting Mongo server
[2026-08-22 01:32:56] - [ERROR] => MongoDB connection error => querySrv ENOTFOUND _mongodb._tcp.testcluster.urrgt.mongodb.net
[2026-08-22 01:32:58] - [ERROR] => Restarting Mongo server
[2026-08-22 01:33:01] - [ERROR] => MongoDB connection error => querySrv ENOTFOUND _mongodb._tcp.testcluster.urrgt.mongodb.net
[2026-08-22 01:33:03] - [ERROR] => Restarting Mongo server
[2026-08-22 01:33:03] - [ERROR] => MongoDB connection error => querySrv ENOTFOUND _mongodb._tcp.testcluster.urrgt.mongodb.net
[2026-08-22 01:33:05] - [ERROR] => Restarting Mongo server
[2026-08-22 01:33:05] - [ERROR] => MongoDB connection error => querySrv ENOTFOUND _mongodb._tcp.testcluster.urrgt.mongodb.net
[2026-08-22 01:33:07] - [ERROR] => Restarting Mongo server
[2026-08-22 01:33:07] - [ERROR] => MongoDB connection error => querySrv ENOTFOUND _mongodb._tcp.testcluster.urrgt.mongodb.net
[2026-08-22 01:33:09] - [ERROR] => Restarting Mongo server
[2026-08-22 01:33:09] - [ERROR] => MongoDB connection error => querySrv ENOTFOUND _mongodb._tcp.testcluster.urrgt.mongodb.net
[2026-08-22 01:33:11] - [ERROR] => Restarting Mongo server
[2026-08-22 01:33:11] - [ERROR] => MongoDB connection error => querySrv ENOTFOUND _mongodb._tcp.testcluster.urrgt.mongodb.net
[2026-08-22 01:33:13] - [ERROR] => Restarting Mongo server
[2026-08-22 01:33:13] - [ERROR] => MongoDB connection error => querySrv ENOTFOUND _mongodb._tcp.testcluster.urrgt.mongodb.net
[2026-08-22 01:33:15] - [ERROR] => Restarting Mongo server
[2026-08-22 01:33:15] - [ERROR] => MongoDB connection error => querySrv ENOTFOUND _mongodb._tcp.testcluster.urrgt.mongodb.net
[2026-08-22 01:33:17] - [ERROR] => Restarting Mongo server
[2026-08-22 01:33:17] - [ERROR] => MongoDB connection error => querySrv ENOTFOUND _mongodb._tcp.testcluster.urrgt.mongodb.net
[2026-08-22 01:33:19] - [ERROR] => Restarting Mongo server
[2026-08-22 01:33:19] - [ERROR] => MongoDB connection error => querySrv ENOTFOUND _mongodb._tcp.testcluster.urrgt.mongodb.net
[2026-08-22 01:33:21] - [ERROR] => Restarting Mongo server
[2026-08-22 01:33:21] - [ERROR] => MongoDB connection error => querySrv ENOTFOUND _mongodb._tcp.testcluster.urrgt.mongodb.net
[2026-08-22 01:33:23] - [ERROR] => Restarting Mongo server
[2026-08-22 01:33:23] - [ERROR] => MongoDB connection error => querySrv ENOTFOUND _mongodb._tcp.testcluster.urrgt.mongodb.net
[2026-08-22 01:33:25] - [ERROR] => Restarting Mongo server
[2026-08-22 01:33:25] - [ERROR] => MongoDB connection error => querySrv ENOTFOUND _mongodb._tcp.testcluster.urrgt.mongodb.net
[2026-08-22 01:33:27] - [ERROR] => Restarting Mongo server
[2026-08-22 01:33:27] - [ERROR] => MongoDB connection error => querySrv ENOTFOUND _mongodb._tcp.testcluster.urrgt.mongodb.net
[2026-08-22 01:33:29] - [ERROR] => Restarting Mongo server
[2026-08-22 01:33:29] - [ERROR] => MongoDB connection error => querySrv ENOTFOUND _mongodb._tcp.testcluster.urrgt.mongodb.net
[2026-08-22 01:33:31] - [ERROR] => Restarting Mongo server
[2026-08-22 01:33:31] - [ERROR] => MongoDB connection error => querySrv ENOTFOUND _mongodb._tcp.testcluster.urrgt.mongodb.net
[2026-08-22 01:33:33] - [ERROR] => Restarting Mongo server
[2026-08-22 01:33:33] - [ERROR] => MongoDB connection error => querySrv ENOTFOUND _mongodb._tcp.testcluster.urrgt.mongodb.net
[2026-08-22 01:33:35] - [ERROR] => Restarting Mongo server
[2026-08-22 01:33:35] - [ERROR] => MongoDB connection error => querySrv ENOTFOUND _mongodb._tcp.testcluster.urrgt.mongodb.net
[2026-08-22 01:33:37] - [ERROR] => Restarting Mongo server
[2026-08-22 01:33:37] - [ERROR] => MongoDB connection error => querySrv ENOTFOUND _mongodb._tcp.testcluster.urrgt.mongodb.net
[2026-08-22 01:33:39] - [ERROR] => Restarting Mongo server
[2026-08-22 01:33:39] - [ERROR] => MongoDB connection error => querySrv ENOTFOUND _mongodb._tcp.testcluster.urrgt.mongodb.net
[2026-08-22 01:33:41] - [ERROR] => Restarting Mongo server
[2026-08-22 01:33:41] - [ERROR] => MongoDB connection error => querySrv ENOTFOUND _mongodb._tcp.testcluster.urrgt.mongodb.net
[2026-08-22 01:33:43] - [ERROR] => Restarting Mongo server
[2026-08-22 01:33:43] - [ERROR] => MongoDB connection error => querySrv ENOTFOUND _mongodb._tcp.testcluster.urrgt.mongodb.net
[2026-08-22 01:33:45] - [ERROR] => Restarting Mongo server
[2026-08-22 01:33:45] - [ERROR] => MongoDB connection error => querySrv ENOTFOUND _mongodb._tcp.testcluster.urrgt.mongodb.net
[2026-08-22 01:33:47] - [ERROR] => Restarting Mongo server
[2026-08-22 01:33:47] - [ERROR] => MongoDB connection error => querySrv ENOTFOUND _mongodb._tcp.testcluster.urrgt.mongodb.net
[2026-08-22 01:33:49] - [ERROR] => Restarting Mongo server
[2026-08-22 01:33:49] - [ERROR] => MongoDB connection error => querySrv ENOTFOUND _mongodb._tcp.testcluster.urrgt.mongodb.net
[2026-08-22 01:33:51] - [ERROR] => Restarting Mongo server
[2026-08-22 01:33:51] - [ERROR] => MongoDB connection error => querySrv ENOTFOUND _mongodb._tcp.testcluster.urrgt.mongodb.net
[2026-08-22 01:33:53] - [ERROR] => Restarting Mongo server
[2026-08-22 01:33:53] - [ERROR] => MongoDB connection error => querySrv ENOTFOUND _mongodb._tcp.testcluster.urrgt.mongodb.net
[2026-08-22 01:33:55] - [ERROR] => Restarting Mongo server
[2026-08-22 01:33:55] - [ERROR] => MongoDB connection error => querySrv ENOTFOUND _mongodb._tcp.testcluster.urrgt.mongodb.net
[2026-08-22 01:33:57] - [ERROR] => Restarting Mongo server
[2026-08-22 01:33:57] - [ERROR] => MongoDB connection error => querySrv ENOTFOUND _mongodb._tcp.testcluster.urrgt.mongodb.net
[2026-08-22 01:33:59] - [ERROR] => Restarting Mongo server
[2026-08-22 01:33:59] - [ERROR] => MongoDB connection error => querySrv ENOTFOUND _mongodb._tcp.testcluster.urrgt.mongodb.net
[2026-08-22 01:34:01] - [ERROR] => Restarting Mongo server
[2026-08-22 01:34:01] - [ERROR] => MongoDB connection error => querySrv ENOTFOUND _mongodb._tcp.testcluster.urrgt.mongodb.net
[2026-08-22 01:34:03] - [ERROR] => Restarting Mongo server
[2026-08-22 01:34:03] - [ERROR] => MongoDB connection error => querySrv ENOTFOUND _mongodb._tcp.testcluster.urrgt.mongodb.net
[2026-08-22 01:34:05] - [ERROR] => Restarting Mongo server
[2026-08-22 01:34:05] - [ERROR] => MongoDB connection error => querySrv ENOTFOUND _mongodb._tcp.testcluster.urrgt.mongodb.net
[2026-08-22 01:34:07] - [ERROR] => Restarting Mongo server
[2026-08-22 01:34:07] - [ERROR] => MongoDB connection error => querySrv ENOTFOUND _mongodb._tcp.testcluster.urrgt.mongodb.net
[2026-08-22 01:34:09] - [ERROR] => Restarting Mongo server
[2026-08-22 01:34:09] - [ERROR] => MongoDB connection error => querySrv ENOTFOUND _mongodb._tcp.testcluster.urrgt.mongodb.net
[2026-08-22 01:34:11] - [ERROR] => Restarting Mongo server
[2026-08-22 01:34:11] - [ERROR] => MongoDB connection error => querySrv ENOTFOUND _mongodb._tcp.testcluster.urrgt.mongodb.net
[2026-08-22 01:34:13] - [ERROR] => Restarting Mongo server
[2026-08-22 01:34:13] - [ERROR] => MongoDB connection error => querySrv ENOTFOUND _mongodb._tcp.testcluster.urrgt.mongodb.net
[2026-08-22 01:34:15] - [ERROR] => Restarting Mongo server
[2026-08-22 01:34:15] - [ERROR] => MongoDB connection error => querySrv ENOTFOUND _mongodb._tcp.testcluster.urrgt.mongodb.net
[2026-08-22 01:34:17] - [ERROR] => Restarting Mongo server
[2026-08-22 01:34:17] - [ERROR] => MongoDB connection error => querySrv ENOTFOUND _mongodb._tcp.testcluster.urrgt.mongodb.net
[2026-08-22 01:34:19] - [ERROR] => Restarting Mongo server
[2026-08-22 01:34:19] - [ERROR] => MongoDB connection error => querySrv ENOTFOUND _mongodb._tcp.testcluster.urrgt.mongodb.net
[2026-08-22 01:34:21] - [ERROR] => Restarting Mongo server
[2026-08-22 01:34:21] - [ERROR] => MongoDB connection error => querySrv ENOTFOUND _mongodb._tcp.testcluster.urrgt.mongodb.net
[2026-08-22 01:34:23] - [ERROR] => Restarting Mongo server
[2026-08-22 01:34:23] - [ERROR] => MongoDB connection error => querySrv ENOTFOUND _mongodb._tcp.testcluster.urrgt.mongodb.net
[2026-08-22 01:34:25] - [ERROR] => Restarting Mongo server
[2026-08-22 01:34:25] - [ERROR] => MongoDB connection error => querySrv ENOTFOUND _mongodb._tcp.testcluster.urrgt.mongodb.net
[2026-08-22 01:34:27] - [ERROR] => Restarting Mongo server
[2026-08-22 01:34:27] - [ERROR] => MongoDB connection error => querySrv ENOTFOUND _mongodb._tcp.testcluster.urrgt.mongodb.net
[2026-08-22 01:34:29] - [ERROR] => Restarting Mongo server
[2026-08-22 01:34:29] - [ERROR] => MongoDB connection error => querySrv ENOTFOUND _mongodb._tcp.testcluster.urrgt.mongodb.net
[2026-08-22 01:34:31] - [ERROR] => Restarting Mongo server
[2026-08-22 01:34:31] - [ERROR] => MongoDB connection error => querySrv ENOTFOUND _mongodb._tcp.testcluster.urrgt.mongodb.net
[2026-08-22 01:34:33] - [ERROR] => Restarting Mongo server
[2026-08-22 01:34:33] - [ERROR] => MongoDB connection error => querySrv ENOTFOUND _mongodb._tcp.testcluster.urrgt.mongodb.net
[2026-08-22 01:34:35] - [ERROR] => Restarting Mongo server
[2026-08-22 01:34:35] - [ERROR] => MongoDB connection error => querySrv ENOTFOUND _mongodb._tcp.testcluster.urrgt.mongodb.net
[2026-08-22 01:34:37] - [ERROR] => Restarting Mongo server
[2026-08-22 01:34:37] - [ERROR] => MongoDB connection error => querySrv ENOTFOUND _mongodb._tcp.testcluster.urrgt.mongodb.net
[2026-08-22 01:34:39] - [ERROR] => Restarting Mongo server
[2026-08-22 01:34:39] - [ERROR] => MongoDB connection error => querySrv ENOTFOUND _mongodb._tcp.testcluster.urrgt.mongodb.net
[2026-08-22 01:34:41] - [ERROR] => Restarting Mongo server
[2026-08-22 01:34:41] - [ERROR] => MongoDB connection error => querySrv ENOTFOUND _mongodb._tcp.testcluster.urrgt.mongodb.net
[2026-08-22 01:34:43] - [ERROR] => Restarting Mongo server
[2026-08-22 01:34:43] - [ERROR] => MongoDB connection error => querySrv ENOTFOUND _mongodb._tcp.testcluster.urrgt.mongodb.net
[2026-08-22 01:34:45] - [ERROR] => Restarting Mongo server
[2026-08-22 01:34:45] - [ERROR] => MongoDB connection error => querySrv ENOTFOUND _mongodb._tcp.testcluster.urrgt.mongodb.net
[2026-08-22 01:34:47] - [ERROR] => Restarting Mongo server
[2026-08-22 01:34:47] - [ERROR] => MongoDB connection error => querySrv ENOTFOUND _mongodb._tcp.testcluster.urrgt.mongodb.net
[2026-08-22 01:34:49] - [ERROR] => Restarting Mongo server
[2026-08-22 01:34:49] - [ERROR] => MongoDB connection error => querySrv ENOTFOUND _mongodb._tcp.testcluster.urrgt.mongodb.net
[2026-08-22 01:34:51] - [ERROR] => Restarting Mongo server
[2026-08-22 01:34:51] - [ERROR] => MongoDB connection error => querySrv ENOTFOUND _mongodb._tcp.testcluster.urrgt.mongodb.net
[2026-08-22 01:34:53] - [ERROR] => Restarting Mongo server
[2026-08-22 01:34:53] - [ERROR] => MongoDB connection error => querySrv ENOTFOUND _mongodb._tcp.testcluster.urrgt.mongodb.net
[2026-08-22 01:34:55] - [ERROR] => Restarting Mongo server
[2026-08-22 01:34:55] - [ERROR] => MongoDB connection error => querySrv ENOTFOUND _mongodb._tcp.testcluster.urrgt.mongodb.net
[2026-08-22 01:34:57] - [ERROR] => Restarting Mongo server
[2026-08-22 01:34:57] - [ERROR] => MongoDB connection error => querySrv ENOTFOUND _mongodb._tcp.testcluster.urrgt.mongodb.net
[2026-08-22 01:34:59] - [ERROR] => Restarting Mongo server
[2026-08-22 01:34:59] - [ERROR] => MongoDB connection error => querySrv ENOTFOUND _mongodb._tcp.testcluster.urrgt.mongodb.net
[2026-08-22 01:35:01] - [ERROR] => Restarting Mongo server
[2026-08-22 01:35:03] - [ERROR] => MongoDB connection error => querySrv ENOTFOUND _mongodb._tcp.testcluster.urrgt.mongodb.net
[2026-08-22 01:35:05] - [ERROR] => Restarting Mongo server
[2026-08-22 01:35:05] - [ERROR] => MongoDB connection error => querySrv ENOTFOUND _mongodb._tcp.testcluster.urrgt.mongodb.net
[2026-08-22 01:35:07] - [ERROR] => Restarting Mongo server
[2026-08-22 01:35:07] - [ERROR] => MongoDB connection error => querySrv ENOTFOUND _mongodb._tcp.testcluster.urrgt.mongodb.net
[2026-08-22 01:35:09] - [ERROR] => Restarting Mongo server
[2026-08-22 01:35:10] - [ERROR] => MongoDB connection error => querySrv ENOTFOUND _mongodb._tcp.testcluster.urrgt.mongodb.net
[2026-08-22 01:35:12] - [ERROR] => Restarting Mongo server
[2026-08-22 01:35:12] - [ERROR] => MongoDB connection error => querySrv ENOTFOUND _mongodb._tcp.testcluster.urrgt.mongodb.net
[2026-08-22 01:35:14] - [ERROR] => Restarting Mongo server
[2026-08-22 01:35:14] - [ERROR] => MongoDB connection error => querySrv ENOTFOUND _mongodb._tcp.testcluster.urrgt.mongodb.net
[2026-08-22 01:35:16] - [ERROR] => Restarting Mongo server
[2026-08-22 01:35:16] - [ERROR] => MongoDB connection error => querySrv ENOTFOUND _mongodb._tcp.testcluster.urrgt.mongodb.net
[2026-08-22 01:35:18] - [ERROR] => Restarting Mongo server
[2026-08-22 01:35:18] - [ERROR] => MongoDB connection error => querySrv ENOTFOUND _mongodb._tcp.testcluster.urrgt.mongodb.net
[2026-08-22 01:35:20] - [ERROR] => Restarting Mongo server
[2026-08-22 01:35:20] - [ERROR] => MongoDB connection error => querySrv ENOTFOUND _mongodb._tcp.testcluster.urrgt.mongodb.net
[2026-08-22 01:35:22] - [ERROR] => Restarting Mongo server
[2026-08-22 01:35:22] - [ERROR] => MongoDB connection error => querySrv ENOTFOUND _mongodb._tcp.testcluster.urrgt.mongodb.net
[2026-08-22 01:35:24] - [ERROR] => Restarting Mongo server
[2026-08-22 01:35:24] - [ERROR] => MongoDB connection error => querySrv ENOTFOUND _mongodb._tcp.testcluster.urrgt.mongodb.net
[2026-08-22 01:35:26] - [ERROR] => Restarting Mongo server
[2026-08-22 01:35:26] - [ERROR] => MongoDB connection error => querySrv ENOTFOUND _mongodb._tcp.testcluster.urrgt.mongodb.net
[2026-08-22 01:35:28] - [ERROR] => Restarting Mongo server
[2026-08-22 01:35:28] - [ERROR] => MongoDB connection error => querySrv ENOTFOUND _mongodb._tcp.testcluster.urrgt.mongodb.net
[2026-08-22 01:35:30] - [ERROR] => Restarting Mongo server
[2026-08-22 01:35:30] - [ERROR] => MongoDB connection error => querySrv ENOTFOUND _mongodb._tcp.testcluster.urrgt.mongodb.net
[2026-08-22 01:35:32] - [ERROR] => Restarting Mongo server
[2026-08-22 01:35:32] - [ERROR] => MongoDB connection error => querySrv ENOTFOUND _mongodb._tcp.testcluster.urrgt.mongodb.net
[2026-08-22 01:35:34] - [ERROR] => Restarting Mongo server
[2026-08-22 01:35:34] - [ERROR] => MongoDB connection error => querySrv ENOTFOUND _mongodb._tcp.testcluster.urrgt.mongodb.net
[2026-08-22 01:35:36] - [ERROR] => Restarting Mongo server
[2026-08-22 01:35:36] - [ERROR] => MongoDB connection error => querySrv ENOTFOUND _mongodb._tcp.testcluster.urrgt.mongodb.net
[2026-08-22 01:35:38] - [ERROR] => Restarting Mongo server
[2026-08-22 01:35:38] - [ERROR] => MongoDB connection error => querySrv ENOTFOUND _mongodb._tcp.testcluster.urrgt.mongodb.net
[2026-08-22 01:35:40] - [ERROR] => Restarting Mongo server
[2026-08-22 01:35:40] - [ERROR] => MongoDB connection error => querySrv ENOTFOUND _mongodb._tcp.testcluster.urrgt.mongodb.net
[2026-08-22 01:35:42] - [ERROR] => Restarting Mongo server
[2026-08-22 01:35:42] - [ERROR] => MongoDB connection error => querySrv ENOTFOUND _mongodb._tcp.testcluster.urrgt.mongodb.net
[2026-08-22 01:35:44] - [ERROR] => Restarting Mongo server
[2026-08-22 01:35:44] - [ERROR] => MongoDB connection error => querySrv ENOTFOUND _mongodb._tcp.testcluster.urrgt.mongodb.net
[2026-08-22 01:35:46] - [ERROR] => Restarting Mongo server
[2026-08-22 01:35:46] - [ERROR] => MongoDB connection error => querySrv ENOTFOUND _mongodb._tcp.testcluster.urrgt.mongodb.net
[2026-08-22 01:35:48] - [ERROR] => Restarting Mongo server
[2026-08-22 01:35:48] - [ERROR] => MongoDB connection error => querySrv ENOTFOUND _mongodb._tcp.testcluster.urrgt.mongodb.net
[2026-08-22 01:35:50] - [ERROR] => Restarting Mongo server
[2026-08-22 01:35:50] - [ERROR] => MongoDB connection error => querySrv ENOTFOUND _mongodb._tcp.testcluster.urrgt.mongodb.net
[2026-08-22 01:35:52] - [ERROR] => Restarting Mongo server
[2026-08-22 01:35:52] - [ERROR] => MongoDB connection error => querySrv ENOTFOUND _mongodb._tcp.testcluster.urrgt.mongodb.net
[2026-08-22 01:35:54] - [ERROR] => Restarting Mongo server
[2026-08-22 01:35:54] - [ERROR] => MongoDB connection error => querySrv ENOTFOUND _mongodb._tcp.testcluster.urrgt.mongodb.net
[2026-08-22 01:35:56] - [ERROR] => Restarting Mongo server
[2026-08-22 01:35:56] - [ERROR] => MongoDB connection error => querySrv ENOTFOUND _mongodb._tcp.testcluster.urrgt.mongodb.net
[2026-08-22 01:35:58] - [ERROR] => Restarting Mongo server
[2026-08-22 01:35:58] - [ERROR] => MongoDB connection error => querySrv ENOTFOUND _mongodb._tcp.testcluster.urrgt.mongodb.net
[2026-08-22 01:36:00] - [ERROR] => Restarting Mongo server
[2026-08-22 01:36:00] - [ERROR] => MongoDB connection error => querySrv ENOTFOUND _mongodb._tcp.testcluster.urrgt.mongodb.net
[2026-08-22 01:36:02] - [ERROR] => Restarting Mongo server
[2026-08-22 01:36:02] - [ERROR] => MongoDB connection error => querySrv ENOTFOUND _mongodb._tcp.testcluster.urrgt.mongodb.net
[2026-08-22 01:36:04] - [ERROR] => Restarting Mongo server
[2026-08-22 01:36:04] - [ERROR] => MongoDB connection error => querySrv ENOTFOUND _mongodb._tcp.testcluster.urrgt.mongodb.net
[2026-08-22 01:36:06] - [ERROR] => Restarting Mongo server
[2026-08-22 01:36:06] - [ERROR] => MongoDB connection error => querySrv ENOTFOUND _mongodb._tcp.testcluster.urrgt.mongodb.net
[2026-08-22 01:36:08] - [ERROR] => Restarting Mongo server
[2026-08-22 01:36:08] - [ERROR] => MongoDB connection error => querySrv ENOTFOUND _mongodb._tcp.testcluster.urrgt.mongodb.net
[2026-08-22 01:36:10] - [ERROR] => Restarting Mongo server
[2026-08-22 01:36:10] - [ERROR] => MongoDB connection error => querySrv ENOTFOUND _mongodb._tcp.testcluster.urrgt.mongodb.net
[2026-08-22 01:36:12] - [ERROR] => Restarting Mongo server
[2026-08-22 01:36:12] - [ERROR] => MongoDB connection error => querySrv ENOTFOUND _mongodb._tcp.testcluster.urrgt.mongodb.net
[2026-08-22 01:36:14] - [ERROR] => Restarting Mongo server
[2026-08-22 01:36:14] - [ERROR] => MongoDB connection error => querySrv ENOTFOUND _mongodb._tcp.testcluster.urrgt.mongodb.net
[2026-08-22 01:36:16] - [ERROR] => Restarting Mongo server
[2026-08-22 01:36:16] - [ERROR] => MongoDB connection error => querySrv ENOTFOUND _mongodb._tcp.testcluster.urrgt.mongodb.net
[2026-08-22 01:36:18] - [ERROR] => Restarting Mongo server
[2026-08-22 01:36:18] - [ERROR] => MongoDB connection error => querySrv ENOTFOUND _mongodb._tcp.testcluster.urrgt.mongodb.net
[2026-08-22 01:36:20] - [ERROR] => Restarting Mongo server
[2026-08-22 01:36:21] - [ERROR] => MongoDB connection error => querySrv ENOTFOUND _mongodb._tcp.testcluster.urrgt.mongodb.net
[2026-08-22 01:36:23] - [ERROR] => Restarting Mongo server
[2026-08-22 01:36:23] - [ERROR] => MongoDB connection error => querySrv ENOTFOUND _mongodb._tcp.testcluster.urrgt.mongodb.net
[2026-08-22 01:36:25] - [ERROR] => Restarting Mongo server
[2026-08-22 01:36:25] - [ERROR] => MongoDB connection error => querySrv ENOTFOUND _mongodb._tcp.testcluster.urrgt.mongodb.net
[2026-08-22 01:36:27] - [ERROR] => Restarting Mongo server
[2026-08-22 01:36:27] - [ERROR] => MongoDB connection error => querySrv ENOTFOUND _mongodb._tcp.testcluster.urrgt.mongodb.net
[2026-08-22 01:36:29] - [ERROR] => Restarting Mongo server
[2026-08-22 01:36:29] - [ERROR] => MongoDB connection error => querySrv ENOTFOUND _mongodb._tcp.testcluster.urrgt.mongodb.net
[2026-08-22 01:36:32] - [ERROR] => Restarting Mongo server
[2026-08-22 01:36:32] - [ERROR] => MongoDB connection error => querySrv ENOTFOUND _mongodb._tcp.testcluster.urrgt.mongodb.net
[2026-08-22 01:36:34] - [ERROR] => Restarting Mongo server
[2026-08-22 01:36:34] - [ERROR] => MongoDB connection error => querySrv ENOTFOUND _mongodb._tcp.testcluster.urrgt.mongodb.net
[2026-08-22 01:36:36] - [ERROR] => Restarting Mongo server
[2026-08-22 01:36:36] - [ERROR] => MongoDB connection error => querySrv ENOTFOUND _mongodb._tcp.testcluster.urrgt.mongodb.net
[2026-08-22 01:36:38] - [ERROR] => Restarting Mongo server
[2026-08-22 01:36:38] - [ERROR] => MongoDB connection error => querySrv ENOTFOUND _mongodb._tcp.testcluster.urrgt.mongodb.net
[2026-08-22 01:36:40] - [ERROR] => Restarting Mongo server
[2026-08-22 01:36:40] - [ERROR] => MongoDB connection error => querySrv ENOTFOUND _mongodb._tcp.testcluster.urrgt.mongodb.net
[2026-08-22 01:36:42] - [ERROR] => Restarting Mongo server
[2026-08-22 01:36:42] - [ERROR] => MongoDB connection error => querySrv ENOTFOUND _mongodb._tcp.testcluster.urrgt.mongodb.net
[2026-08-22 01:36:44] - [ERROR] => Restarting Mongo server
[2026-08-22 01:36:44] - [ERROR] => MongoDB connection error => querySrv ENOTFOUND _mongodb._tcp.testcluster.urrgt.mongodb.net
[2026-08-22 01:36:46] - [ERROR] => Restarting Mongo server
[2026-08-22 01:36:46] - [ERROR] => MongoDB connection error => querySrv ENOTFOUND _mongodb._tcp.testcluster.urrgt.mongodb.net
[2026-08-22 01:36:48] - [ERROR] => Restarting Mongo server
[2026-08-22 01:36:48] - [ERROR] => MongoDB connection error => querySrv ENOTFOUND _mongodb._tcp.testcluster.urrgt.mongodb.net
[2026-08-22 01:36:50] - [ERROR] => Restarting Mongo server
[2026-08-22 01:36:50] - [ERROR] => MongoDB connection error => querySrv ENOTFOUND _mongodb._tcp.testcluster.urrgt.mongodb.net
[2026-08-22 01:36:52] - [ERROR] => Restarting Mongo server
[2026-08-22 01:36:52] - [ERROR] => MongoDB connection error => querySrv ENOTFOUND _mongodb._tcp.testcluster.urrgt.mongodb.net
[2026-08-22 01:36:54] - [ERROR] => Restarting Mongo server
[2026-08-22 01:36:54] - [ERROR] => MongoDB connection error => querySrv ENOTFOUND _mongodb._tcp.testcluster.urrgt.mongodb.net
[2026-08-22 01:36:56] - [ERROR] => Restarting Mongo server
[2026-08-22 01:36:56] - [ERROR] => MongoDB connection error => querySrv ENOTFOUND _mongodb._tcp.testcluster.urrgt.mongodb.net
[2026-08-22 01:36:58] - [ERROR] => Restarting Mongo server
[2026-08-22 01:36:58] - [ERROR] => MongoDB connection error => querySrv ENOTFOUND _mongodb._tcp.testcluster.urrgt.mongodb.net
[2026-08-22 01:37:00] - [ERROR] => Restarting Mongo server
[2026-08-22 01:37:00] - [ERROR] => MongoDB connection error => querySrv ENOTFOUND _mongodb._tcp.testcluster.urrgt.mongodb.net
[2026-08-22 01:37:02] - [ERROR] => Restarting Mongo server
[2026-08-22 01:37:03] - [ERROR] => MongoDB connection error => querySrv ENOTFOUND _mongodb._tcp.testcluster.urrgt.mongodb.net
[2026-08-22 01:37:05] - [ERROR] => Restarting Mongo server
[2026-08-22 01:37:05] - [ERROR] => MongoDB connection error => querySrv ENOTFOUND _mongodb._tcp.testcluster.urrgt.mongodb.net
[2026-08-22 01:37:07] - [ERROR] => Restarting Mongo server
[2026-08-22 01:37:07] - [ERROR] => MongoDB connection error => querySrv ENOTFOUND _mongodb._tcp.testcluster.urrgt.mongodb.net
[2026-08-22 01:37:09] - [ERROR] => Restarting Mongo server
[2026-08-22 01:37:09] - [ERROR] => MongoDB connection error => querySrv ENOTFOUND _mongodb._tcp.testcluster.urrgt.mongodb.net
[2026-08-22 01:37:11] - [ERROR] => Restarting Mongo server
[2026-08-22 01:37:12] - [ERROR] => MongoDB connection error => querySrv ENOTFOUND _mongodb._tcp.testcluster.urrgt.mongodb.net
[2026-08-22 01:37:14] - [ERROR] => Restarting Mongo server
[2026-08-22 01:37:14] - [ERROR] => MongoDB connection error => querySrv ENOTFOUND _mongodb._tcp.testcluster.urrgt.mongodb.net
[2026-08-22 01:37:16] - [ERROR] => Restarting Mongo server
[2026-08-22 01:37:16] - [ERROR] => MongoDB connection error => querySrv ENOTFOUND _mongodb._tcp.testcluster.urrgt.mongodb.net
[2026-08-22 01:37:18] - [ERROR] => Restarting Mongo server
[2026-08-22 01:37:18] - [ERROR] => MongoDB connection error => querySrv ENOTFOUND _mongodb._tcp.testcluster.urrgt.mongodb.net
[2026-08-22 01:37:20] - [ERROR] => Restarting Mongo server
[2026-08-22 01:37:20] - [ERROR] => MongoDB connection error => querySrv ENOTFOUND _mongodb._tcp.testcluster.urrgt.mongodb.net
[2026-08-22 01:37:22] - [ERROR] => Restarting Mongo server
[2026-08-22 01:37:22] - [ERROR] => MongoDB connection error => querySrv ENOTFOUND _mongodb._tcp.testcluster.urrgt.mongodb.net
[2026-08-22 01:37:24] - [ERROR] => Restarting Mongo server
[2026-08-22 01:37:24] - [ERROR] => MongoDB connection error => querySrv ENOTFOUND _mongodb._tcp.testcluster.urrgt.mongodb.net
[2026-08-22 01:37:26] - [ERROR] => Restarting Mongo server
[2026-08-22 01:37:26] - [ERROR] => MongoDB connection error => querySrv ENOTFOUND _mongodb._tcp.testcluster.urrgt.mongodb.net
[2026-08-22 01:37:28] - [ERROR] => Restarting Mongo server
[2026-08-22 01:37:28] - [ERROR] => MongoDB connection error => querySrv ENOTFOUND _mongodb._tcp.testcluster.urrgt.mongodb.net
[2026-08-22 01:37:30] - [ERROR] => Restarting Mongo server
[2026-08-22 01:37:30] - [ERROR] => MongoDB connection error => querySrv ENOTFOUND _mongodb._tcp.testcluster.urrgt.mongodb.net
[2026-08-22 01:37:32] - [ERROR] => Restarting Mongo server
[2026-08-22 01:37:32] - [ERROR] => MongoDB connection error => querySrv ENOTFOUND _mongodb._tcp.testcluster.urrgt.mongodb.net
[2026-08-22 01:37:34] - [ERROR] => Restarting Mongo server
[2026-08-22 01:37:34] - [ERROR] => MongoDB connection error => querySrv ENOTFOUND _mongodb._tcp.testcluster.urrgt.mongodb.net
[2026-08-22 01:37:36] - [ERROR] => Restarting Mongo server
[2026-08-22 01:37:36] - [ERROR] => MongoDB connection error => querySrv ENOTFOUND _mongodb._tcp.testcluster.urrgt.mongodb.net
[2026-08-22 01:37:38] - [ERROR] => Restarting Mongo server
[2026-08-22 01:37:38] - [ERROR] => MongoDB connection error => querySrv ENOTFOUND _mongodb._tcp.testcluster.urrgt.mongodb.net
[2026-08-22 01:37:40] - [ERROR] => Restarting Mongo server
[2026-08-22 01:37:40] - [ERROR] => MongoDB connection error => querySrv ENOTFOUND _mongodb._tcp.testcluster.urrgt.mongodb.net
[2026-08-22 01:37:42] - [ERROR] => Restarting Mongo server
[2026-08-22 01:37:42] - [ERROR] => MongoDB connection error => querySrv ENOTFOUND _mongodb._tcp.testcluster.urrgt.mongodb.net
[2026-08-22 01:37:44] - [ERROR] => Restarting Mongo server
[2026-08-22 01:37:44] - [ERROR] => MongoDB connection error => querySrv ENOTFOUND _mongodb._tcp.testcluster.urrgt.mongodb.net
[2026-08-22 01:37:46] - [ERROR] => Restarting Mongo server
[2026-08-22 01:37:46] - [ERROR] => MongoDB connection error => querySrv ENOTFOUND _mongodb._tcp.testcluster.urrgt.mongodb.net
[2026-08-22 01:37:48] - [ERROR] => Restarting Mongo server
[2026-08-22 01:37:48] - [ERROR] => MongoDB connection error => querySrv ENOTFOUND _mongodb._tcp.testcluster.urrgt.mongodb.net
[2026-08-22 01:37:50] - [ERROR] => Restarting Mongo server
[2026-08-22 01:37:50] - [ERROR] => MongoDB connection error => querySrv ENOTFOUND _mongodb._tcp.testcluster.urrgt.mongodb.net
[2026-08-22 01:37:52] - [ERROR] => Restarting Mongo server
[2026-08-22 01:37:52] - [ERROR] => MongoDB connection error => querySrv ENOTFOUND _mongodb._tcp.testcluster.urrgt.mongodb.net
[2026-08-22 01:37:54] - [ERROR] => Restarting Mongo server
[2026-08-22 01:37:54] - [ERROR] => MongoDB connection error => querySrv ENOTFOUND _mongodb._tcp.testcluster.urrgt.mongodb.net
[2026-08-22 01:37:56] - [ERROR] => Restarting Mongo server
[2026-08-22 01:37:56] - [ERROR] => MongoDB connection error => querySrv ENOTFOUND _mongodb._tcp.testcluster.urrgt.mongodb.net
[2026-08-22 01:37:58] - [ERROR] => Restarting Mongo server
[2026-08-22 01:37:58] - [ERROR] => MongoDB connection error => querySrv ENOTFOUND _mongodb._tcp.testcluster.urrgt.mongodb.net
[2026-08-22 01:38:00] - [ERROR] => Restarting Mongo server
[2026-08-22 01:38:00] - [ERROR] => MongoDB connection error => querySrv ENOTFOUND _mongodb._tcp.testcluster.urrgt.mongodb.net
[2026-08-22 01:38:02] - [ERROR] => Restarting Mongo server
[2026-08-22 01:38:02] - [ERROR] => MongoDB connection error => querySrv ENOTFOUND _mongodb._tcp.testcluster.urrgt.mongodb.net
[2026-08-22 01:38:04] - [ERROR] => Restarting Mongo server
[2026-08-22 01:38:06] - [ERROR] => MongoDB connection error => querySrv ENOTFOUND _mongodb._tcp.testcluster.urrgt.mongodb.net
[2026-08-22 01:38:08] - [ERROR] => Restarting Mongo server
[2026-08-22 01:38:08] - [ERROR] => MongoDB connection error => querySrv ENOTFOUND _mongodb._tcp.testcluster.urrgt.mongodb.net
[2026-08-22 01:38:10] - [ERROR] => Restarting Mongo server
[2026-08-22 01:38:10] - [ERROR] => MongoDB connection error => querySrv ENOTFOUND _mongodb._tcp.testcluster.urrgt.mongodb.net
[2026-08-22 01:38:12] - [ERROR] => Restarting Mongo server
[2026-08-22 01:38:13] - [ERROR] => MongoDB connection error => querySrv ENOTFOUND _mongodb._tcp.testcluster.urrgt.mongodb.net
[2026-08-22 01:38:15] - [ERROR] => Restarting Mongo server
[2026-08-22 01:38:15] - [ERROR] => MongoDB connection error => querySrv ENOTFOUND _mongodb._tcp.testcluster.urrgt.mongodb.net
[2026-08-22 01:38:17] - [ERROR] => Restarting Mongo server
[2026-08-22 01:38:17] - [ERROR] => MongoDB connection error => querySrv ENOTFOUND _mongodb._tcp.testcluster.urrgt.mongodb.net
[2026-08-22 01:38:19] - [ERROR] => Restarting Mongo server
[2026-08-22 01:38:19] - [ERROR] => MongoDB connection error => querySrv ENOTFOUND _mongodb._tcp.testcluster.urrgt.mongodb.net
[2026-08-22 01:38:21] - [ERROR] => Restarting Mongo server
[2026-08-22 01:38:21] - [ERROR] => MongoDB connection error => querySrv ENOTFOUND _mongodb._tcp.testcluster.urrgt.mongodb.net
[2026-08-22 01:38:23] - [ERROR] => Restarting Mongo server
[2026-08-22 01:38:23] - [ERROR] => MongoDB connection error => querySrv ENOTFOUND _mongodb._tcp.testcluster.urrgt.mongodb.net
[2026-08-22 01:38:25] - [ERROR] => Restarting Mongo server
[2026-08-22 01:38:25] - [ERROR] => MongoDB connection error => querySrv ENOTFOUND _mongodb._tcp.testcluster.urrgt.mongodb.net
[2026-08-22 01:38:27] - [ERROR] => Restarting Mongo server
[2026-08-22 01:38:27] - [ERROR] => MongoDB connection error => querySrv ENOTFOUND _mongodb._tcp.testcluster.urrgt.mongodb.net
[2026-08-22 01:38:29] - [ERROR] => Restarting Mongo server
[2026-08-22 01:38:29] - [ERROR] => MongoDB connection error => querySrv ENOTFOUND _mongodb._tcp.testcluster.urrgt.mongodb.net
[2026-08-22 01:38:31] - [ERROR] => Restarting Mongo server
[2026-08-22 01:38:31] - [ERROR] => MongoDB connection error => querySrv ENOTFOUND _mongodb._tcp.testcluster.urrgt.mongodb.net
[2026-08-22 01:38:33] - [ERROR] => Restarting Mongo server
[2026-08-22 01:38:33] - [ERROR] => MongoDB connection error => querySrv ENOTFOUND _mongodb._tcp.testcluster.urrgt.mongodb.net
[2026-08-22 01:38:35] - [ERROR] => Restarting Mongo server
[2026-08-22 01:38:35] - [ERROR] => MongoDB connection error => querySrv ENOTFOUND _mongodb._tcp.testcluster.urrgt.mongodb.net
[2026-08-22 01:38:37] - [ERROR] => Restarting Mongo server
[2026-08-22 01:38:37] - [ERROR] => MongoDB connection error => querySrv ENOTFOUND _mongodb._tcp.testcluster.urrgt.mongodb.net
[2026-08-22 01:38:39] - [ERROR] => Restarting Mongo server
[2026-08-22 01:38:39] - [ERROR] => MongoDB connection error => querySrv ENOTFOUND _mongodb._tcp.testcluster.urrgt.mongodb.net
[2026-08-22 01:38:41] - [ERROR] => Restarting Mongo server
[2026-08-22 01:38:41] - [ERROR] => MongoDB connection error => querySrv ENOTFOUND _mongodb._tcp.testcluster.urrgt.mongodb.net
[2026-08-22 01:38:43] - [ERROR] => Restarting Mongo server
[2026-08-22 01:38:43] - [ERROR] => MongoDB connection error => querySrv ENOTFOUND _mongodb._tcp.testcluster.urrgt.mongodb.net
[2026-08-22 01:38:45] - [ERROR] => Restarting Mongo server
[2026-08-22 01:38:45] - [ERROR] => MongoDB connection error => querySrv ENOTFOUND _mongodb._tcp.testcluster.urrgt.mongodb.net
[2026-08-22 01:38:47] - [ERROR] => Restarting Mongo server
[2026-08-22 01:38:47] - [ERROR] => MongoDB connection error => querySrv ENOTFOUND _mongodb._tcp.testcluster.urrgt.mongodb.net
[2026-08-22 01:38:49] - [ERROR] => Restarting Mongo server
[2026-08-22 01:38:49] - [ERROR] => MongoDB connection error => querySrv ENOTFOUND _mongodb._tcp.testcluster.urrgt.mongodb.net
[2026-08-22 01:38:51] - [ERROR] => Restarting Mongo server
[2026-08-22 01:38:51] - [ERROR] => MongoDB connection error => querySrv ENOTFOUND _mongodb._tcp.testcluster.urrgt.mongodb.net
[2026-08-22 01:38:53] - [ERROR] => Restarting Mongo server
[2026-08-22 01:38:53] - [ERROR] => MongoDB connection error => querySrv ENOTFOUND _mongodb._tcp.testcluster.urrgt.mongodb.net
[2026-08-22 01:38:55] - [ERROR] => Restarting Mongo server
[2026-08-22 01:38:55] - [ERROR] => MongoDB connection error => querySrv ENOTFOUND _mongodb._tcp.testcluster.urrgt.mongodb.net
[2026-08-22 01:38:57] - [ERROR] => Restarting Mongo server
[2026-08-22 01:38:57] - [ERROR] => MongoDB connection error => querySrv ENOTFOUND _mongodb._tcp.testcluster.urrgt.mongodb.net
[2026-08-22 01:38:59] - [ERROR] => Restarting Mongo server
[2026-08-22 01:38:59] - [ERROR] => MongoDB connection error => querySrv ENOTFOUND _mongodb._tcp.testcluster.urrgt.mongodb.net
[2026-08-22 01:39:01] - [ERROR] => Restarting Mongo server
[2026-08-22 01:39:01] - [ERROR] => MongoDB connection error => querySrv ENOTFOUND _mongodb._tcp.testcluster.urrgt.mongodb.net
[2026-08-22 01:39:03] - [ERROR] => Restarting Mongo server
[2026-08-22 01:39:03] - [ERROR] => MongoDB connection error => querySrv ENOTFOUND _mongodb._tcp.testcluster.urrgt.mongodb.net
[2026-08-22 01:39:05] - [ERROR] => Restarting Mongo server
[2026-08-22 01:39:05] - [ERROR] => MongoDB connection error => querySrv ENOTFOUND _mongodb._tcp.testcluster.urrgt.mongodb.net
[2026-08-22 01:39:07] - [ERROR] => Restarting Mongo server
[2026-08-22 01:39:08] - [ERROR] => MongoDB connection error => querySrv ENOTFOUND _mongodb._tcp.testcluster.urrgt.mongodb.net
[2026-08-22 01:39:10] - [ERROR] => Restarting Mongo server
[2026-08-22 01:39:10] - [ERROR] => MongoDB connection error => querySrv ENOTFOUND _mongodb._tcp.testcluster.urrgt.mongodb.net
[2026-08-22 01:39:12] - [ERROR] => Restarting Mongo server
[2026-08-22 01:39:12] - [ERROR] => MongoDB connection error => querySrv ENOTFOUND _mongodb._tcp.testcluster.urrgt.mongodb.net
[2026-08-22 01:39:14] - [ERROR] => Restarting Mongo server
[2026-08-22 01:39:14] - [ERROR] => MongoDB connection error => querySrv ENOTFOUND _mongodb._tcp.testcluster.urrgt.mongodb.net
[2026-08-22 01:39:16] - [ERROR] => Restarting Mongo server
[2026-08-22 01:39:16] - [ERROR] => MongoDB connection error => querySrv ENOTFOUND _mongodb._tcp.testcluster.urrgt.mongodb.net
[2026-08-22 01:39:18] - [ERROR] => Restarting Mongo server
[2026-08-22 01:39:18] - [ERROR] => MongoDB connection error => querySrv ENOTFOUND _mongodb._tcp.testcluster.urrgt.mongodb.net
[2026-08-22 01:39:20] - [ERROR] => Restarting Mongo server
[2026-08-22 01:39:20] - [ERROR] => MongoDB connection error => querySrv ENOTFOUND _mongodb._tcp.testcluster.urrgt.mongodb.net
[2026-08-22 01:39:22] - [ERROR] => Restarting Mongo server
[2026-08-22 01:39:23] - [ERROR] => MongoDB connection error => querySrv ENOTFOUND _mongodb._tcp.testcluster.urrgt.mongodb.net
[2026-08-22 01:39:25] - [ERROR] => Restarting Mongo server
[2026-08-22 01:39:25] - [ERROR] => MongoDB connection error => querySrv ENOTFOUND _mongodb._tcp.testcluster.urrgt.mongodb.net
[2026-08-22 01:39:27] - [ERROR] => Restarting Mongo server
[2026-08-22 01:39:27] - [ERROR] => MongoDB connection error => querySrv ENOTFOUND _mongodb._tcp.testcluster.urrgt.mongodb.net
[2026-08-22 01:39:29] - [ERROR] => Restarting Mongo server
[2026-08-22 01:39:29] - [ERROR] => MongoDB connection error => querySrv ENOTFOUND _mongodb._tcp.testcluster.urrgt.mongodb.net
[2026-08-22 01:39:31] - [ERROR] => Restarting Mongo server
[2026-08-22 01:39:31] - [ERROR] => MongoDB connection error => querySrv ENOTFOUND _mongodb._tcp.testcluster.urrgt.mongodb.net
[2026-08-22 01:39:33] - [ERROR] => Restarting Mongo server
[2026-08-22 01:39:33] - [ERROR] => MongoDB connection error => querySrv ENOTFOUND _mongodb._tcp.testcluster.urrgt.mongodb.net
[2026-08-22 01:39:35] - [ERROR] => Restarting Mongo server
[2026-08-22 01:39:35] - [ERROR] => MongoDB connection error => querySrv ENOTFOUND _mongodb._tcp.testcluster.urrgt.mongodb.net
[2026-08-22 01:39:38] - [ERROR] => Restarting Mongo server
[2026-08-22 01:39:38] - [ERROR] => MongoDB connection error => querySrv ENOTFOUND _mongodb._tcp.testcluster.urrgt.mongodb.net
[2026-08-22 01:39:40] - [ERROR] => Restarting Mongo server
[2026-08-22 01:39:40] - [ERROR] => MongoDB connection error => querySrv ENOTFOUND _mongodb._tcp.testcluster.urrgt.mongodb.net
[2026-08-22 01:39:42] - [ERROR] => Restarting Mongo server
[2026-08-22 01:39:42] - [ERROR] => MongoDB connection error => querySrv ENOTFOUND _mongodb._tcp.testcluster.urrgt.mongodb.net
[2026-08-22 01:39:44] - [ERROR] => Restarting Mongo server
[2026-08-22 01:39:44] - [ERROR] => MongoDB connection error => querySrv ENOTFOUND _mongodb._tcp.testcluster.urrgt.mongodb.net
[2026-08-22 01:39:46] - [ERROR] => Restarting Mongo server
[2026-08-22 01:39:46] - [ERROR] => MongoDB connection error => querySrv ENOTFOUND _mongodb._tcp.testcluster.urrgt.mongodb.net
[2026-08-22 01:39:48] - [ERROR] => Restarting Mongo server
[2026-08-22 01:39:48] - [ERROR] => MongoDB connection error => querySrv ENOTFOUND _mongodb._tcp.testcluster.urrgt.mongodb.net
[2026-08-22 01:39:50] - [ERROR] => Restarting Mongo server
[2026-08-22 01:39:50] - [ERROR] => MongoDB connection error => querySrv ENOTFOUND _mongodb._tcp.testcluster.urrgt.mongodb.net
[2026-08-22 01:39:52] - [ERROR] => Restarting Mongo server
[2026-08-22 01:39:52] - [ERROR] => MongoDB connection error => querySrv ENOTFOUND _mongodb._tcp.testcluster.urrgt.mongodb.net
[2026-08-22 01:39:54] - [ERROR] => Restarting Mongo server
[2026-08-22 01:39:54] - [ERROR] => MongoDB connection error => querySrv ENOTFOUND _mongodb._tcp.testcluster.urrgt.mongodb.net
[2026-08-22 01:39:56] - [ERROR] => Restarting Mongo server
[2026-08-22 01:39:56] - [ERROR] => MongoDB connection error => querySrv ENOTFOUND _mongodb._tcp.testcluster.urrgt.mongodb.net
[2026-08-22 01:39:58] - [ERROR] => Restarting Mongo server
[2026-08-22 01:39:58] - [ERROR] => MongoDB connection error => querySrv ENOTFOUND _mongodb._tcp.testcluster.urrgt.mongodb.net
[2026-08-22 01:40:00] - [ERROR] => Restarting Mongo server
[2026-08-22 01:40:00] - [ERROR] => MongoDB connection error => querySrv ENOTFOUND _mongodb._tcp.testcluster.urrgt.mongodb.net
[2026-08-22 01:40:02] - [ERROR] => Restarting Mongo server
[2026-08-22 01:40:02] - [ERROR] => MongoDB connection error => querySrv ENOTFOUND _mongodb._tcp.testcluster.urrgt.mongodb.net
[2026-08-22 01:40:04] - [ERROR] => Restarting Mongo server
[2026-08-22 01:40:04] - [ERROR] => MongoDB connection error => querySrv ENOTFOUND _mongodb._tcp.testcluster.urrgt.mongodb.net
[2026-08-22 01:40:06] - [ERROR] => Restarting Mongo server
[2026-08-22 01:40:06] - [ERROR] => MongoDB connection error => querySrv ENOTFOUND _mongodb._tcp.testcluster.urrgt.mongodb.net
[2026-08-22 01:40:08] - [ERROR] => Restarting Mongo server
[2026-08-22 01:40:08] - [ERROR] => MongoDB connection error => querySrv ENOTFOUND _mongodb._tcp.testcluster.urrgt.mongodb.net
[2026-08-22 01:40:10] - [ERROR] => Restarting Mongo server
[2026-08-22 01:40:10] - [ERROR] => MongoDB connection error => querySrv ENOTFOUND _mongodb._tcp.testcluster.urrgt.mongodb.net
[2026-08-22 01:40:12] - [ERROR] => Restarting Mongo server
[2026-08-22 01:40:12] - [ERROR] => MongoDB connection error => querySrv ENOTFOUND _mongodb._tcp.testcluster.urrgt.mongodb.net
[2026-08-22 01:40:14] - [ERROR] => Restarting Mongo server
[2026-08-22 01:40:14] - [ERROR] => MongoDB connection error => querySrv ENOTFOUND _mongodb._tcp.testcluster.urrgt.mongodb.net
[2026-08-22 01:40:16] - [ERROR] => Restarting Mongo server
[2026-08-22 01:40:16] - [ERROR] => MongoDB connection error => querySrv ENOTFOUND _mongodb._tcp.testcluster.urrgt.mongodb.net
[2026-08-22 01:40:18] - [ERROR] => Restarting Mongo server
[2026-08-22 01:40:18] - [ERROR] => MongoDB connection error => querySrv ENOTFOUND _mongodb._tcp.testcluster.urrgt.mongodb.net
[2026-08-22 01:40:20] - [ERROR] => Restarting Mongo server
[2026-08-22 01:40:20] - [ERROR] => MongoDB connection error => querySrv ENOTFOUND _mongodb._tcp.testcluster.urrgt.mongodb.net
[2026-08-22 01:40:22] - [ERROR] => Restarting Mongo server
[2026-08-22 01:40:22] - [ERROR] => MongoDB connection error => querySrv ENOTFOUND _mongodb._tcp.testcluster.urrgt.mongodb.net
[2026-08-22 01:40:24] - [ERROR] => Restarting Mongo server
[2026-08-22 01:40:24] - [ERROR] => MongoDB connection error => querySrv ENOTFOUND _mongodb._tcp.testcluster.urrgt.mongodb.net
[2026-08-22 01:40:26] - [ERROR] => Restarting Mongo server
[2026-08-22 01:40:26] - [ERROR] => MongoDB connection error => querySrv ENOTFOUND _mongodb._tcp.testcluster.urrgt.mongodb.net
[2026-08-22 01:40:28] - [ERROR] => Restarting Mongo server
[2026-08-22 01:40:28] - [ERROR] => MongoDB connection error => querySrv ENOTFOUND _mongodb._tcp.testcluster.urrgt.mongodb.net
[2026-08-22 01:40:30] - [ERROR] => Restarting Mongo server
[2026-08-22 01:40:30] - [ERROR] => MongoDB connection error => querySrv ENOTFOUND _mongodb._tcp.testcluster.urrgt.mongodb.net
[2026-08-22 01:40:32] - [ERROR] => Restarting Mongo server
[2026-08-22 01:40:32] - [ERROR] => MongoDB connection error => querySrv ENOTFOUND _mongodb._tcp.testcluster.urrgt.mongodb.net
[2026-08-22 01:40:34] - [ERROR] => Restarting Mongo server
[2026-08-22 01:40:34] - [ERROR] => MongoDB connection error => querySrv ENOTFOUND _mongodb._tcp.testcluster.urrgt.mongodb.net
[2026-08-22 01:40:36] - [ERROR] => Restarting Mongo server
[2026-08-22 01:40:36] - [ERROR] => MongoDB connection error => querySrv ENOTFOUND _mongodb._tcp.testcluster.urrgt.mongodb.net
[2026-08-22 01:40:38] - [ERROR] => Restarting Mongo server
[2026-08-22 01:40:38] - [ERROR] => MongoDB connection error => querySrv ENOTFOUND _mongodb._tcp.testcluster.urrgt.mongodb.net
[2026-08-22 01:40:40] - [ERROR] => Restarting Mongo server
[2026-08-22 01:40:40] - [ERROR] => MongoDB connection error => querySrv ENOTFOUND _mongodb._tcp.testcluster.urrgt.mongodb.net
[2026-08-22 01:40:42] - [ERROR] => Restarting Mongo server
[2026-08-22 01:40:42] - [ERROR] => MongoDB connection error => querySrv ENOTFOUND _mongodb._tcp.testcluster.urrgt.mongodb.net
[2026-08-22 01:40:44] - [ERROR] => Restarting Mongo server
[2026-08-22 01:40:44] - [ERROR] => MongoDB connection error => querySrv ENOTFOUND _mongodb._tcp.testcluster.urrgt.mongodb.net
[2026-08-22 01:40:46] - [ERROR] => Restarting Mongo server
[2026-08-22 01:40:46] - [ERROR] => MongoDB connection error => querySrv ENOTFOUND _mongodb._tcp.testcluster.urrgt.mongodb.net
[2026-08-22 01:40:48] - [ERROR] => Restarting Mongo server
[2026-08-22 01:40:48] - [ERROR] => MongoDB connection error => querySrv ENOTFOUND _mongodb._tcp.testcluster.urrgt.mongodb.net
[2026-08-22 01:40:50] - [ERROR] => Restarting Mongo server
[2026-08-22 01:40:50] - [ERROR] => MongoDB connection error => querySrv ENOTFOUND _mongodb._tcp.testcluster.urrgt.mongodb.net
[2026-08-22 01:40:52] - [ERROR] => Restarting Mongo server
[2026-08-22 01:40:52] - [ERROR] => MongoDB connection error => querySrv ENOTFOUND _mongodb._tcp.testcluster.urrgt.mongodb.net
[2026-08-22 01:40:54] - [ERROR] => Restarting Mongo server
[2026-08-22 01:40:54] - [ERROR] => MongoDB connection error => querySrv ENOTFOUND _mongodb._tcp.testcluster.urrgt.mongodb.net
[2026-08-22 01:40:56] - [ERROR] => Restarting Mongo server
[2026-08-22 01:40:56] - [ERROR] => MongoDB connection error => querySrv ENOTFOUND _mongodb._tcp.testcluster.urrgt.mongodb.net
[2026-08-22 01:40:58] - [ERROR] => Restarting Mongo server
[2026-08-22 01:40:58] - [ERROR] => MongoDB connection error => querySrv ENOTFOUND _mongodb._tcp.testcluster.urrgt.mongodb.net
[2026-08-22 01:41:00] - [ERROR] => Restarting Mongo server
[2026-08-22 01:41:00] - [ERROR] => MongoDB connection error => querySrv ENOTFOUND _mongodb._tcp.testcluster.urrgt.mongodb.net
[2026-08-22 01:41:02] - [ERROR] => Restarting Mongo server
[2026-08-22 01:41:02] - [ERROR] => MongoDB connection error => querySrv ENOTFOUND _mongodb._tcp.testcluster.urrgt.mongodb.net
[2026-08-22 01:41:04] - [ERROR] => Restarting Mongo server
[2026-08-22 01:41:04] - [ERROR] => MongoDB connection error => querySrv ENOTFOUND _mongodb._tcp.testcluster.urrgt.mongodb.net
[2026-08-22 01:41:06] - [ERROR] => Restarting Mongo server
[2026-08-22 01:41:06] - [ERROR] => MongoDB connection error => querySrv ENOTFOUND _mongodb._tcp.testcluster.urrgt.mongodb.net
[2026-08-22 01:41:08] - [ERROR] => Restarting Mongo server
[2026-08-22 01:41:08] - [ERROR] => MongoDB connection error => querySrv ENOTFOUND _mongodb._tcp.testcluster.urrgt.mongodb.net
[2026-08-22 01:41:10] - [ERROR] => Restarting Mongo server
[2026-08-22 01:41:10] - [ERROR] => MongoDB connection error => querySrv ENOTFOUND _mongodb._tcp.testcluster.urrgt.mongodb.net
[2026-08-22 01:41:12] - [ERROR] => Restarting Mongo server
[2026-08-22 01:41:12] - [ERROR] => MongoDB connection error => querySrv ENOTFOUND _mongodb._tcp.testcluster.urrgt.mongodb.net
[2026-08-22 01:41:14] - [ERROR] => Restarting Mongo server
[2026-08-22 01:41:14] - [ERROR] => MongoDB connection error => querySrv ENOTFOUND _mongodb._tcp.testcluster.urrgt.mongodb.net
[2026-08-22 01:41:16] - [ERROR] => Restarting Mongo server
[2026-08-22 01:41:16] - [ERROR] => MongoDB connection error => querySrv ENOTFOUND _mongodb._tcp.testcluster.urrgt.mongodb.net
[2026-08-22 01:41:19] - [ERROR] => Restarting Mongo server
[2026-08-22 01:41:19] - [ERROR] => MongoDB connection error => querySrv ENOTFOUND _mongodb._tcp.testcluster.urrgt.mongodb.net
[2026-08-22 01:41:21] - [ERROR] => Restarting Mongo server
[2026-08-22 01:41:21] - [ERROR] => MongoDB connection error => querySrv ENOTFOUND _mongodb._tcp.testcluster.urrgt.mongodb.net
[2026-08-22 01:41:23] - [ERROR] => Restarting Mongo server
[2026-08-22 01:41:23] - [ERROR] => MongoDB connection error => querySrv ENOTFOUND _mongodb._tcp.testcluster.urrgt.mongodb.net
[2026-08-22 01:41:25] - [ERROR] => Restarting Mongo server
[2026-08-22 01:41:25] - [ERROR] => MongoDB connection error => querySrv ENOTFOUND _mongodb._tcp.testcluster.urrgt.mongodb.net
[2026-08-22 01:41:27] - [ERROR] => Restarting Mongo server
[2026-08-22 01:41:27] - [ERROR] => MongoDB connection error => querySrv ENOTFOUND _mongodb._tcp.testcluster.urrgt.mongodb.net
[2026-08-22 01:41:29] - [ERROR] => Restarting Mongo server
[2026-08-22 01:41:29] - [ERROR] => MongoDB connection error => querySrv ENOTFOUND _mongodb._tcp.testcluster.urrgt.mongodb.net
[2026-08-22 01:41:31] - [ERROR] => Restarting Mongo server
[2026-08-22 01:41:31] - [ERROR] => MongoDB connection error => querySrv ENOTFOUND _mongodb._tcp.testcluster.urrgt.mongodb.net
[2026-08-22 01:41:33] - [ERROR] => Restarting Mongo server
[2026-08-22 01:41:33] - [ERROR] => MongoDB connection error => querySrv ENOTFOUND _mongodb._tcp.testcluster.urrgt.mongodb.net
[2026-08-22 01:41:35] - [ERROR] => Restarting Mongo server
[2026-08-22 01:41:35] - [ERROR] => MongoDB connection error => querySrv ENOTFOUND _mongodb._tcp.testcluster.urrgt.mongodb.net
[2026-08-22 01:41:37] - [ERROR] => Restarting Mongo server
[2026-08-22 01:41:37] - [ERROR] => MongoDB connection error => querySrv ENOTFOUND _mongodb._tcp.testcluster.urrgt.mongodb.net
[2026-08-22 01:41:39] - [ERROR] => Restarting Mongo server
[2026-08-22 01:41:39] - [ERROR] => MongoDB connection error => querySrv ENOTFOUND _mongodb._tcp.testcluster.urrgt.mongodb.net
[2026-08-22 01:41:41] - [ERROR] => Restarting Mongo server
[2026-08-22 01:41:41] - [ERROR] => MongoDB connection error => querySrv ENOTFOUND _mongodb._tcp.testcluster.urrgt.mongodb.net
[2026-08-22 01:41:43] - [ERROR] => Restarting Mongo server
[2026-08-22 01:41:43] - [ERROR] => MongoDB connection error => querySrv ENOTFOUND _mongodb._tcp.testcluster.urrgt.mongodb.net
[2026-08-22 01:41:45] - [ERROR] => Restarting Mongo server
[2026-08-22 01:41:45] - [ERROR] => MongoDB connection error => querySrv ENOTFOUND _mongodb._tcp.testcluster.urrgt.mongodb.net
[2026-08-22 01:41:47] - [ERROR] => Restarting Mongo server
[2026-08-22 01:41:47] - [ERROR] => MongoDB connection error => querySrv ENOTFOUND _mongodb._tcp.testcluster.urrgt.mongodb.net
[2026-08-22 01:41:49] - [ERROR] => Restarting Mongo server
[2026-08-22 01:41:49] - [ERROR] => MongoDB connection error => querySrv ENOTFOUND _mongodb._tcp.testcluster.urrgt.mongodb.net
[2026-08-22 01:41:51] - [ERROR] => Restarting Mongo server
[2026-08-22 01:41:51] - [ERROR] => MongoDB connection error => querySrv ENOTFOUND _mongodb._tcp.testcluster.urrgt.mongodb.net
[2026-08-22 01:41:53] - [ERROR] => Restarting Mongo server
[2026-08-22 01:41:53] - [ERROR] => MongoDB connection error => querySrv ENOTFOUND _mongodb._tcp.testcluster.urrgt.mongodb.net
[2026-08-22 01:41:55] - [ERROR] => Restarting Mongo server
[2026-08-22 01:41:55] - [ERROR] => MongoDB connection error => querySrv ENOTFOUND _mongodb._tcp.testcluster.urrgt.mongodb.net
[2026-08-22 01:41:57] - [ERROR] => Restarting Mongo server
[2026-08-22 01:41:57] - [ERROR] => MongoDB connection error => querySrv ENOTFOUND _mongodb._tcp.testcluster.urrgt.mongodb.net
[2026-08-22 01:41:59] - [ERROR] => Restarting Mongo server
[2026-08-22 01:41:59] - [ERROR] => MongoDB connection error => querySrv ENOTFOUND _mongodb._tcp.testcluster.urrgt.mongodb.net
[2026-08-22 01:42:01] - [ERROR] => Restarting Mongo server
[2026-08-22 01:42:01] - [ERROR] => MongoDB connection error => querySrv ENOTFOUND _mongodb._tcp.testcluster.urrgt.mongodb.net
[2026-08-22 01:42:03] - [ERROR] => Restarting Mongo server
[2026-08-22 01:42:03] - [ERROR] => MongoDB connection error => querySrv ENOTFOUND _mongodb._tcp.testcluster.urrgt.mongodb.net
[2026-08-22 01:42:05] - [ERROR] => Restarting Mongo server
[2026-08-22 01:42:05] - [ERROR] => MongoDB connection error => querySrv ENOTFOUND _mongodb._tcp.testcluster.urrgt.mongodb.net
[2026-08-22 01:42:07] - [ERROR] => Restarting Mongo server
[2026-08-22 01:42:07] - [ERROR] => MongoDB connection error => querySrv ENOTFOUND _mongodb._tcp.testcluster.urrgt.mongodb.net
[2026-08-22 01:42:09] - [ERROR] => Restarting Mongo server
[2026-08-22 01:42:09] - [ERROR] => MongoDB connection error => querySrv ENOTFOUND _mongodb._tcp.testcluster.urrgt.mongodb.net
[2026-08-22 01:42:11] - [ERROR] => Restarting Mongo server
[2026-08-22 01:42:11] - [ERROR] => MongoDB connection error => querySrv ENOTFOUND _mongodb._tcp.testcluster.urrgt.mongodb.net
[2026-08-22 01:42:13] - [ERROR] => Restarting Mongo server
[2026-08-22 01:42:13] - [ERROR] => MongoDB connection error => querySrv ENOTFOUND _mongodb._tcp.testcluster.urrgt.mongodb.net
[2026-08-22 01:42:15] - [ERROR] => Restarting Mongo server
[2026-08-22 01:42:15] - [ERROR] => MongoDB connection error => querySrv ENOTFOUND _mongodb._tcp.testcluster.urrgt.mongodb.net
[2026-08-22 01:42:17] - [ERROR] => Restarting Mongo server
[2026-08-22 01:42:17] - [ERROR] => MongoDB connection error => querySrv ENOTFOUND _mongodb._tcp.testcluster.urrgt.mongodb.net
[2026-08-22 01:42:19] - [ERROR] => Restarting Mongo server
[2026-08-22 01:42:19] - [ERROR] => MongoDB connection error => querySrv ENOTFOUND _mongodb._tcp.testcluster.urrgt.mongodb.net
[2026-08-22 01:42:21] - [ERROR] => Restarting Mongo server
[2026-08-22 01:42:21] - [ERROR] => MongoDB connection error => querySrv ENOTFOUND _mongodb._tcp.testcluster.urrgt.mongodb.net
[2026-08-22 01:42:23] - [ERROR] => Restarting Mongo server
[2026-08-22 01:42:23] - [ERROR] => MongoDB connection error => querySrv ENOTFOUND _mongodb._tcp.testcluster.urrgt.mongodb.net
[2026-08-22 01:42:25] - [ERROR] => Restarting Mongo server
[2026-08-22 01:42:26] - [ERROR] => MongoDB connection error => querySrv ENOTFOUND _mongodb._tcp.testcluster.urrgt.mongodb.net
[2026-08-22 01:42:28] - [ERROR] => Restarting Mongo server
[2026-08-22 01:42:28] - [ERROR] => MongoDB connection error => querySrv ENOTFOUND _mongodb._tcp.testcluster.urrgt.mongodb.net
[2026-08-22 01:42:30] - [ERROR] => Restarting Mongo server
[2026-08-22 01:42:30] - [ERROR] => MongoDB connection error => querySrv ENOTFOUND _mongodb._tcp.testcluster.urrgt.mongodb.net
[2026-08-22 01:42:32] - [ERROR] => Restarting Mongo server
[2026-08-22 01:42:32] - [ERROR] => MongoDB connection error => querySrv ENOTFOUND _mongodb._tcp.testcluster.urrgt.mongodb.net
[2026-08-22 01:42:34] - [ERROR] => Restarting Mongo server
[2026-08-22 01:42:34] - [ERROR] => MongoDB connection error => querySrv ENOTFOUND _mongodb._tcp.testcluster.urrgt.mongodb.net
[2026-08-22 01:42:36] - [ERROR] => Restarting Mongo server
[2026-08-22 01:42:36] - [ERROR] => MongoDB connection error => querySrv ENOTFOUND _mongodb._tcp.testcluster.urrgt.mongodb.net
[2026-08-22 01:42:38] - [ERROR] => Restarting Mongo server
[2026-08-22 01:42:38] - [ERROR] => MongoDB connection error => querySrv ENOTFOUND _mongodb._tcp.testcluster.urrgt.mongodb.net
[2026-08-22 01:42:40] - [ERROR] => Restarting Mongo server
[2026-08-22 01:42:40] - [ERROR] => MongoDB connection error => querySrv ENOTFOUND _mongodb._tcp.testcluster.urrgt.mongodb.net
[2026-08-22 01:42:42] - [ERROR] => Restarting Mongo server
[2026-08-22 01:42:42] - [ERROR] => MongoDB connection error => querySrv ENOTFOUND _mongodb._tcp.testcluster.urrgt.mongodb.net
[2026-08-22 01:42:44] - [ERROR] => Restarting Mongo server
[2026-08-22 01:42:44] - [ERROR] => MongoDB connection error => querySrv ENOTFOUND _mongodb._tcp.testcluster.urrgt.mongodb.net
[2026-08-22 01:42:46] - [ERROR] => Restarting Mongo server
[2026-08-22 01:42:46] - [ERROR] => MongoDB connection error => querySrv ENOTFOUND _mongodb._tcp.testcluster.urrgt.mongodb.net
[2026-08-22 01:42:48] - [ERROR] => Restarting Mongo server
[2026-08-22 01:42:48] - [ERROR] => MongoDB connection error => querySrv ENOTFOUND _mongodb._tcp.testcluster.urrgt.mongodb.net
[2026-08-22 01:42:50] - [ERROR] => Restarting Mongo server
[2026-08-22 01:42:50] - [ERROR] => MongoDB connection error => querySrv ENOTFOUND _mongodb._tcp.testcluster.urrgt.mongodb.net
[2026-08-22 01:42:52] - [ERROR] => Restarting Mongo server
[2026-08-22 01:42:52] - [ERROR] => MongoDB connection error => querySrv ENOTFOUND _mongodb._tcp.testcluster.urrgt.mongodb.net
[2026-08-22 01:42:54] - [ERROR] => Restarting Mongo server
[2026-08-22 01:42:54] - [ERROR] => MongoDB connection error => querySrv ENOTFOUND _mongodb._tcp.testcluster.urrgt.mongodb.net
[2026-08-22 01:42:56] - [ERROR] => Restarting Mongo server
[2026-08-22 01:42:56] - [ERROR] => MongoDB connection error => querySrv ENOTFOUND _mongodb._tcp.testcluster.urrgt.mongodb.net
[2026-08-22 01:42:58] - [ERROR] => Restarting Mongo server
[2026-08-22 01:42:58] - [ERROR] => MongoDB connection error => querySrv ENOTFOUND _mongodb._tcp.testcluster.urrgt.mongodb.net
[2026-08-22 01:43:00] - [ERROR] => Restarting Mongo server
[2026-08-22 01:43:00] - [ERROR] => MongoDB connection error => querySrv ENOTFOUND _mongodb._tcp.testcluster.urrgt.mongodb.net
[2026-08-22 01:43:02] - [ERROR] => Restarting Mongo server
[2026-08-22 01:43:02] - [ERROR] => MongoDB connection error => querySrv ENOTFOUND _mongodb._tcp.testcluster.urrgt.mongodb.net
[2026-08-22 01:43:04] - [ERROR] => Restarting Mongo server
[2026-08-22 01:43:04] - [ERROR] => MongoDB connection error => querySrv ENOTFOUND _mongodb._tcp.testcluster.urrgt.mongodb.net
[2026-08-22 01:43:06] - [ERROR] => Restarting Mongo server
[2026-08-22 01:43:06] - [ERROR] => MongoDB connection error => querySrv ENOTFOUND _mongodb._tcp.testcluster.urrgt.mongodb.net
[2026-08-22 01:43:08] - [ERROR] => Restarting Mongo server
[2026-08-22 01:43:08] - [ERROR] => MongoDB connection error => querySrv ENOTFOUND _mongodb._tcp.testcluster.urrgt.mongodb.net
[2026-08-22 01:43:10] - [ERROR] => Restarting Mongo server
[2026-08-22 01:43:11] - [ERROR] => MongoDB connection error => querySrv ENOTFOUND _mongodb._tcp.testcluster.urrgt.mongodb.net
[2026-08-22 01:43:13] - [ERROR] => Restarting Mongo server
[2026-08-22 01:43:13] - [ERROR] => MongoDB connection error => querySrv ENOTFOUND _mongodb._tcp.testcluster.urrgt.mongodb.net
[2026-08-22 01:43:15] - [ERROR] => Restarting Mongo server
[2026-08-22 01:43:15] - [ERROR] => MongoDB connection error => querySrv ENOTFOUND _mongodb._tcp.testcluster.urrgt.mongodb.net
[2026-08-22 01:43:17] - [ERROR] => Restarting Mongo server
[2026-08-22 01:43:17] - [ERROR] => MongoDB connection error => querySrv ENOTFOUND _mongodb._tcp.testcluster.urrgt.mongodb.net
[2026-08-22 01:43:19] - [ERROR] => Restarting Mongo server
[2026-08-22 01:43:19] - [ERROR] => MongoDB connection error => querySrv ENOTFOUND _mongodb._tcp.testcluster.urrgt.mongodb.net
[2026-08-22 01:43:21] - [ERROR] => Restarting Mongo server
[2026-08-22 01:43:21] - [ERROR] => MongoDB connection error => querySrv ENOTFOUND _mongodb._tcp.testcluster.urrgt.mongodb.net
[2026-08-22 01:43:23] - [ERROR] => Restarting Mongo server
[2026-08-22 01:43:23] - [ERROR] => MongoDB connection error => querySrv ENOTFOUND _mongodb._tcp.testcluster.urrgt.mongodb.net
[2026-08-22 01:43:25] - [ERROR] => Restarting Mongo server
[2026-08-22 01:43:26] - [ERROR] => MongoDB connection error => querySrv ENOTFOUND _mongodb._tcp.testcluster.urrgt.mongodb.net
[2026-08-22 01:43:28] - [ERROR] => Restarting Mongo server
[2026-08-22 01:43:28] - [ERROR] => MongoDB connection error => querySrv ENOTFOUND _mongodb._tcp.testcluster.urrgt.mongodb.net
[2026-08-22 01:43:30] - [ERROR] => Restarting Mongo server
[2026-08-22 01:43:30] - [ERROR] => MongoDB connection error => querySrv ENOTFOUND _mongodb._tcp.testcluster.urrgt.mongodb.net
[2026-08-22 01:43:32] - [ERROR] => Restarting Mongo server
[2026-08-22 01:43:32] - [ERROR] => MongoDB connection error => querySrv ENOTFOUND _mongodb._tcp.testcluster.urrgt.mongodb.net
[2026-08-22 01:43:34] - [ERROR] => Restarting Mongo server
[2026-08-22 01:43:34] - [ERROR] => MongoDB connection error => querySrv ENOTFOUND _mongodb._tcp.testcluster.urrgt.mongodb.net
[2026-08-22 01:43:36] - [ERROR] => Restarting Mongo server
[2026-08-22 01:43:36] - [ERROR] => MongoDB connection error => querySrv ENOTFOUND _mongodb._tcp.testcluster.urrgt.mongodb.net
[2026-08-22 01:43:38] - [ERROR] => Restarting Mongo server
[2026-08-22 01:43:38] - [ERROR] => MongoDB connection error => querySrv ENOTFOUND _mongodb._tcp.testcluster.urrgt.mongodb.net
[2026-08-22 01:43:40] - [ERROR] => Restarting Mongo server
[2026-08-22 01:43:40] - [ERROR] => MongoDB connection error => querySrv ENOTFOUND _mongodb._tcp.testcluster.urrgt.mongodb.net
[2026-08-22 01:43:42] - [ERROR] => Restarting Mongo server
[2026-08-22 01:43:42] - [ERROR] => MongoDB connection error => querySrv ENOTFOUND _mongodb._tcp.testcluster.urrgt.mongodb.net
[2026-08-22 01:43:44] - [ERROR] => Restarting Mongo server
[2026-08-22 01:43:44] - [ERROR] => MongoDB connection error => querySrv ENOTFOUND _mongodb._tcp.testcluster.urrgt.mongodb.net
[2026-08-22 01:43:46] - [ERROR] => Restarting Mongo server
[2026-08-22 01:43:46] - [ERROR] => MongoDB connection error => querySrv ENOTFOUND _mongodb._tcp.testcluster.urrgt.mongodb.net
[2026-08-22 01:43:48] - [ERROR] => Restarting Mongo server
[2026-08-22 01:43:48] - [ERROR] => MongoDB connection error => querySrv ENOTFOUND _mongodb._tcp.testcluster.urrgt.mongodb.net
[2026-08-22 01:43:50] - [ERROR] => Restarting Mongo server
[2026-08-22 01:43:50] - [ERROR] => MongoDB connection error => querySrv ENOTFOUND _mongodb._tcp.testcluster.urrgt.mongodb.net
[2026-08-22 01:43:52] - [ERROR] => Restarting Mongo server
[2026-08-22 01:43:52] - [ERROR] => MongoDB connection error => querySrv ENOTFOUND _mongodb._tcp.testcluster.urrgt.mongodb.net
[2026-08-22 01:43:54] - [ERROR] => Restarting Mongo server
[2026-08-22 01:43:54] - [ERROR] => MongoDB connection error => querySrv ENOTFOUND _mongodb._tcp.testcluster.urrgt.mongodb.net
[2026-08-22 01:43:56] - [ERROR] => Restarting Mongo server
[2026-08-22 01:43:56] - [ERROR] => MongoDB connection error => querySrv ENOTFOUND _mongodb._tcp.testcluster.urrgt.mongodb.net
[2026-08-22 01:43:58] - [ERROR] => Restarting Mongo server
[2026-08-22 01:43:58] - [ERROR] => MongoDB connection error => querySrv ENOTFOUND _mongodb._tcp.testcluster.urrgt.mongodb.net
[2026-08-22 01:44:00] - [ERROR] => Restarting Mongo server
[2026-08-22 01:44:00] - [ERROR] => MongoDB connection error => querySrv ENOTFOUND _mongodb._tcp.testcluster.urrgt.mongodb.net
[2026-08-22 01:44:02] - [ERROR] => Restarting Mongo server
[2026-08-22 01:44:02] - [ERROR] => MongoDB connection error => querySrv ENOTFOUND _mongodb._tcp.testcluster.urrgt.mongodb.net
[2026-08-22 01:44:04] - [ERROR] => Restarting Mongo server
[2026-08-22 01:44:04] - [ERROR] => MongoDB connection error => querySrv ENOTFOUND _mongodb._tcp.testcluster.urrgt.mongodb.net
[2026-08-22 01:44:06] - [ERROR] => Restarting Mongo server
[2026-08-22 01:44:06] - [ERROR] => MongoDB connection error => querySrv ENOTFOUND _mongodb._tcp.testcluster.urrgt.mongodb.net
[2026-08-22 01:44:09] - [ERROR] => Restarting Mongo server
[2026-08-22 01:44:09] - [ERROR] => MongoDB connection error => querySrv ENOTFOUND _mongodb._tcp.testcluster.urrgt.mongodb.net
[2026-08-22 01:44:11] - [ERROR] => Restarting Mongo server
[2026-08-22 01:44:11] - [ERROR] => MongoDB connection error => querySrv ENOTFOUND _mongodb._tcp.testcluster.urrgt.mongodb.net
[2026-08-22 01:44:13] - [ERROR] => Restarting Mongo server
[2026-08-22 01:44:13] - [ERROR] => MongoDB connection error => querySrv ENOTFOUND _mongodb._tcp.testcluster.urrgt.mongodb.net
[2026-08-22 01:44:15] - [ERROR] => Restarting Mongo server
[2026-08-22 01:44:15] - [ERROR] => MongoDB connection error => querySrv ENOTFOUND _mongodb._tcp.testcluster.urrgt.mongodb.net
[2026-08-22 01:55:16] - [ERROR] => MongoDB connection error => querySrv ENOTFOUND _mongodb._tcp.testcluster.urrgt.mongodb.net
[2026-08-22 01:55:17] - [ERROR] => RedisDB connection error => Error: getaddrinfo ENOTFOUND redis
[2026-08-22 01:55:18] - [ERROR] => Restarting Mongo server
[2026-08-22 01:55:18] - [ERROR] => MongoDB connection error => querySrv ENOTFOUND _mongodb._tcp.testcluster.urrgt.mongodb.net
[2026-08-22 01:55:20] - [ERROR] => Restarting Mongo server
[2026-08-22 01:55:20] - [ERROR] => MongoDB connection error => querySrv ENOTFOUND _mongodb._tcp.testcluster.urrgt.mongodb.net
[2026-08-22 01:55:22] - [ERROR] => Restarting Mongo server
[2026-08-22 01:55:22] - [ERROR] => MongoDB connection error => querySrv ENOTFOUND _mongodb._tcp.testcluster.urrgt.mongodb.net
[2026-08-22 01:55:24] - [ERROR] => Restarting Mongo server
[2026-08-22 01:55:24] - [ERROR] => MongoDB connection error => querySrv ENOTFOUND _mongodb._tcp.testcluster.urrgt.mongodb.net
[2026-08-22 01:55:26] - [ERROR] => Restarting Mongo server
[2026-08-22 01:55:26] - [ERROR] => MongoDB connection error => querySrv ENOTFOUND _mongodb._tcp.testcluster.urrgt.mongodb.net
[2026-08-22 01:55:28] - [ERROR] => Restarting Mongo server
[2026-08-22 01:55:28] - [ERROR] => MongoDB connection error => querySrv ENOTFOUND _mongodb._tcp.testcluster.urrgt.mongodb.net
[2026-08-22 01:55:30] - [ERROR] => Restarting Mongo server
[2026-08-22 01:55:30] - [ERROR] => MongoDB connection error => querySrv ENOTFOUND _mongodb._tcp.testcluster.urrgt.mongodb.net
[2026-08-22 01:55:32] - [ERROR] => Restarting Mongo server
[2026-08-22 01:55:32] - [ERROR] => MongoDB connection error => querySrv ENOTFOUND _mongodb._tcp.testcluster.urrgt.mongodb.net
[2026-08-22 01:55:34] - [ERROR] => Restarting Mongo server
[2026-08-22 01:55:34] - [ERROR] => MongoDB connection error => querySrv ENOTFOUND _mongodb._tcp.testcluster.urrgt.mongodb.net
[2026-08-22 01:55:36] - [ERROR] => Restarting Mongo server
[2026-08-22 01:55:36] - [ERROR] => MongoDB connection error => querySrv ENOTFOUND _mongodb._tcp.testcluster.urrgt.mongodb.net
[2026-08-22 01:55:38] - [ERROR] => Restarting Mongo server
[2026-08-22 01:55:38] - [ERROR] => MongoDB connection error => querySrv ENOTFOUND _mongodb._tcp.testcluster.urrgt.mongodb.net
[2026-08-22 01:55:40] - [ERROR] => Restarting Mongo server
[2026-08-22 01:55:40] - [ERROR] => MongoDB connection error => querySrv ENOTFOUND _mongodb._tcp.testcluster.urrgt.mongodb.net
[2026-08-22 01:55:42] - [ERROR] => Restarting Mongo server
[2026-08-22 01:55:42] - [ERROR] => MongoDB connection error => querySrv ENOTFOUND _mongodb._tcp.testcluster.urrgt.mongodb.net
[2026-08-22 01:55:44] - [ERROR] => Restarting Mongo server
[2026-08-22 01:55:44] - [ERROR] => MongoDB connection error => querySrv ENOTFOUND _mongodb._tcp.testcluster.urrgt.mongodb.net
[2026-08-22 01:55:46] - [ERROR] => Restarting Mongo server
[2026-08-22 01:55:46] - [ERROR] => MongoDB connection error => querySrv ENOTFOUND _mongodb._tcp.testcluster.urrgt.mongodb.net
[2026-08-22 01:55:48] - [ERROR] => Restarting Mongo server
[2026-08-22 01:55:48] - [ERROR] => MongoDB connection error => querySrv ENOTFOUND _mongodb._tcp.testcluster.urrgt.mongodb.net
[2026-08-22 01:55:50] - [ERROR] => Restarting Mongo server
[2026-08-22 01:55:50] - [ERROR] => MongoDB connection error => querySrv ENOTFOUND _mongodb._tcp.testcluster.urrgt.mongodb.net
[2026-08-22 01:55:52] - [ERROR] => Restarting Mongo server
[2026-08-22 01:55:52] - [ERROR] => MongoDB connection error => querySrv ENOTFOUND _mongodb._tcp.testcluster.urrgt.mongodb.net
[2026-08-22 01:55:54] - [ERROR] => Restarting Mongo server
[2026-08-22 01:55:54] - [ERROR] => MongoDB connection error => querySrv ENOTFOUND _mongodb._tcp.testcluster.urrgt.mongodb.net
[2026-08-22 01:55:56] - [ERROR] => Restarting Mongo server
[2026-08-22 01:55:56] - [ERROR] => MongoDB connection error => querySrv ENOTFOUND _mongodb._tcp.testcluster.urrgt.mongodb.net
[2026-08-22 01:55:58] - [ERROR] => Restarting Mongo server
[2026-08-22 01:55:58] - [ERROR] => MongoDB connection error => querySrv ENOTFOUND _mongodb._tcp.testcluster.urrgt.mongodb.net
[2026-08-22 01:56:00] - [ERROR] => Restarting Mongo server
[2026-08-22 01:56:00] - [ERROR] => MongoDB connection error => querySrv ENOTFOUND _mongodb._tcp.testcluster.urrgt.mongodb.net
[2026-08-22 01:56:02] - [ERROR] => Restarting Mongo server
[2026-08-22 01:56:02] - [ERROR] => MongoDB connection error => querySrv ENOTFOUND _mongodb._tcp.testcluster.urrgt.mongodb.net
[2026-08-22 01:56:04] - [ERROR] => Restarting Mongo server
[2026-08-22 01:56:04] - [ERROR] => MongoDB connection error => querySrv ENOTFOUND _mongodb._tcp.testcluster.urrgt.mongodb.net
[2026-08-22 01:56:06] - [ERROR] => Restarting Mongo server
[2026-08-22 01:56:06] - [ERROR] => MongoDB connection error => querySrv ENOTFOUND _mongodb._tcp.testcluster.urrgt.mongodb.net
[2026-08-22 01:56:08] - [ERROR] => Restarting Mongo server
[2026-08-22 01:56:08] - [ERROR] => MongoDB connection error => querySrv ENOTFOUND _mongodb._tcp.testcluster.urrgt.mongodb.net
[2026-08-22 01:56:10] - [ERROR] => Restarting Mongo server
[2026-08-22 01:56:10] - [ERROR] => MongoDB connection error => querySrv ENOTFOUND _mongodb._tcp.testcluster.urrgt.mongodb.net
[2026-08-22 01:56:12] - [ERROR] => Restarting Mongo server
[2026-08-22 01:56:12] - [ERROR] => MongoDB connection error => querySrv ENOTFOUND _mongodb._tcp.testcluster.urrgt.mongodb.net
[2026-08-22 01:56:14] - [ERROR] => Restarting Mongo server
[2026-08-22 01:56:14] - [ERROR] => MongoDB connection error => querySrv ENOTFOUND _mongodb._tcp.testcluster.urrgt.mongodb.net
[2026-08-22 01:56:16] - [ERROR] => Restarting Mongo server
[2026-08-22 01:56:16] - [ERROR] => MongoDB connection error => querySrv ENOTFOUND _mongodb._tcp.testcluster.urrgt.mongodb.net
[2026-08-22 01:56:19] - [ERROR] => Restarting Mongo server
[2026-08-22 01:56:19] - [ERROR] => MongoDB connection error => querySrv ENOTFOUND _mongodb._tcp.testcluster.urrgt.mongodb.net
[2026-08-22 01:56:21] - [ERROR] => Restarting Mongo server
[2026-08-22 01:56:21] - [ERROR] => MongoDB connection error => querySrv ENOTFOUND _mongodb._tcp.testcluster.urrgt.mongodb.net
[2026-08-22 01:56:23] - [ERROR] => Restarting Mongo server
[2026-08-22 01:56:23] - [ERROR] => MongoDB connection error => querySrv ENOTFOUND _mongodb._tcp.testcluster.urrgt.mongodb.net
[2026-08-22 01:56:42] - [ERROR] => MongoDB connection error => querySrv ENOTFOUND _mongodb._tcp.testcluster.urrgt.mongodb.net
[2026-08-22 01:56:44] - [ERROR] => Restarting Mongo server
[2026-08-22 01:56:44] - [ERROR] => MongoDB connection error => querySrv ENOTFOUND _mongodb._tcp.testcluster.urrgt.mongodb.net
[2026-08-22 01:56:44] - [ERROR] => RedisDB connection error => Error: getaddrinfo ENOTFOUND redis
[2026-08-22 01:56:46] - [ERROR] => Restarting Mongo server
[2026-08-22 01:56:46] - [ERROR] => MongoDB connection error => querySrv ENOTFOUND _mongodb._tcp.testcluster.urrgt.mongodb.net
[2026-08-22 01:56:48] - [ERROR] => Restarting Mongo server
[2026-08-22 01:56:49] - [ERROR] => MongoDB connection error => querySrv ENOTFOUND _mongodb._tcp.testcluster.urrgt.mongodb.net
[2026-08-22 01:56:51] - [ERROR] => Restarting Mongo server
[2026-08-22 01:56:51] - [ERROR] => MongoDB connection error => querySrv ENOTFOUND _mongodb._tcp.testcluster.urrgt.mongodb.net
[2026-08-22 01:56:53] - [ERROR] => Restarting Mongo server
[2026-08-22 01:56:53] - [ERROR] => MongoDB connection error => querySrv ENOTFOUND _mongodb._tcp.testcluster.urrgt.mongodb.net
[2026-08-22 01:56:55] - [ERROR] => Restarting Mongo server
[2026-08-22 01:56:55] - [ERROR] => MongoDB connection error => querySrv ENOTFOUND _mongodb._tcp.testcluster.urrgt.mongodb.net
[2026-08-22 01:56:58] - [ERROR] => Restarting Mongo server
[2026-08-22 01:56:58] - [ERROR] => MongoDB connection error => querySrv ENOTFOUND _mongodb._tcp.testcluster.urrgt.mongodb.net
[2026-08-22 01:57:00] - [ERROR] => Restarting Mongo server
[2026-08-22 01:57:00] - [ERROR] => MongoDB connection error => querySrv ENOTFOUND _mongodb._tcp.testcluster.urrgt.mongodb.net
[2026-08-22 01:57:02] - [ERROR] => Restarting Mongo server
[2026-08-22 01:57:02] - [ERROR] => MongoDB connection error => querySrv ENOTFOUND _mongodb._tcp.testcluster.urrgt.mongodb.net
[2026-08-22 01:57:04] - [ERROR] => Restarting Mongo server
[2026-08-22 01:57:04] - [ERROR] => MongoDB connection error => querySrv ENOTFOUND _mongodb._tcp.testcluster.urrgt.mongodb.net
[2026-08-22 01:57:06] - [ERROR] => Restarting Mongo server
[2026-08-22 01:57:06] - [ERROR] => MongoDB connection error => querySrv ENOTFOUND _mongodb._tcp.testcluster.urrgt.mongodb.net
[2026-08-22 01:57:08] - [ERROR] => Restarting Mongo server
[2026-08-22 01:57:08] - [ERROR] => MongoDB connection error => querySrv ENOTFOUND _mongodb._tcp.testcluster.urrgt.mongodb.net
[2026-08-22 01:57:10] - [ERROR] => Restarting Mongo server
[2026-08-22 01:57:10] - [ERROR] => MongoDB connection error => querySrv ENOTFOUND _mongodb._tcp.testcluster.urrgt.mongodb.net
[2026-08-22 01:57:12] - [ERROR] => Restarting Mongo server
[2026-08-22 01:57:12] - [ERROR] => MongoDB connection error => querySrv ENOTFOUND _mongodb._tcp.testcluster.urrgt.mongodb.net
[2026-08-22 01:57:14] - [ERROR] => Restarting Mongo server
[2026-08-22 01:57:14] - [ERROR] => MongoDB connection error => querySrv ENOTFOUND _mongodb._tcp.testcluster.urrgt.mongodb.net
[2026-08-22 01:57:16] - [ERROR] => Restarting Mongo server
[2026-08-22 01:57:16] - [ERROR] => MongoDB connection error => querySrv ENOTFOUND _mongodb._tcp.testcluster.urrgt.mongodb.net
[2026-08-22 01:57:18] - [ERROR] => Restarting Mongo server
[2026-08-22 01:57:18] - [ERROR] => MongoDB connection error => querySrv ENOTFOUND _mongodb._tcp.testcluster.urrgt.mongodb.net
[2026-08-22 01:57:20] - [ERROR] => Restarting Mongo server
[2026-08-22 01:57:20] - [ERROR] => MongoDB connection error => querySrv ENOTFOUND _mongodb._tcp.testcluster.urrgt.mongodb.net
[2026-08-22 01:57:22] - [ERROR] => Restarting Mongo server
[2026-08-22 01:57:22] - [ERROR] => MongoDB connection error => querySrv ENOTFOUND _mongodb._tcp.testcluster.urrgt.mongodb.net
[2026-08-22 01:57:24] - [ERROR] => Restarting Mongo server
[2026-08-22 01:57:24] - [ERROR] => MongoDB connection error => querySrv ENOTFOUND _mongodb._tcp.testcluster.urrgt.mongodb.net
[2026-08-22 01:57:26] - [ERROR] => Restarting Mongo server
[2026-08-22 01:57:26] - [ERROR] => MongoDB connection error => querySrv ENOTFOUND _mongodb._tcp.testcluster.urrgt.mongodb.net
[2026-08-22 01:57:28] - [ERROR] => Restarting Mongo server
[2026-08-22 01:57:28] - [ERROR] => MongoDB connection error => querySrv ENOTFOUND _mongodb._tcp.testcluster.urrgt.mongodb.net
[2026-08-22 01:57:30] - [ERROR] => Restarting Mongo server
[2026-08-22 01:57:30] - [ERROR] => MongoDB connection error => querySrv ENOTFOUND _mongodb._tcp.testcluster.urrgt.mongodb.net
[2026-08-22 01:57:32] - [ERROR] => Restarting Mongo server
[2026-08-22 01:57:32] - [ERROR] => MongoDB connection error => querySrv ENOTFOUND _mongodb._tcp.testcluster.urrgt.mongodb.net
[2026-08-22 01:57:34] - [ERROR] => Restarting Mongo server
[2026-08-22 01:57:34] - [ERROR] => MongoDB connection error => querySrv ENOTFOUND _mongodb._tcp.testcluster.urrgt.mongodb.net
[2026-08-22 01:57:36] - [ERROR] => Restarting Mongo server
[2026-08-22 01:57:36] - [ERROR] => MongoDB connection error => querySrv ENOTFOUND _mongodb._tcp.testcluster.urrgt.mongodb.net
[2026-08-22 01:57:38] - [ERROR] => Restarting Mongo server
[2026-08-22 01:57:38] - [ERROR] => MongoDB connection error => querySrv ENOTFOUND _mongodb._tcp.testcluster.urrgt.mongodb.net
[2026-08-22 01:57:40] - [ERROR] => Restarting Mongo server
[2026-08-22 01:57:40] - [ERROR] => MongoDB connection error => querySrv ENOTFOUND _mongodb._tcp.testcluster.urrgt.mongodb.net
[2026-08-22 01:57:42] - [ERROR] => Restarting Mongo server
[2026-08-22 01:57:42] - [ERROR] => MongoDB connection error => querySrv ENOTFOUND _mongodb._tcp.testcluster.urrgt.mongodb.net
[2026-08-22 01:57:44] - [ERROR] => Restarting Mongo server
[2026-08-22 01:57:44] - [ERROR] => MongoDB connection error => querySrv ENOTFOUND _mongodb._tcp.testcluster.urrgt.mongodb.net
[2026-08-22 01:57:46] - [ERROR] => Restarting Mongo server
[2026-08-22 01:57:46] - [ERROR] => MongoDB connection error => querySrv ENOTFOUND _mongodb._tcp.testcluster.urrgt.mongodb.net
[2026-08-22 01:57:48] - [ERROR] => Restarting Mongo server
[2026-08-22 01:57:49] - [ERROR] => MongoDB connection error => querySrv ENOTFOUND _mongodb._tcp.testcluster.urrgt.mongodb.net
[2026-08-22 01:57:51] - [ERROR] => Restarting Mongo server
[2026-08-22 01:57:51] - [ERROR] => MongoDB connection error => querySrv ENOTFOUND _mongodb._tcp.testcluster.urrgt.mongodb.net
[2026-08-22 01:57:53] - [ERROR] => Restarting Mongo server
[2026-08-22 01:57:53] - [ERROR] => MongoDB connection error => querySrv ENOTFOUND _mongodb._tcp.testcluster.urrgt.mongodb.net
[2026-08-22 01:57:55] - [ERROR] => Restarting Mongo server
[2026-08-22 01:57:55] - [ERROR] => MongoDB connection error => querySrv ENOTFOUND _mongodb._tcp.testcluster.urrgt.mongodb.net
[2026-08-22 01:57:57] - [ERROR] => Restarting Mongo server
[2026-08-22 01:57:57] - [ERROR] => MongoDB connection error => querySrv ENOTFOUND _mongodb._tcp.testcluster.urrgt.mongodb.net
[2026-08-22 01:57:59] - [ERROR] => Restarting Mongo server
[2026-08-22 01:57:59] - [ERROR] => MongoDB connection error => querySrv ENOTFOUND _mongodb._tcp.testcluster.urrgt.mongodb.net
[2026-08-22 01:58:02] - [ERROR] => Restarting Mongo server
[2026-08-22 01:58:02] - [ERROR] => MongoDB connection error => querySrv ENOTFOUND _mongodb._tcp.testcluster.urrgt.mongodb.net
[2026-08-22 01:58:04] - [ERROR] => Restarting Mongo server
[2026-08-22 01:58:04] - [ERROR] => MongoDB connection error => querySrv ENOTFOUND _mongodb._tcp.testcluster.urrgt.mongodb.net
[2026-08-22 01:58:06] - [ERROR] => Restarting Mongo server
[2026-08-22 01:58:06] - [ERROR] => MongoDB connection error => querySrv ENOTFOUND _mongodb._tcp.testcluster.urrgt.mongodb.net
[2026-08-22 01:58:08] - [ERROR] => Restarting Mongo server
[2026-08-22 01:58:08] - [ERROR] => MongoDB connection error => querySrv ENOTFOUND _mongodb._tcp.testcluster.urrgt.mongodb.net
[2026-08-22 01:58:10] - [ERROR] => Restarting Mongo server
[2026-08-22 01:58:10] - [ERROR] => MongoDB connection error => querySrv ENOTFOUND _mongodb._tcp.testcluster.urrgt.mongodb.net
[2026-08-22 01:58:12] - [ERROR] => Restarting Mongo server
[2026-08-22 01:58:12] - [ERROR] => MongoDB connection error => querySrv ENOTFOUND _mongodb._tcp.testcluster.urrgt.mongodb.net
[2026-08-22 01:58:14] - [ERROR] => Restarting Mongo server
[2026-08-22 01:58:14] - [ERROR] => MongoDB connection error => querySrv ENOTFOUND _mongodb._tcp.testcluster.urrgt.mongodb.net
[2026-08-22 01:58:16] - [ERROR] => Restarting Mongo server
[2026-08-22 01:58:17] - [ERROR] => MongoDB connection error => querySrv ENOTFOUND _mongodb._tcp.testcluster.urrgt.mongodb.net
[2026-08-22 01:58:19] - [ERROR] => Restarting Mongo server
[2026-08-22 01:58:19] - [ERROR] => MongoDB connection error => querySrv ENOTFOUND _mongodb._tcp.testcluster.urrgt.mongodb.net
[2026-08-22 01:58:21] - [ERROR] => Restarting Mongo server
[2026-08-22 01:58:21] - [ERROR] => MongoDB connection error => querySrv ENOTFOUND _mongodb._tcp.testcluster.urrgt.mongodb.net
[2026-08-22 01:58:23] - [ERROR] => Restarting Mongo server
[2026-08-22 01:58:23] - [ERROR] => MongoDB connection error => querySrv ENOTFOUND _mongodb._tcp.testcluster.urrgt.mongodb.net
[2026-08-22 01:58:25] - [ERROR] => Restarting Mongo server
[2026-08-22 01:58:25] - [ERROR] => MongoDB connection error => querySrv ENOTFOUND _mongodb._tcp.testcluster.urrgt.mongodb.net
[2026-08-22 01:58:27] - [ERROR] => Restarting Mongo server
[2026-08-22 01:58:27] - [ERROR] => MongoDB connection error => querySrv ENOTFOUND _mongodb._tcp.testcluster.urrgt.mongodb.net
[2026-08-22 01:58:29] - [ERROR] => Restarting Mongo server
[2026-08-22 01:58:29] - [ERROR] => MongoDB connection error => querySrv ENOTFOUND _mongodb._tcp.testcluster.urrgt.mongodb.net
[2026-08-22 01:58:31] - [ERROR] => Restarting Mongo server
[2026-08-22 01:58:31] - [ERROR] => MongoDB connection error => querySrv ENOTFOUND _mongodb._tcp.testcluster.urrgt.mongodb.net
[2026-08-22 01:58:33] - [ERROR] => Restarting Mongo server
[2026-08-22 01:58:33] - [ERROR] => MongoDB connection error => querySrv ENOTFOUND _mongodb._tcp.testcluster.urrgt.mongodb.net
[2026-08-22 01:58:35] - [ERROR] => Restarting Mongo server
[2026-08-22 01:58:35] - [ERROR] => MongoDB connection error => querySrv ENOTFOUND _mongodb._tcp.testcluster.urrgt.mongodb.net
[2026-08-22 01:58:37] - [ERROR] => Restarting Mongo server
[2026-08-22 01:58:37] - [ERROR] => MongoDB connection error => querySrv ENOTFOUND _mongodb._tcp.testcluster.urrgt.mongodb.net
[2026-08-22 01:58:39] - [ERROR] => Restarting Mongo server
[2026-08-22 01:58:39] - [ERROR] => MongoDB connection error => querySrv ENOTFOUND _mongodb._tcp.testcluster.urrgt.mongodb.net
[2026-08-22 01:58:41] - [ERROR] => Restarting Mongo server
[2026-08-22 01:58:41] - [ERROR] => MongoDB connection error => querySrv ENOTFOUND _mongodb._tcp.testcluster.urrgt.mongodb.net
[2026-08-22 01:58:43] - [ERROR] => Restarting Mongo server
[2026-08-22 01:58:43] - [ERROR] => MongoDB connection error => querySrv ENOTFOUND _mongodb._tcp.testcluster.urrgt.mongodb.net
[2026-08-22 01:58:45] - [ERROR] => Restarting Mongo server
[2026-08-22 01:58:45] - [ERROR] => MongoDB connection error => querySrv ENOTFOUND _mongodb._tcp.testcluster.urrgt.mongodb.net
[2026-08-22 01:58:47] - [ERROR] => Restarting Mongo server
[2026-08-22 01:58:47] - [ERROR] => MongoDB connection error => querySrv ENOTFOUND _mongodb._tcp.testcluster.urrgt.mongodb.net
[2026-08-22 01:58:49] - [ERROR] => Restarting Mongo server
[2026-08-22 01:58:49] - [ERROR] => MongoDB connection error => querySrv ENOTFOUND _mongodb._tcp.testcluster.urrgt.mongodb.net
[2026-08-22 01:58:51] - [ERROR] => Restarting Mongo server
[2026-08-22 01:58:51] - [ERROR] => MongoDB connection error => querySrv ENOTFOUND _mongodb._tcp.testcluster.urrgt.mongodb.net
[2026-08-22 01:58:53] - [ERROR] => Restarting Mongo server
[2026-08-22 01:58:53] - [ERROR] => MongoDB connection error => querySrv ENOTFOUND _mongodb._tcp.testcluster.urrgt.mongodb.net
[2026-08-22 01:58:55] - [ERROR] => Restarting Mongo server
[2026-08-22 01:58:55] - [ERROR] => MongoDB connection error => querySrv ENOTFOUND _mongodb._tcp.testcluster.urrgt.mongodb.net
[2026-08-22 01:58:57] - [ERROR] => Restarting Mongo server
[2026-08-22 01:58:57] - [ERROR] => MongoDB connection error => querySrv ENOTFOUND _mongodb._tcp.testcluster.urrgt.mongodb.net
[2026-08-22 01:58:59] - [ERROR] => Restarting Mongo server
[2026-08-22 01:58:59] - [ERROR] => MongoDB connection error => querySrv ENOTFOUND _mongodb._tcp.testcluster.urrgt.mongodb.net
[2026-08-22 01:59:01] - [ERROR] => Restarting Mongo server
[2026-08-22 01:59:01] - [ERROR] => MongoDB connection error => querySrv ENOTFOUND _mongodb._tcp.testcluster.urrgt.mongodb.net
[2026-08-22 01:59:03] - [ERROR] => Restarting Mongo server
[2026-08-22 01:59:03] - [ERROR] => MongoDB connection error => querySrv ENOTFOUND _mongodb._tcp.testcluster.urrgt.mongodb.net
[2026-08-22 01:59:05] - [ERROR] => Restarting Mongo server
[2026-08-22 01:59:05] - [ERROR] => MongoDB connection error => querySrv ENOTFOUND _mongodb._tcp.testcluster.urrgt.mongodb.net
[2026-08-22 01:59:07] - [ERROR] => Restarting Mongo server
[2026-08-22 01:59:07] - [ERROR] => MongoDB connection error => querySrv ENOTFOUND _mongodb._tcp.testcluster.urrgt.mongodb.net
[2026-08-22 01:59:09] - [ERROR] => Restarting Mongo server
[2026-08-22 01:59:09] - [ERROR] => MongoDB connection error => querySrv ENOTFOUND _mongodb._tcp.testcluster.urrgt.mongodb.net
[2026-08-22 01:59:11] - [ERROR] => Restarting Mongo server
[2026-08-22 01:59:11] - [ERROR] => MongoDB connection error => querySrv ENOTFOUND _mongodb._tcp.testcluster.urrgt.mongodb.net
[2026-08-22 01:59:13] - [ERROR] => Restarting Mongo server
[2026-08-22 01:59:13] - [ERROR] => MongoDB connection error => querySrv ENOTFOUND _mongodb._tcp.testcluster.urrgt.mongodb.net
[2026-08-22 01:59:15] - [ERROR] => Restarting Mongo server
[2026-08-22 01:59:15] - [ERROR] => MongoDB connection error => querySrv ENOTFOUND _mongodb._tcp.testcluster.urrgt.mongodb.net
[2026-08-22 01:59:17] - [ERROR] => Restarting Mongo server
[2026-08-22 01:59:17] - [ERROR] => MongoDB connection error => querySrv ENOTFOUND _mongodb._tcp.testcluster.urrgt.mongodb.net
[2026-08-22 01:59:19] - [ERROR] => Restarting Mongo server
[2026-08-22 01:59:19] - [ERROR] => MongoDB connection error => querySrv ENOTFOUND _mongodb._tcp.testcluster.urrgt.mongodb.net
[2026-08-22 01:59:21] - [ERROR] => Restarting Mongo server
[2026-08-22 01:59:21] - [ERROR] => MongoDB connection error => querySrv ENOTFOUND _mongodb._tcp.testcluster.urrgt.mongodb.net
[2026-08-22 01:59:23] - [ERROR] => Restarting Mongo server
[2026-08-22 01:59:23] - [ERROR] => MongoDB connection error => querySrv ENOTFOUND _mongodb._tcp.testcluster.urrgt.mongodb.net
[2026-08-22 01:59:25] - [ERROR] => Restarting Mongo server
[2026-08-22 01:59:25] - [ERROR] => MongoDB connection error => querySrv ENOTFOUND _mongodb._tcp.testcluster.urrgt.mongodb.net
[2026-08-22 01:59:27] - [ERROR] => Restarting Mongo server
[2026-08-22 01:59:27] - [ERROR] => MongoDB connection error => querySrv ENOTFOUND _mongodb._tcp.testcluster.urrgt.mongodb.net
[2026-08-22 01:59:29] - [ERROR] => Restarting Mongo server
[2026-08-22 01:59:31] - [ERROR] => MongoDB connection error => querySrv ENOTFOUND _mongodb._tcp.testcluster.urrgt.mongodb.net
[2026-08-22 01:59:33] - [ERROR] => Restarting Mongo server
[2026-08-22 01:59:33] - [ERROR] => MongoDB connection error => querySrv ENOTFOUND _mongodb._tcp.testcluster.urrgt.mongodb.net
[2026-08-22 01:59:35] - [ERROR] => Restarting Mongo server
[2026-08-22 01:59:35] - [ERROR] => MongoDB connection error => querySrv ENOTFOUND _mongodb._tcp.testcluster.urrgt.mongodb.net
[2026-08-22 01:59:37] - [ERROR] => Restarting Mongo server
[2026-08-22 01:59:37] - [ERROR] => MongoDB connection error => querySrv ENOTFOUND _mongodb._tcp.testcluster.urrgt.mongodb.net
[2026-08-22 01:59:39] - [ERROR] => Restarting Mongo server
[2026-08-22 01:59:39] - [ERROR] => MongoDB connection error => querySrv ENOTFOUND _mongodb._tcp.testcluster.urrgt.mongodb.net
[2026-08-22 01:59:41] - [ERROR] => Restarting Mongo server
[2026-08-22 01:59:41] - [ERROR] => MongoDB connection error => querySrv ENOTFOUND _mongodb._tcp.testcluster.urrgt.mongodb.net
[2026-08-22 01:59:43] - [ERROR] => Restarting Mongo server
[2026-08-22 01:59:43] - [ERROR] => MongoDB connection error => querySrv ENOTFOUND _mongodb._tcp.testcluster.urrgt.mongodb.net
[2026-08-22 01:59:45] - [ERROR] => Restarting Mongo server
[2026-08-22 01:59:45] - [ERROR] => MongoDB connection error => querySrv ENOTFOUND _mongodb._tcp.testcluster.urrgt.mongodb.net
[2026-08-22 01:59:47] - [ERROR] => Restarting Mongo server
[2026-08-22 01:59:47] - [ERROR] => MongoDB connection error => querySrv ENOTFOUND _mongodb._tcp.testcluster.urrgt.mongodb.net
[2026-08-22 01:59:49] - [ERROR] => Restarting Mongo server
[2026-08-22 01:59:49] - [ERROR] => MongoDB connection error => querySrv ENOTFOUND _mongodb._tcp.testcluster.urrgt.mongodb.net
[2026-08-22 01:59:51] - [ERROR] => Restarting Mongo server
[2026-08-22 01:59:51] - [ERROR] => MongoDB connection error => querySrv ENOTFOUND _mongodb._tcp.testcluster.urrgt.mongodb.net
[2026-08-22 01:59:53] - [ERROR] => Restarting Mongo server
[2026-08-22 01:59:53] - [ERROR] => MongoDB connection error => querySrv ENOTFOUND _mongodb._tcp.testcluster.urrgt.mongodb.net
[2026-08-22 01:59:55] - [ERROR] => Restarting Mongo server
[2026-08-22 01:59:55] - [ERROR] => MongoDB connection error => querySrv ENOTFOUND _mongodb._tcp.testcluster.urrgt.mongodb.net
[2026-08-22 01:59:57] - [ERROR] => Restarting Mongo server
[2026-08-22 01:59:57] - [ERROR] => MongoDB connection error => querySrv ENOTFOUND _mongodb._tcp.testcluster.urrgt.mongodb.net
[2026-08-22 01:59:59] - [ERROR] => Restarting Mongo server
[2026-08-22 01:59:59] - [ERROR] => MongoDB connection error => querySrv ENOTFOUND _mongodb._tcp.testcluster.urrgt.mongodb.net
[2026-08-22 02:00:01] - [ERROR] => Restarting Mongo server
[2026-08-22 02:00:01] - [ERROR] => MongoDB connection error => querySrv ENOTFOUND _mongodb._tcp.testcluster.urrgt.mongodb.net
[2026-08-22 02:00:03] - [ERROR] => Restarting Mongo server
[2026-08-22 02:00:03] - [ERROR] => MongoDB connection error => querySrv ENOTFOUND _mongodb._tcp.testcluster.urrgt.mongodb.net
[2026-08-22 02:00:05] - [ERROR] => Restarting Mongo server
[2026-08-22 02:00:05] - [ERROR] => MongoDB connection error => querySrv ENOTFOUND _mongodb._tcp.testcluster.urrgt.mongodb.net
[2026-08-22 02:00:07] - [ERROR] => Restarting Mongo server
[2026-08-22 02:00:07] - [ERROR] => MongoDB connection error => querySrv ENOTFOUND _mongodb._tcp.testcluster.urrgt.mongodb.net
[2026-08-22 02:00:09] - [ERROR] => Restarting Mongo server
[2026-08-22 02:00:09] - [ERROR] => MongoDB connection error => querySrv ENOTFOUND _mongodb._tcp.testcluster.urrgt.mongodb.net
[2026-08-22 02:00:11] - [ERROR] => Restarting Mongo server
[2026-08-22 02:00:12] - [ERROR] => MongoDB connection error => querySrv ENOTFOUND _mongodb._tcp.testcluster.urrgt.mongodb.net
[2026-08-22 02:00:14] - [ERROR] => Restarting Mongo server
[2026-08-22 02:00:14] - [ERROR] => MongoDB connection error => querySrv ENOTFOUND _mongodb._tcp.testcluster.urrgt.mongodb.net
[2026-08-22 02:00:16] - [ERROR] => Restarting Mongo server
[2026-08-22 02:00:16] - [ERROR] => MongoDB connection error => querySrv ENOTFOUND _mongodb._tcp.testcluster.urrgt.mongodb.net
[2026-08-22 02:00:18] - [ERROR] => Restarting Mongo server
[2026-08-22 02:00:20] - [ERROR] => MongoDB connection error => querySrv ENOTFOUND _mongodb._tcp.testcluster.urrgt.mongodb.net
[2026-08-22 02:00:22] - [ERROR] => Restarting Mongo server
[2026-08-22 02:00:22] - [ERROR] => MongoDB connection error => querySrv ENOTFOUND _mongodb._tcp.testcluster.urrgt.mongodb.net
[2026-08-22 02:00:24] - [ERROR] => Restarting Mongo server
[2026-08-22 02:00:24] - [ERROR] => MongoDB connection error => querySrv ENOTFOUND _mongodb._tcp.testcluster.urrgt.mongodb.net
[2026-08-22 02:00:26] - [ERROR] => Restarting Mongo server
[2026-08-22 02:00:26] - [ERROR] => MongoDB connection error => querySrv ENOTFOUND _mongodb._tcp.testcluster.urrgt.mongodb.net
[2026-08-22 02:00:28] - [ERROR] => Restarting Mongo server
[2026-08-22 02:00:28] - [ERROR] => MongoDB connection error => querySrv ENOTFOUND _mongodb._tcp.testcluster.urrgt.mongodb.net
[2026-08-22 02:00:30] - [ERROR] => Restarting Mongo server
[2026-08-22 02:00:30] - [ERROR] => MongoDB connection error => querySrv ENOTFOUND _mongodb._tcp.testcluster.urrgt.mongodb.net
[2026-08-22 02:00:32] - [ERROR] => Restarting Mongo server
[2026-08-22 02:00:32] - [ERROR] => MongoDB connection error => querySrv ENOTFOUND _mongodb._tcp.testcluster.urrgt.mongodb.net
[2026-08-22 02:00:34] - [ERROR] => Restarting Mongo server
[2026-08-22 02:00:34] - [ERROR] => MongoDB connection error => querySrv ENOTFOUND _mongodb._tcp.testcluster.urrgt.mongodb.net
[2026-08-22 02:00:36] - [ERROR] => Restarting Mongo server
[2026-08-22 02:00:36] - [ERROR] => MongoDB connection error => querySrv ENOTFOUND _mongodb._tcp.testcluster.urrgt.mongodb.net
[2026-08-22 02:00:38] - [ERROR] => Restarting Mongo server
[2026-08-22 02:00:38] - [ERROR] => MongoDB connection error => querySrv ENOTFOUND _mongodb._tcp.testcluster.urrgt.mongodb.net
[2026-08-22 02:00:40] - [ERROR] => Restarting Mongo server
[2026-08-22 02:00:40] - [ERROR] => MongoDB connection error => querySrv ENOTFOUND _mongodb._tcp.testcluster.urrgt.mongodb.net
[2026-08-22 02:00:42] - [ERROR] => Restarting Mongo server
[2026-08-22 02:00:42] - [ERROR] => MongoDB connection error => querySrv ENOTFOUND _mongodb._tcp.testcluster.urrgt.mongodb.net
[2026-08-22 02:00:44] - [ERROR] => Restarting Mongo server
[2026-08-22 02:00:44] - [ERROR] => MongoDB connection error => querySrv ENOTFOUND _mongodb._tcp.testcluster.urrgt.mongodb.net
[2026-08-22 02:00:46] - [ERROR] => Restarting Mongo server
[2026-08-22 02:00:46] - [ERROR] => MongoDB connection error => querySrv ENOTFOUND _mongodb._tcp.testcluster.urrgt.mongodb.net
[2026-08-22 02:00:48] - [ERROR] => Restarting Mongo server
[2026-08-22 02:00:48] - [ERROR] => MongoDB connection error => querySrv ENOTFOUND _mongodb._tcp.testcluster.urrgt.mongodb.net
[2026-08-22 02:00:50] - [ERROR] => Restarting Mongo server
[2026-08-22 02:00:50] - [ERROR] => MongoDB connection error => querySrv ENOTFOUND _mongodb._tcp.testcluster.urrgt.mongodb.net
[2026-08-22 02:00:52] - [ERROR] => Restarting Mongo server
[2026-08-22 02:00:52] - [ERROR] => MongoDB connection error => querySrv ENOTFOUND _mongodb._tcp.testcluster.urrgt.mongodb.net
[2026-08-22 02:00:54] - [ERROR] => Restarting Mongo server
[2026-08-22 02:00:55] - [ERROR] => MongoDB connection error => querySrv ENOTFOUND _mongodb._tcp.testcluster.urrgt.mongodb.net
[2026-08-22 02:00:57] - [ERROR] => Restarting Mongo server
[2026-08-22 02:00:57] - [ERROR] => MongoDB connection error => querySrv ENOTFOUND _mongodb._tcp.testcluster.urrgt.mongodb.net
[2026-08-22 02:00:59] - [ERROR] => Restarting Mongo server
[2026-08-22 02:00:59] - [ERROR] => MongoDB connection error => querySrv ENOTFOUND _mongodb._tcp.testcluster.urrgt.mongodb.net
[2026-08-22 02:01:01] - [ERROR] => Restarting Mongo server
[2026-08-22 02:01:01] - [ERROR] => MongoDB connection error => querySrv ENOTFOUND _mongodb._tcp.testcluster.urrgt.mongodb.net
[2026-08-22 02:01:03] - [ERROR] => Restarting Mongo server
[2026-08-22 02:01:03] - [ERROR] => MongoDB connection error => querySrv ENOTFOUND _mongodb._tcp.testcluster.urrgt.mongodb.net
[2026-08-22 02:01:05] - [ERROR] => Restarting Mongo server
[2026-08-22 02:01:05] - [ERROR] => MongoDB connection error => querySrv ENOTFOUND _mongodb._tcp.testcluster.urrgt.mongodb.net
[2026-08-22 02:01:07] - [ERROR] => Restarting Mongo server
[2026-08-22 02:01:07] - [ERROR] => MongoDB connection error => querySrv ENOTFOUND _mongodb._tcp.testcluster.urrgt.mongodb.net
[2026-08-22 02:01:09] - [ERROR] => Restarting Mongo server
[2026-08-22 02:01:09] - [ERROR] => MongoDB connection error => querySrv ENOTFOUND _mongodb._tcp.testcluster.urrgt.mongodb.net
[2026-08-22 02:01:11] - [ERROR] => Restarting Mongo server
[2026-08-22 02:01:11] - [ERROR] => MongoDB connection error => querySrv ENOTFOUND _mongodb._tcp.testcluster.urrgt.mongodb.net
[2026-08-22 02:01:13] - [ERROR] => Restarting Mongo server
[2026-08-22 02:01:13] - [ERROR] => MongoDB connection error => querySrv ENOTFOUND _mongodb._tcp.testcluster.urrgt.mongodb.net
[2026-08-22 02:01:15] - [ERROR] => Restarting Mongo server
[2026-08-22 02:01:15] - [ERROR] => MongoDB connection error => querySrv ENOTFOUND _mongodb._tcp.testcluster.urrgt.mongodb.net
[2026-08-22 02:01:17] - [ERROR] => Restarting Mongo server
[2026-08-22 02:01:17] - [ERROR] => MongoDB connection error => querySrv ENOTFOUND _mongodb._tcp.testcluster.urrgt.mongodb.net
[2026-08-22 02:01:19] - [ERROR] => Restarting Mongo server
[2026-08-22 02:01:19] - [ERROR] => MongoDB connection error => querySrv ENOTFOUND _mongodb._tcp.testcluster.urrgt.mongodb.net
[2026-08-22 02:01:21] - [ERROR] => Restarting Mongo server
[2026-08-22 02:01:22] - [ERROR] => MongoDB connection error => querySrv ENOTFOUND _mongodb._tcp.testcluster.urrgt.mongodb.net
[2026-08-22 02:01:24] - [ERROR] => Restarting Mongo server
[2026-08-22 02:01:24] - [ERROR] => MongoDB connection error => querySrv ENOTFOUND _mongodb._tcp.testcluster.urrgt.mongodb.net
[2026-08-22 02:01:26] - [ERROR] => Restarting Mongo server
[2026-08-22 02:01:26] - [ERROR] => MongoDB connection error => querySrv ENOTFOUND _mongodb._tcp.testcluster.urrgt.mongodb.net
[2026-08-22 02:01:28] - [ERROR] => Restarting Mongo server
[2026-08-22 02:01:28] - [ERROR] => MongoDB connection error => querySrv ENOTFOUND _mongodb._tcp.testcluster.urrgt.mongodb.net
[2026-08-22 02:01:30] - [ERROR] => Restarting Mongo server
[2026-08-22 02:01:30] - [ERROR] => MongoDB connection error => querySrv ENOTFOUND _mongodb._tcp.testcluster.urrgt.mongodb.net
[2026-08-22 02:01:32] - [ERROR] => Restarting Mongo server
[2026-08-22 02:01:32] - [ERROR] => MongoDB connection error => querySrv ENOTFOUND _mongodb._tcp.testcluster.urrgt.mongodb.net
[2026-08-22 02:01:34] - [ERROR] => Restarting Mongo server
[2026-08-22 02:01:34] - [ERROR] => MongoDB connection error => querySrv ENOTFOUND _mongodb._tcp.testcluster.urrgt.mongodb.net
[2026-08-22 02:01:36] - [ERROR] => Restarting Mongo server
[2026-08-22 02:01:36] - [ERROR] => MongoDB connection error => querySrv ENOTFOUND _mongodb._tcp.testcluster.urrgt.mongodb.net
[2026-08-22 02:01:38] - [ERROR] => Restarting Mongo server
[2026-08-22 02:01:38] - [ERROR] => MongoDB connection error => querySrv ENOTFOUND _mongodb._tcp.testcluster.urrgt.mongodb.net
[2026-08-22 02:01:40] - [ERROR] => Restarting Mongo server
[2026-08-22 02:01:40] - [ERROR] => MongoDB connection error => querySrv ENOTFOUND _mongodb._tcp.testcluster.urrgt.mongodb.net
[2026-08-22 02:01:42] - [ERROR] => Restarting Mongo server
[2026-08-22 02:01:42] - [ERROR] => MongoDB connection error => querySrv ENOTFOUND _mongodb._tcp.testcluster.urrgt.mongodb.net
[2026-08-22 02:01:44] - [ERROR] => Restarting Mongo server
[2026-08-22 02:01:44] - [ERROR] => MongoDB connection error => querySrv ENOTFOUND _mongodb._tcp.testcluster.urrgt.mongodb.net
[2026-08-22 02:01:46] - [ERROR] => Restarting Mongo server
[2026-08-22 02:01:46] - [ERROR] => MongoDB connection error => querySrv ENOTFOUND _mongodb._tcp.testcluster.urrgt.mongodb.net
[2026-08-22 02:01:48] - [ERROR] => Restarting Mongo server
[2026-08-22 02:01:48] - [ERROR] => MongoDB connection error => querySrv ENOTFOUND _mongodb._tcp.testcluster.urrgt.mongodb.net
[2026-08-22 02:01:50] - [ERROR] => Restarting Mongo server
[2026-08-22 02:01:50] - [ERROR] => MongoDB connection error => querySrv ENOTFOUND _mongodb._tcp.testcluster.urrgt.mongodb.net
[2026-08-22 02:01:52] - [ERROR] => Restarting Mongo server
[2026-08-22 02:01:52] - [ERROR] => MongoDB connection error => querySrv ENOTFOUND _mongodb._tcp.testcluster.urrgt.mongodb.net
[2026-08-22 02:01:54] - [ERROR] => Restarting Mongo server
[2026-08-22 02:01:54] - [ERROR] => MongoDB connection error => querySrv ENOTFOUND _mongodb._tcp.testcluster.urrgt.mongodb.net
[2026-08-22 02:01:56] - [ERROR] => Restarting Mongo server
[2026-08-22 02:01:56] - [ERROR] => MongoDB connection error => querySrv ENOTFOUND _mongodb._tcp.testcluster.urrgt.mongodb.net
[2026-08-22 02:01:58] - [ERROR] => Restarting Mongo server
[2026-08-22 02:01:58] - [ERROR] => MongoDB connection error => querySrv ENOTFOUND _mongodb._tcp.testcluster.urrgt.mongodb.net
[2026-08-22 02:02:00] - [ERROR] => Restarting Mongo server
[2026-08-22 02:02:00] - [ERROR] => MongoDB connection error => querySrv ENOTFOUND _mongodb._tcp.testcluster.urrgt.mongodb.net
[2026-08-22 02:02:02] - [ERROR] => Restarting Mongo server
[2026-08-22 02:02:02] - [ERROR] => MongoDB connection error => querySrv ENOTFOUND _mongodb._tcp.testcluster.urrgt.mongodb.net
[2026-08-22 02:02:04] - [ERROR] => Restarting Mongo server
[2026-08-22 02:02:04] - [ERROR] => MongoDB connection error => querySrv ENOTFOUND _mongodb._tcp.testcluster.urrgt.mongodb.net
[2026-08-22 02:02:06] - [ERROR] => Restarting Mongo server
[2026-08-22 02:02:06] - [ERROR] => MongoDB connection error => querySrv ENOTFOUND _mongodb._tcp.testcluster.urrgt.mongodb.net
[2026-08-22 02:02:08] - [ERROR] => Restarting Mongo server
[2026-08-22 02:02:08] - [ERROR] => MongoDB connection error => querySrv ENOTFOUND _mongodb._tcp.testcluster.urrgt.mongodb.net
[2026-08-22 02:02:10] - [ERROR] => Restarting Mongo server
[2026-08-22 02:02:10] - [ERROR] => MongoDB connection error => querySrv ENOTFOUND _mongodb._tcp.testcluster.urrgt.mongodb.net
[2026-08-22 02:02:12] - [ERROR] => Restarting Mongo server
[2026-08-22 02:02:12] - [ERROR] => MongoDB connection error => querySrv ENOTFOUND _mongodb._tcp.testcluster.urrgt.mongodb.net
[2026-08-22 02:02:14] - [ERROR] => Restarting Mongo server
[2026-08-22 02:02:14] - [ERROR] => MongoDB connection error => querySrv ENOTFOUND _mongodb._tcp.testcluster.urrgt.mongodb.net
[2026-08-22 02:02:16] - [ERROR] => Restarting Mongo server
[2026-08-22 02:02:16] - [ERROR] => MongoDB connection error => querySrv ENOTFOUND _mongodb._tcp.testcluster.urrgt.mongodb.net
[2026-08-22 02:02:18] - [ERROR] => Restarting Mongo server
[2026-08-22 02:02:18] - [ERROR] => MongoDB connection error => querySrv ENOTFOUND _mongodb._tcp.testcluster.urrgt.mongodb.net
[2026-08-22 02:02:20] - [ERROR] => Restarting Mongo server
[2026-08-22 02:02:20] - [ERROR] => MongoDB connection error => querySrv ENOTFOUND _mongodb._tcp.testcluster.urrgt.mongodb.net
[2026-08-22 02:02:22] - [ERROR] => Restarting Mongo server
[2026-08-22 02:02:23] - [ERROR] => MongoDB connection error => querySrv ENOTFOUND _mongodb._tcp.testcluster.urrgt.mongodb.net
[2026-08-22 02:02:25] - [ERROR] => Restarting Mongo server
[2026-08-22 02:02:25] - [ERROR] => MongoDB connection error => querySrv ENOTFOUND _mongodb._tcp.testcluster.urrgt.mongodb.net
[2026-08-22 02:02:27] - [ERROR] => Restarting Mongo server
[2026-08-22 02:02:27] - [ERROR] => MongoDB connection error => querySrv ENOTFOUND _mongodb._tcp.testcluster.urrgt.mongodb.net
[2026-08-22 02:02:29] - [ERROR] => Restarting Mongo server
[2026-08-22 02:02:29] - [ERROR] => MongoDB connection error => querySrv ENOTFOUND _mongodb._tcp.testcluster.urrgt.mongodb.net
[2026-08-22 02:02:31] - [ERROR] => Restarting Mongo server
[2026-08-22 02:02:31] - [ERROR] => MongoDB connection error => querySrv ENOTFOUND _mongodb._tcp.testcluster.urrgt.mongodb.net
[2026-08-22 02:02:33] - [ERROR] => Restarting Mongo server
[2026-08-22 02:02:34] - [ERROR] => MongoDB connection error => querySrv ENOTFOUND _mongodb._tcp.testcluster.urrgt.mongodb.net
[2026-08-22 02:02:36] - [ERROR] => Restarting Mongo server
[2026-08-22 02:02:36] - [ERROR] => MongoDB connection error => querySrv ENOTFOUND _mongodb._tcp.testcluster.urrgt.mongodb.net
[2026-08-22 02:02:38] - [ERROR] => Restarting Mongo server
[2026-08-22 02:02:38] - [ERROR] => MongoDB connection error => querySrv ENOTFOUND _mongodb._tcp.testcluster.urrgt.mongodb.net
[2026-08-22 02:02:40] - [ERROR] => Restarting Mongo server
[2026-08-22 02:02:40] - [ERROR] => MongoDB connection error => querySrv ENOTFOUND _mongodb._tcp.testcluster.urrgt.mongodb.net
[2026-08-22 02:02:42] - [ERROR] => Restarting Mongo server
[2026-08-22 02:02:42] - [ERROR] => MongoDB connection error => querySrv ENOTFOUND _mongodb._tcp.testcluster.urrgt.mongodb.net
[2026-08-22 02:02:44] - [ERROR] => Restarting Mongo server
[2026-08-22 02:02:44] - [ERROR] => MongoDB connection error => querySrv ENOTFOUND _mongodb._tcp.testcluster.urrgt.mongodb.net
[2026-08-22 02:02:46] - [ERROR] => Restarting Mongo server
[2026-08-22 02:02:46] - [ERROR] => MongoDB connection error => querySrv ENOTFOUND _mongodb._tcp.testcluster.urrgt.mongodb.net
[2026-08-22 02:02:48] - [ERROR] => Restarting Mongo server
[2026-08-22 02:02:48] - [ERROR] => MongoDB connection error => querySrv ENOTFOUND _mongodb._tcp.testcluster.urrgt.mongodb.net
[2026-08-22 02:02:50] - [ERROR] => Restarting Mongo server
[2026-08-22 02:02:50] - [ERROR] => MongoDB connection error => querySrv ENOTFOUND _mongodb._tcp.testcluster.urrgt.mongodb.net
[2026-08-22 02:02:52] - [ERROR] => Restarting Mongo server
[2026-08-22 02:02:52] - [ERROR] => MongoDB connection error => querySrv ENOTFOUND _mongodb._tcp.testcluster.urrgt.mongodb.net
[2026-08-22 02:02:54] - [ERROR] => Restarting Mongo server
[2026-08-22 02:02:54] - [ERROR] => MongoDB connection error => querySrv ENOTFOUND _mongodb._tcp.testcluster.urrgt.mongodb.net
[2026-08-22 02:02:56] - [ERROR] => Restarting Mongo server
[2026-08-22 02:02:56] - [ERROR] => MongoDB connection error => querySrv ENOTFOUND _mongodb._tcp.testcluster.urrgt.mongodb.net
[2026-08-22 02:02:58] - [ERROR] => Restarting Mongo server
[2026-08-22 02:02:58] - [ERROR] => MongoDB connection error => querySrv ENOTFOUND _mongodb._tcp.testcluster.urrgt.mongodb.net
[2026-08-22 02:03:00] - [ERROR] => Restarting Mongo server
[2026-08-22 02:03:00] - [ERROR] => MongoDB connection error => querySrv ENOTFOUND _mongodb._tcp.testcluster.urrgt.mongodb.net
[2026-08-22 02:03:02] - [ERROR] => Restarting Mongo server
[2026-08-22 02:03:02] - [ERROR] => MongoDB connection error => querySrv ENOTFOUND _mongodb._tcp.testcluster.urrgt.mongodb.net
[2026-08-22 02:03:04] - [ERROR] => Restarting Mongo server
[2026-08-22 02:03:04] - [ERROR] => MongoDB connection error => querySrv ENOTFOUND _mongodb._tcp.testcluster.urrgt.mongodb.net
[2026-08-22 02:03:06] - [ERROR] => Restarting Mongo server
[2026-08-22 02:03:06] - [ERROR] => MongoDB connection error => querySrv ENOTFOUND _mongodb._tcp.testcluster.urrgt.mongodb.net
[2026-08-22 02:03:08] - [ERROR] => Restarting Mongo server
[2026-08-22 02:03:08] - [ERROR] => MongoDB connection error => querySrv ENOTFOUND _mongodb._tcp.testcluster.urrgt.mongodb.net
[2026-08-22 02:03:10] - [ERROR] => Restarting Mongo server
[2026-08-22 02:03:10] - [ERROR] => MongoDB connection error => querySrv ENOTFOUND _mongodb._tcp.testcluster.urrgt.mongodb.net
[2026-08-22 02:03:12] - [ERROR] => Restarting Mongo server
[2026-08-22 02:03:12] - [ERROR] => MongoDB connection error => querySrv ENOTFOUND _mongodb._tcp.testcluster.urrgt.mongodb.net
[2026-08-22 02:03:14] - [ERROR] => Restarting Mongo server
[2026-08-22 02:03:14] - [ERROR] => MongoDB connection error => querySrv ENOTFOUND _mongodb._tcp.testcluster.urrgt.mongodb.net
[2026-08-22 02:03:16] - [ERROR] => Restarting Mongo server
[2026-08-22 02:03:16] - [ERROR] => MongoDB connection error => querySrv ENOTFOUND _mongodb._tcp.testcluster.urrgt.mongodb.net
[2026-08-22 02:03:18] - [ERROR] => Restarting Mongo server
[2026-08-22 02:03:18] - [ERROR] => MongoDB connection error => querySrv ENOTFOUND _mongodb._tcp.testcluster.urrgt.mongodb.net
[2026-08-22 02:03:20] - [ERROR] => Restarting Mongo server
[2026-08-22 02:03:20] - [ERROR] => MongoDB connection error => querySrv ENOTFOUND _mongodb._tcp.testcluster.urrgt.mongodb.net
[2026-08-22 02:03:22] - [ERROR] => Restarting Mongo server
[2026-08-22 02:03:22] - [ERROR] => MongoDB connection error => querySrv ENOTFOUND _mongodb._tcp.testcluster.urrgt.mongodb.net
[2026-08-22 02:03:24] - [ERROR] => Restarting Mongo server
[2026-08-22 02:03:24] - [ERROR] => MongoDB connection error => querySrv ENOTFOUND _mongodb._tcp.testcluster.urrgt.mongodb.net
[2026-08-22 02:03:26] - [ERROR] => Restarting Mongo server
[2026-08-22 02:03:26] - [ERROR] => MongoDB connection error => querySrv ENOTFOUND _mongodb._tcp.testcluster.urrgt.mongodb.net
[2026-08-22 02:03:28] - [ERROR] => Restarting Mongo server
[2026-08-22 02:03:28] - [ERROR] => MongoDB connection error => querySrv ENOTFOUND _mongodb._tcp.testcluster.urrgt.mongodb.net
[2026-08-22 02:03:30] - [ERROR] => Restarting Mongo server
[2026-08-22 02:03:30] - [ERROR] => MongoDB connection error => querySrv ENOTFOUND _mongodb._tcp.testcluster.urrgt.mongodb.net
[2026-08-22 02:03:32] - [ERROR] => Restarting Mongo server
[2026-08-22 02:03:32] - [ERROR] => MongoDB connection error => querySrv ENOTFOUND _mongodb._tcp.testcluster.urrgt.mongodb.net
[2026-08-22 02:03:34] - [ERROR] => Restarting Mongo server
[2026-08-22 02:03:35] - [ERROR] => MongoDB connection error => querySrv ENOTFOUND _mongodb._tcp.testcluster.urrgt.mongodb.net
[2026-08-22 02:03:37] - [ERROR] => Restarting Mongo server
[2026-08-22 02:03:37] - [ERROR] => MongoDB connection error => querySrv ENOTFOUND _mongodb._tcp.testcluster.urrgt.mongodb.net
[2026-08-22 02:03:39] - [ERROR] => Restarting Mongo server
[2026-08-22 02:03:39] - [ERROR] => MongoDB connection error => querySrv ENOTFOUND _mongodb._tcp.testcluster.urrgt.mongodb.net
[2026-08-22 02:03:41] - [ERROR] => Restarting Mongo server
[2026-08-22 02:03:41] - [ERROR] => MongoDB connection error => querySrv ENOTFOUND _mongodb._tcp.testcluster.urrgt.mongodb.net
[2026-08-22 02:03:43] - [ERROR] => Restarting Mongo server
[2026-08-22 02:03:43] - [ERROR] => MongoDB connection error => querySrv ENOTFOUND _mongodb._tcp.testcluster.urrgt.mongodb.net
[2026-08-22 02:03:45] - [ERROR] => Restarting Mongo server
[2026-08-22 02:03:45] - [ERROR] => MongoDB connection error => querySrv ENOTFOUND _mongodb._tcp.testcluster.urrgt.mongodb.net
[2026-08-22 02:03:47] - [ERROR] => Restarting Mongo server
[2026-08-22 02:03:47] - [ERROR] => MongoDB connection error => querySrv ENOTFOUND _mongodb._tcp.testcluster.urrgt.mongodb.net
[2026-08-22 02:03:49] - [ERROR] => Restarting Mongo server
[2026-08-22 02:03:49] - [ERROR] => MongoDB connection error => querySrv ENOTFOUND _mongodb._tcp.testcluster.urrgt.mongodb.net
[2026-08-22 02:03:51] - [ERROR] => Restarting Mongo server
[2026-08-22 02:03:51] - [ERROR] => MongoDB connection error => querySrv ENOTFOUND _mongodb._tcp.testcluster.urrgt.mongodb.net
[2026-08-22 02:03:53] - [ERROR] => Restarting Mongo server
[2026-08-22 02:03:53] - [ERROR] => MongoDB connection error => querySrv ENOTFOUND _mongodb._tcp.testcluster.urrgt.mongodb.net
[2026-08-22 02:03:55] - [ERROR] => Restarting Mongo server
[2026-08-22 02:03:55] - [ERROR] => MongoDB connection error => querySrv ENOTFOUND _mongodb._tcp.testcluster.urrgt.mongodb.net
[2026-08-22 02:03:57] - [ERROR] => Restarting Mongo server
[2026-08-22 02:03:57] - [ERROR] => MongoDB connection error => querySrv ENOTFOUND _mongodb._tcp.testcluster.urrgt.mongodb.net
[2026-08-22 02:03:59] - [ERROR] => Restarting Mongo server
[2026-08-22 02:03:59] - [ERROR] => MongoDB connection error => querySrv ENOTFOUND _mongodb._tcp.testcluster.urrgt.mongodb.net
[2026-08-22 02:04:01] - [ERROR] => Restarting Mongo server
[2026-08-22 02:04:01] - [ERROR] => MongoDB connection error => querySrv ENOTFOUND _mongodb._tcp.testcluster.urrgt.mongodb.net
[2026-08-22 02:04:03] - [ERROR] => Restarting Mongo server
[2026-08-22 02:04:03] - [ERROR] => MongoDB connection error => querySrv ENOTFOUND _mongodb._tcp.testcluster.urrgt.mongodb.net
[2026-08-22 02:04:05] - [ERROR] => Restarting Mongo server
[2026-08-22 02:04:05] - [ERROR] => MongoDB connection error => querySrv ENOTFOUND _mongodb._tcp.testcluster.urrgt.mongodb.net
[2026-08-22 02:04:07] - [ERROR] => Restarting Mongo server
[2026-08-22 02:04:07] - [ERROR] => MongoDB connection error => querySrv ENOTFOUND _mongodb._tcp.testcluster.urrgt.mongodb.net
[2026-08-22 02:04:09] - [ERROR] => Restarting Mongo server
[2026-08-22 02:04:09] - [ERROR] => MongoDB connection error => querySrv ENOTFOUND _mongodb._tcp.testcluster.urrgt.mongodb.net
[2026-08-22 02:04:11] - [ERROR] => Restarting Mongo server
[2026-08-22 02:04:11] - [ERROR] => MongoDB connection error => querySrv ENOTFOUND _mongodb._tcp.testcluster.urrgt.mongodb.net
[2026-08-22 02:04:13] - [ERROR] => Restarting Mongo server
[2026-08-22 02:04:13] - [ERROR] => MongoDB connection error => querySrv ENOTFOUND _mongodb._tcp.testcluster.urrgt.mongodb.net
[2026-08-22 02:04:15] - [ERROR] => Restarting Mongo server
[2026-08-22 02:04:15] - [ERROR] => MongoDB connection error => querySrv ENOTFOUND _mongodb._tcp.testcluster.urrgt.mongodb.net
[2026-08-22 02:04:17] - [ERROR] => Restarting Mongo server
[2026-08-22 02:04:17] - [ERROR] => MongoDB connection error => querySrv ENOTFOUND _mongodb._tcp.testcluster.urrgt.mongodb.net
[2026-08-22 02:04:19] - [ERROR] => Restarting Mongo server
[2026-08-22 02:04:19] - [ERROR] => MongoDB connection error => querySrv ENOTFOUND _mongodb._tcp.testcluster.urrgt.mongodb.net
[2026-08-22 02:04:21] - [ERROR] => Restarting Mongo server
[2026-08-22 02:04:21] - [ERROR] => MongoDB connection error => querySrv ENOTFOUND _mongodb._tcp.testcluster.urrgt.mongodb.net
[2026-08-22 02:04:23] - [ERROR] => Restarting Mongo server
[2026-08-22 02:04:23] - [ERROR] => MongoDB connection error => querySrv ENOTFOUND _mongodb._tcp.testcluster.urrgt.mongodb.net
[2026-08-22 02:04:25] - [ERROR] => Restarting Mongo server
[2026-08-22 02:04:26] - [ERROR] => MongoDB connection error => querySrv ENOTFOUND _mongodb._tcp.testcluster.urrgt.mongodb.net
[2026-08-22 02:04:28] - [ERROR] => Restarting Mongo server
[2026-08-22 02:04:28] - [ERROR] => MongoDB connection error => querySrv ENOTFOUND _mongodb._tcp.testcluster.urrgt.mongodb.net
[2026-08-22 02:04:30] - [ERROR] => Restarting Mongo server
[2026-08-22 02:04:30] - [ERROR] => MongoDB connection error => querySrv ENOTFOUND _mongodb._tcp.testcluster.urrgt.mongodb.net
[2026-08-22 02:04:32] - [ERROR] => Restarting Mongo server
[2026-08-22 02:04:32] - [ERROR] => MongoDB connection error => querySrv ENOTFOUND _mongodb._tcp.testcluster.urrgt.mongodb.net
[2026-08-22 02:04:34] - [ERROR] => Restarting Mongo server
[2026-08-22 02:04:34] - [ERROR] => MongoDB connection error => querySrv ENOTFOUND _mongodb._tcp.testcluster.urrgt.mongodb.net
[2026-08-22 02:04:36] - [ERROR] => Restarting Mongo server
[2026-08-22 02:04:36] - [ERROR] => MongoDB connection error => querySrv ENOTFOUND _mongodb._tcp.testcluster.urrgt.mongodb.net
[2026-08-22 02:04:38] - [ERROR] => Restarting Mongo server
[2026-08-22 02:04:38] - [ERROR] => MongoDB connection error => querySrv ENOTFOUND _mongodb._tcp.testcluster.urrgt.mongodb.net
[2026-08-22 02:04:40] - [ERROR] => Restarting Mongo server
[2026-08-22 02:04:40] - [ERROR] => MongoDB connection error => querySrv ENOTFOUND _mongodb._tcp.testcluster.urrgt.mongodb.net
[2026-08-22 02:04:42] - [ERROR] => Restarting Mongo server
[2026-08-22 02:04:42] - [ERROR] => MongoDB connection error => querySrv ENOTFOUND _mongodb._tcp.testcluster.urrgt.mongodb.net
[2026-08-22 02:04:44] - [ERROR] => Restarting Mongo server
[2026-08-22 02:04:45] - [ERROR] => MongoDB connection error => querySrv ENOTFOUND _mongodb._tcp.testcluster.urrgt.mongodb.net
[2026-08-22 02:04:47] - [ERROR] => Restarting Mongo server
[2026-08-22 02:04:47] - [ERROR] => MongoDB connection error => querySrv ENOTFOUND _mongodb._tcp.testcluster.urrgt.mongodb.net
[2026-08-22 02:04:49] - [ERROR] => Restarting Mongo server
[2026-08-22 02:04:49] - [ERROR] => MongoDB connection error => querySrv ENOTFOUND _mongodb._tcp.testcluster.urrgt.mongodb.net
[2026-08-22 02:04:51] - [ERROR] => Restarting Mongo server
[2026-08-22 02:04:51] - [ERROR] => MongoDB connection error => querySrv ENOTFOUND _mongodb._tcp.testcluster.urrgt.mongodb.net
[2026-08-22 02:04:53] - [ERROR] => Restarting Mongo server
[2026-08-22 02:04:53] - [ERROR] => MongoDB connection error => querySrv ENOTFOUND _mongodb._tcp.testcluster.urrgt.mongodb.net
[2026-08-22 02:04:55] - [ERROR] => Restarting Mongo server
[2026-08-22 02:04:55] - [ERROR] => MongoDB connection error => querySrv ENOTFOUND _mongodb._tcp.testcluster.urrgt.mongodb.net
[2026-08-22 02:04:57] - [ERROR] => Restarting Mongo server
[2026-08-22 02:04:57] - [ERROR] => MongoDB connection error => querySrv ENOTFOUND _mongodb._tcp.testcluster.urrgt.mongodb.net
[2026-08-22 02:04:59] - [ERROR] => Restarting Mongo server
[2026-08-22 02:04:59] - [ERROR] => MongoDB connection error => querySrv ENOTFOUND _mongodb._tcp.testcluster.urrgt.mongodb.net
[2026-08-22 02:05:01] - [ERROR] => Restarting Mongo server
[2026-08-22 02:05:01] - [ERROR] => MongoDB connection error => querySrv ENOTFOUND _mongodb._tcp.testcluster.urrgt.mongodb.net
[2026-08-22 02:05:03] - [ERROR] => Restarting Mongo server
[2026-08-22 02:05:03] - [ERROR] => MongoDB connection error => querySrv ENOTFOUND _mongodb._tcp.testcluster.urrgt.mongodb.net
[2026-08-22 02:05:05] - [ERROR] => Restarting Mongo server
[2026-08-22 02:05:05] - [ERROR] => MongoDB connection error => querySrv ENOTFOUND _mongodb._tcp.testcluster.urrgt.mongodb.net
[2026-08-22 02:05:07] - [ERROR] => Restarting Mongo server
[2026-08-22 02:05:07] - [ERROR] => MongoDB connection error => querySrv ENOTFOUND _mongodb._tcp.testcluster.urrgt.mongodb.net
[2026-08-22 02:05:09] - [ERROR] => Restarting Mongo server
[2026-08-22 02:05:09] - [ERROR] => MongoDB connection error => querySrv ENOTFOUND _mongodb._tcp.testcluster.urrgt.mongodb.net
[2026-08-22 02:05:11] - [ERROR] => Restarting Mongo server
[2026-08-22 02:05:11] - [ERROR] => MongoDB connection error => querySrv ENOTFOUND _mongodb._tcp.testcluster.urrgt.mongodb.net
[2026-08-22 02:05:13] - [ERROR] => Restarting Mongo server
[2026-08-22 02:05:13] - [ERROR] => MongoDB connection error => querySrv ENOTFOUND _mongodb._tcp.testcluster.urrgt.mongodb.net
[2026-08-22 02:05:15] - [ERROR] => Restarting Mongo server
[2026-08-22 02:05:15] - [ERROR] => MongoDB connection error => querySrv ENOTFOUND _mongodb._tcp.testcluster.urrgt.mongodb.net
[2026-08-22 02:05:17] - [ERROR] => Restarting Mongo server
[2026-08-22 02:05:17] - [ERROR] => MongoDB connection error => querySrv ENOTFOUND _mongodb._tcp.testcluster.urrgt.mongodb.net
[2026-08-22 02:05:19] - [ERROR] => Restarting Mongo server
[2026-08-22 02:05:19] - [ERROR] => MongoDB connection error => querySrv ENOTFOUND _mongodb._tcp.testcluster.urrgt.mongodb.net
[2026-08-22 02:05:21] - [ERROR] => Restarting Mongo server
[2026-08-22 02:05:21] - [ERROR] => MongoDB connection error => querySrv ENOTFOUND _mongodb._tcp.testcluster.urrgt.mongodb.net
[2026-08-22 02:05:23] - [ERROR] => Restarting Mongo server
[2026-08-22 02:05:23] - [ERROR] => MongoDB connection error => querySrv ENOTFOUND _mongodb._tcp.testcluster.urrgt.mongodb.net
[2026-08-22 02:05:25] - [ERROR] => Restarting Mongo server
[2026-08-22 02:05:25] - [ERROR] => MongoDB connection error => querySrv ENOTFOUND _mongodb._tcp.testcluster.urrgt.mongodb.net
[2026-08-22 02:05:27] - [ERROR] => Restarting Mongo server
[2026-08-22 02:05:29] - [ERROR] => MongoDB connection error => querySrv ENOTFOUND _mongodb._tcp.testcluster.urrgt.mongodb.net
[2026-08-22 02:05:31] - [ERROR] => Restarting Mongo server
[2026-08-22 02:05:31] - [ERROR] => MongoDB connection error => querySrv ENOTFOUND _mongodb._tcp.testcluster.urrgt.mongodb.net
[2026-08-22 02:05:33] - [ERROR] => Restarting Mongo server
[2026-08-22 02:05:33] - [ERROR] => MongoDB connection error => querySrv ENOTFOUND _mongodb._tcp.testcluster.urrgt.mongodb.net
[2026-08-22 02:05:35] - [ERROR] => Restarting Mongo server
[2026-08-22 02:05:36] - [ERROR] => MongoDB connection error => querySrv ENOTFOUND _mongodb._tcp.testcluster.urrgt.mongodb.net
[2026-08-22 02:05:38] - [ERROR] => Restarting Mongo server
[2026-08-22 02:05:38] - [ERROR] => MongoDB connection error => querySrv ENOTFOUND _mongodb._tcp.testcluster.urrgt.mongodb.net
[2026-08-22 02:05:40] - [ERROR] => Restarting Mongo server
[2026-08-22 02:05:40] - [ERROR] => MongoDB connection error => querySrv ENOTFOUND _mongodb._tcp.testcluster.urrgt.mongodb.net
[2026-08-22 02:05:42] - [ERROR] => Restarting Mongo server
[2026-08-22 02:05:42] - [ERROR] => MongoDB connection error => querySrv ENOTFOUND _mongodb._tcp.testcluster.urrgt.mongodb.net
[2026-08-22 02:05:44] - [ERROR] => Restarting Mongo server
[2026-08-22 02:05:44] - [ERROR] => MongoDB connection error => querySrv ENOTFOUND _mongodb._tcp.testcluster.urrgt.mongodb.net
[2026-08-22 02:05:46] - [ERROR] => Restarting Mongo server
[2026-08-22 02:05:46] - [ERROR] => MongoDB connection error => querySrv ENOTFOUND _mongodb._tcp.testcluster.urrgt.mongodb.net
[2026-08-22 02:05:48] - [ERROR] => Restarting Mongo server
[2026-08-22 02:05:48] - [ERROR] => MongoDB connection error => querySrv ENOTFOUND _mongodb._tcp.testcluster.urrgt.mongodb.net
[2026-08-22 02:05:50] - [ERROR] => Restarting Mongo server
[2026-08-22 02:05:50] - [ERROR] => MongoDB connection error => querySrv ENOTFOUND _mongodb._tcp.testcluster.urrgt.mongodb.net
[2026-08-22 02:05:52] - [ERROR] => Restarting Mongo server
[2026-08-22 02:05:52] - [ERROR] => MongoDB connection error => querySrv ENOTFOUND _mongodb._tcp.testcluster.urrgt.mongodb.net
[2026-08-22 02:05:54] - [ERROR] => Restarting Mongo server
[2026-08-22 02:05:54] - [ERROR] => MongoDB connection error => querySrv ENOTFOUND _mongodb._tcp.testcluster.urrgt.mongodb.net
[2026-08-22 02:05:56] - [ERROR] => Restarting Mongo server
[2026-08-22 02:05:56] - [ERROR] => MongoDB connection error => querySrv ENOTFOUND _mongodb._tcp.testcluster.urrgt.mongodb.net
[2026-08-22 02:05:58] - [ERROR] => Restarting Mongo server
[2026-08-22 02:05:58] - [ERROR] => MongoDB connection error => querySrv ENOTFOUND _mongodb._tcp.testcluster.urrgt.mongodb.net
[2026-08-22 02:06:00] - [ERROR] => Restarting Mongo server
[2026-08-22 02:06:00] - [ERROR] => MongoDB connection error => querySrv ENOTFOUND _mongodb._tcp.testcluster.urrgt.mongodb.net
[2026-08-22 02:06:02] - [ERROR] => Restarting Mongo server
[2026-08-22 02:06:02] - [ERROR] => MongoDB connection error => querySrv ENOTFOUND _mongodb._tcp.testcluster.urrgt.mongodb.net
[2026-08-22 02:06:04] - [ERROR] => Restarting Mongo server
[2026-08-22 02:06:04] - [ERROR] => MongoDB connection error => querySrv ENOTFOUND _mongodb._tcp.testcluster.urrgt.mongodb.net
[2026-08-22 02:06:06] - [ERROR] => Restarting Mongo server
[2026-08-22 02:06:07] - [ERROR] => MongoDB connection error => querySrv ENOTFOUND _mongodb._tcp.testcluster.urrgt.mongodb.net
[2026-08-22 02:06:09] - [ERROR] => Restarting Mongo server
[2026-08-22 02:06:09] - [ERROR] => MongoDB connection error => querySrv ENOTFOUND _mongodb._tcp.testcluster.urrgt.mongodb.net
[2026-08-22 02:06:11] - [ERROR] => Restarting Mongo server
[2026-08-22 02:06:11] - [ERROR] => MongoDB connection error => querySrv ENOTFOUND _mongodb._tcp.testcluster.urrgt.mongodb.net
[2026-08-22 02:06:13] - [ERROR] => Restarting Mongo server
[2026-08-22 02:06:13] - [ERROR] => MongoDB connection error => querySrv ENOTFOUND _mongodb._tcp.testcluster.urrgt.mongodb.net
[2026-08-22 02:06:15] - [ERROR] => Restarting Mongo server
[2026-08-22 02:06:15] - [ERROR] => MongoDB connection error => querySrv ENOTFOUND _mongodb._tcp.testcluster.urrgt.mongodb.net
[2026-08-22 02:06:17] - [ERROR] => Restarting Mongo server
[2026-08-22 02:06:17] - [ERROR] => MongoDB connection error => querySrv ENOTFOUND _mongodb._tcp.testcluster.urrgt.mongodb.net
[2026-08-22 02:06:19] - [ERROR] => Restarting Mongo server
[2026-08-22 02:06:19] - [ERROR] => MongoDB connection error => querySrv ENOTFOUND _mongodb._tcp.testcluster.urrgt.mongodb.net
[2026-08-22 02:06:21] - [ERROR] => Restarting Mongo server
[2026-08-22 02:06:21] - [ERROR] => MongoDB connection error => querySrv ENOTFOUND _mongodb._tcp.testcluster.urrgt.mongodb.net
[2026-08-22 02:06:23] - [ERROR] => Restarting Mongo server
[2026-08-22 02:06:23] - [ERROR] => MongoDB connection error => querySrv ENOTFOUND _mongodb._tcp.testcluster.urrgt.mongodb.net
[2026-08-22 02:06:25] - [ERROR] => Restarting Mongo server
[2026-08-22 02:06:25] - [ERROR] => MongoDB connection error => querySrv ENOTFOUND _mongodb._tcp.testcluster.urrgt.mongodb.net
[2026-08-22 02:06:27] - [ERROR] => Restarting Mongo server
[2026-08-22 02:06:27] - [ERROR] => MongoDB connection error => querySrv ENOTFOUND _mongodb._tcp.testcluster.urrgt.mongodb.net
[2026-08-22 02:06:29] - [ERROR] => Restarting Mongo server
[2026-08-22 02:06:29] - [ERROR] => MongoDB connection error => querySrv ENOTFOUND _mongodb._tcp.testcluster.urrgt.mongodb.net
[2026-08-22 02:06:31] - [ERROR] => Restarting Mongo server
[2026-08-22 02:06:31] - [ERROR] => MongoDB connection error => querySrv ENOTFOUND _mongodb._tcp.testcluster.urrgt.mongodb.net
[2026-08-22 02:06:33] - [ERROR] => Restarting Mongo server
[2026-08-22 02:06:33] - [ERROR] => MongoDB connection error => querySrv ENOTFOUND _mongodb._tcp.testcluster.urrgt.mongodb.net
[2026-08-22 02:06:35] - [ERROR] => Restarting Mongo server
[2026-08-22 02:06:35] - [ERROR] => MongoDB connection error => querySrv ENOTFOUND _mongodb._tcp.testcluster.urrgt.mongodb.net
[2026-08-22 02:06:37] - [ERROR] => Restarting Mongo server
[2026-08-22 02:06:37] - [ERROR] => MongoDB connection error => querySrv ENOTFOUND _mongodb._tcp.testcluster.urrgt.mongodb.net
[2026-08-22 02:06:39] - [ERROR] => Restarting Mongo server
[2026-08-22 02:06:39] - [ERROR] => MongoDB connection error => querySrv ENOTFOUND _mongodb._tcp.testcluster.urrgt.mongodb.net
[2026-08-22 02:06:41] - [ERROR] => Restarting Mongo server
[2026-08-22 02:06:41] - [ERROR] => MongoDB connection error => querySrv ENOTFOUND _mongodb._tcp.testcluster.urrgt.mongodb.net
[2026-08-22 02:06:43] - [ERROR] => Restarting Mongo server
[2026-08-22 02:06:43] - [ERROR] => MongoDB connection error => querySrv ENOTFOUND _mongodb._tcp.testcluster.urrgt.mongodb.net
[2026-08-22 02:06:45] - [ERROR] => Restarting Mongo server
[2026-08-22 02:06:45] - [ERROR] => MongoDB connection error => querySrv ENOTFOUND _mongodb._tcp.testcluster.urrgt.mongodb.net
[2026-08-22 02:06:47] - [ERROR] => Restarting Mongo server
[2026-08-22 02:06:47] - [ERROR] => MongoDB connection error => querySrv ENOTFOUND _mongodb._tcp.testcluster.urrgt.mongodb.net
[2026-08-22 02:06:49] - [ERROR] => Restarting Mongo server
[2026-08-22 02:06:50] - [ERROR] => MongoDB connection error => querySrv ENOTFOUND _mongodb._tcp.testcluster.urrgt.mongodb.net
[2026-08-22 02:06:52] - [ERROR] => Restarting Mongo server
[2026-08-22 02:06:52] - [ERROR] => MongoDB connection error => querySrv ENOTFOUND _mongodb._tcp.testcluster.urrgt.mongodb.net
[2026-08-22 02:06:54] - [ERROR] => Restarting Mongo server
[2026-08-22 02:06:54] - [ERROR] => MongoDB connection error => querySrv ENOTFOUND _mongodb._tcp.testcluster.urrgt.mongodb.net
[2026-08-22 02:06:56] - [ERROR] => Restarting Mongo server
[2026-08-22 02:06:56] - [ERROR] => MongoDB connection error => querySrv ENOTFOUND _mongodb._tcp.testcluster.urrgt.mongodb.net
[2026-08-22 02:06:58] - [ERROR] => Restarting Mongo server
[2026-08-22 02:06:58] - [ERROR] => MongoDB connection error => querySrv ENOTFOUND _mongodb._tcp.testcluster.urrgt.mongodb.net
[2026-08-22 02:07:00] - [ERROR] => Restarting Mongo server
[2026-08-22 02:07:00] - [ERROR] => MongoDB connection error => querySrv ENOTFOUND _mongodb._tcp.testcluster.urrgt.mongodb.net
[2026-08-22 02:07:02] - [ERROR] => Restarting Mongo server
[2026-08-22 02:07:02] - [ERROR] => MongoDB connection error => querySrv ENOTFOUND _mongodb._tcp.testcluster.urrgt.mongodb.net
[2026-08-22 02:07:04] - [ERROR] => Restarting Mongo server
[2026-08-22 02:07:04] - [ERROR] => MongoDB connection error => querySrv ENOTFOUND _mongodb._tcp.testcluster.urrgt.mongodb.net
[2026-08-22 02:07:06] - [ERROR] => Restarting Mongo server
[2026-08-22 02:07:06] - [ERROR] => MongoDB connection error => querySrv ENOTFOUND _mongodb._tcp.testcluster.urrgt.mongodb.net
[2026-08-22 02:07:08] - [ERROR] => Restarting Mongo server
[2026-08-22 02:07:08] - [ERROR] => MongoDB connection error => querySrv ENOTFOUND _mongodb._tcp.testcluster.urrgt.mongodb.net
[2026-08-22 02:07:10] - [ERROR] => Restarting Mongo server
[2026-08-22 02:07:10] - [ERROR] => MongoDB connection error => querySrv ENOTFOUND _mongodb._tcp.testcluster.urrgt.mongodb.net
[2026-08-22 02:07:12] - [ERROR] => Restarting Mongo server
[2026-08-22 02:07:12] - [ERROR] => MongoDB connection error => querySrv ENOTFOUND _mongodb._tcp.testcluster.urrgt.mongodb.net
[2026-08-22 02:07:14] - [ERROR] => Restarting Mongo server
[2026-08-22 02:07:14] - [ERROR] => MongoDB connection error => querySrv ENOTFOUND _mongodb._tcp.testcluster.urrgt.mongodb.net
[2026-08-22 02:07:16] - [ERROR] => Restarting Mongo server
[2026-08-22 02:07:16] - [ERROR] => MongoDB connection error => querySrv ENOTFOUND _mongodb._tcp.testcluster.urrgt.mongodb.net
[2026-08-22 02:07:18] - [ERROR] => Restarting Mongo server
[2026-08-22 02:07:18] - [ERROR] => MongoDB connection error => querySrv ENOTFOUND _mongodb._tcp.testcluster.urrgt.mongodb.net
[2026-08-22 02:07:20] - [ERROR] => Restarting Mongo server
[2026-08-22 02:07:20] - [ERROR] => MongoDB connection error => querySrv ENOTFOUND _mongodb._tcp.testcluster.urrgt.mongodb.net
[2026-08-22 02:07:22] - [ERROR] => Restarting Mongo server
[2026-08-22 02:07:22] - [ERROR] => MongoDB connection error => querySrv ENOTFOUND _mongodb._tcp.testcluster.urrgt.mongodb.net
[2026-08-22 02:07:24] - [ERROR] => Restarting Mongo server
[2026-08-22 02:07:24] - [ERROR] => MongoDB connection error => querySrv ENOTFOUND _mongodb._tcp.testcluster.urrgt.mongodb.net
[2026-08-22 02:07:26] - [ERROR] => Restarting Mongo server
[2026-08-22 02:07:26] - [ERROR] => MongoDB connection error => querySrv ENOTFOUND _mongodb._tcp.testcluster.urrgt.mongodb.net
[2026-08-22 02:07:28] - [ERROR] => Restarting Mongo server
[2026-08-22 02:07:28] - [ERROR] => MongoDB connection error => querySrv ENOTFOUND _mongodb._tcp.testcluster.urrgt.mongodb.net
[2026-08-22 02:07:30] - [ERROR] => Restarting Mongo server
[2026-08-22 02:07:30] - [ERROR] => MongoDB connection error => querySrv ENOTFOUND _mongodb._tcp.testcluster.urrgt.mongodb.net
[2026-08-22 02:07:32] - [ERROR] => Restarting Mongo server
[2026-08-22 02:07:32] - [ERROR] => MongoDB connection error => querySrv ENOTFOUND _mongodb._tcp.testcluster.urrgt.mongodb.net
[2026-08-22 02:07:34] - [ERROR] => Restarting Mongo server
[2026-08-22 02:07:34] - [ERROR] => MongoDB connection error => querySrv ENOTFOUND _mongodb._tcp.testcluster.urrgt.mongodb.net
[2026-08-22 02:07:36] - [ERROR] => Restarting Mongo server
[2026-08-22 02:07:36] - [ERROR] => MongoDB connection error => querySrv ENOTFOUND _mongodb._tcp.testcluster.urrgt.mongodb.net
[2026-08-22 02:07:38] - [ERROR] => Restarting Mongo server
[2026-08-22 02:07:38] - [ERROR] => MongoDB connection error => querySrv ENOTFOUND _mongodb._tcp.testcluster.urrgt.mongodb.net
[2026-08-22 02:07:40] - [ERROR] => Restarting Mongo server
[2026-08-22 02:07:40] - [ERROR] => MongoDB connection error => querySrv ENOTFOUND _mongodb._tcp.testcluster.urrgt.mongodb.net
[2026-08-22 02:07:42] - [ERROR] => Restarting Mongo server
[2026-08-22 02:07:42] - [ERROR] => MongoDB connection error => querySrv ENOTFOUND _mongodb._tcp.testcluster.urrgt.mongodb.net
[2026-08-22 02:07:44] - [ERROR] => Restarting Mongo server
[2026-08-22 02:07:44] - [ERROR] => MongoDB connection error => querySrv ENOTFOUND _mongodb._tcp.testcluster.urrgt.mongodb.net
[2026-08-22 02:07:46] - [ERROR] => Restarting Mongo server
[2026-08-22 02:07:46] - [ERROR] => MongoDB connection error => querySrv ENOTFOUND _mongodb._tcp.testcluster.urrgt.mongodb.net
[2026-08-22 02:07:48] - [ERROR] => Restarting Mongo server
[2026-08-22 02:07:48] - [ERROR] => MongoDB connection error => querySrv ENOTFOUND _mongodb._tcp.testcluster.urrgt.mongodb.net
[2026-08-22 02:07:50] - [ERROR] => Restarting Mongo server
[2026-08-22 02:07:50] - [ERROR] => MongoDB connection error => querySrv ENOTFOUND _mongodb._tcp.testcluster.urrgt.mongodb.net
[2026-08-22 02:07:52] - [ERROR] => Restarting Mongo server
[2026-08-22 02:07:52] - [ERROR] => MongoDB connection error => querySrv ENOTFOUND _mongodb._tcp.testcluster.urrgt.mongodb.net
[2026-08-22 02:07:54] - [ERROR] => Restarting Mongo server
[2026-08-22 02:07:54] - [ERROR] => MongoDB connection error => querySrv ENOTFOUND _mongodb._tcp.testcluster.urrgt.mongodb.net
[2026-08-22 02:07:56] - [ERROR] => Restarting Mongo server
[2026-08-22 02:07:56] - [ERROR] => MongoDB connection error => querySrv ENOTFOUND _mongodb._tcp.testcluster.urrgt.mongodb.net
[2026-08-22 02:07:58] - [ERROR] => Restarting Mongo server
[2026-08-22 02:07:58] - [ERROR] => MongoDB connection error => querySrv ENOTFOUND _mongodb._tcp.testcluster.urrgt.mongodb.net
[2026-08-22 02:08:00] - [ERROR] => Restarting Mongo server
[2026-08-22 02:08:00] - [ERROR] => MongoDB connection error => querySrv ENOTFOUND _mongodb._tcp.testcluster.urrgt.mongodb.net
[2026-08-22 02:08:02] - [ERROR] => Restarting Mongo server
[2026-08-22 02:08:02] - [ERROR] => MongoDB connection error => querySrv ENOTFOUND _mongodb._tcp.testcluster.urrgt.mongodb.net
[2026-08-22 02:08:04] - [ERROR] => Restarting Mongo server
[2026-08-22 02:08:04] - [ERROR] => MongoDB connection error => querySrv ENOTFOUND _mongodb._tcp.testcluster.urrgt.mongodb.net
[2026-08-22 02:08:06] - [ERROR] => Restarting Mongo server
[2026-08-22 02:08:06] - [ERROR] => MongoDB connection error => querySrv ENOTFOUND _mongodb._tcp.testcluster.urrgt.mongodb.net
[2026-08-22 02:08:08] - [ERROR] => Restarting Mongo server
[2026-08-22 02:08:08] - [ERROR] => MongoDB connection error => querySrv ENOTFOUND _mongodb._tcp.testcluster.urrgt.mongodb.net
[2026-08-22 02:08:10] - [ERROR] => Restarting Mongo server
[2026-08-22 02:08:10] - [ERROR] => MongoDB connection error => querySrv ENOTFOUND _mongodb._tcp.testcluster.urrgt.mongodb.net
[2026-08-22 02:08:12] - [ERROR] => Restarting Mongo server
[2026-08-22 02:08:12] - [ERROR] => MongoDB connection error => querySrv ENOTFOUND _mongodb._tcp.testcluster.urrgt.mongodb.net
[2026-08-22 02:08:14] - [ERROR] => Restarting Mongo server
[2026-08-22 02:08:14] - [ERROR] => MongoDB connection error => querySrv ENOTFOUND _mongodb._tcp.testcluster.urrgt.mongodb.net
[2026-08-22 02:08:16] - [ERROR] => Restarting Mongo server
[2026-08-22 02:08:16] - [ERROR] => MongoDB connection error => querySrv ENOTFOUND _mongodb._tcp.testcluster.urrgt.mongodb.net
[2026-08-22 02:08:18] - [ERROR] => Restarting Mongo server
[2026-08-22 02:08:18] - [ERROR] => MongoDB connection error => querySrv ENOTFOUND _mongodb._tcp.testcluster.urrgt.mongodb.net
[2026-08-22 02:08:20] - [ERROR] => Restarting Mongo server
[2026-08-22 02:08:20] - [ERROR] => MongoDB connection error => querySrv ENOTFOUND _mongodb._tcp.testcluster.urrgt.mongodb.net
[2026-08-22 02:08:22] - [ERROR] => Restarting Mongo server
[2026-08-22 02:08:22] - [ERROR] => MongoDB connection error => querySrv ENOTFOUND _mongodb._tcp.testcluster.urrgt.mongodb.net
[2026-08-22 02:08:24] - [ERROR] => Restarting Mongo server
[2026-08-22 02:08:24] - [ERROR] => MongoDB connection error => querySrv ENOTFOUND _mongodb._tcp.testcluster.urrgt.mongodb.net
[2026-08-22 02:08:26] - [ERROR] => Restarting Mongo server
[2026-08-22 02:08:26] - [ERROR] => MongoDB connection error => querySrv ENOTFOUND _mongodb._tcp.testcluster.urrgt.mongodb.net
[2026-08-22 02:08:28] - [ERROR] => Restarting Mongo server
[2026-08-22 02:08:28] - [ERROR] => MongoDB connection error => querySrv ENOTFOUND _mongodb._tcp.testcluster.urrgt.mongodb.net
[2026-08-22 02:08:30] - [ERROR] => Restarting Mongo server
[2026-08-22 02:08:31] - [ERROR] => MongoDB connection error => querySrv ENOTFOUND _mongodb._tcp.testcluster.urrgt.mongodb.net
[2026-08-22 02:08:33] - [ERROR] => Restarting Mongo server
[2026-08-22 02:08:33] - [ERROR] => MongoDB connection error => querySrv ENOTFOUND _mongodb._tcp.testcluster.urrgt.mongodb.net
[2026-08-22 02:08:35] - [ERROR] => Restarting Mongo server
[2026-08-22 02:08:35] - [ERROR] => MongoDB connection error => querySrv ENOTFOUND _mongodb._tcp.testcluster.urrgt.mongodb.net
[2026-08-22 02:08:37] - [ERROR] => Restarting Mongo server
[2026-08-22 02:08:38] - [ERROR] => MongoDB connection error => querySrv ENOTFOUND _mongodb._tcp.testcluster.urrgt.mongodb.net
[2026-08-22 02:08:40] - [ERROR] => Restarting Mongo server
[2026-08-22 02:08:40] - [ERROR] => MongoDB connection error => querySrv ENOTFOUND _mongodb._tcp.testcluster.urrgt.mongodb.net
[2026-08-22 02:08:42] - [ERROR] => Restarting Mongo server
[2026-08-22 02:08:42] - [ERROR] => MongoDB connection error => querySrv ENOTFOUND _mongodb._tcp.testcluster.urrgt.mongodb.net
[2026-08-22 02:08:44] - [ERROR] => Restarting Mongo server
[2026-08-22 02:08:44] - [ERROR] => MongoDB connection error => querySrv ENOTFOUND _mongodb._tcp.testcluster.urrgt.mongodb.net
[2026-08-22 02:08:46] - [ERROR] => Restarting Mongo server
[2026-08-22 02:08:46] - [ERROR] => MongoDB connection error => querySrv ENOTFOUND _mongodb._tcp.testcluster.urrgt.mongodb.net
[2026-08-22 02:08:48] - [ERROR] => Restarting Mongo server
[2026-08-22 02:08:49] - [ERROR] => MongoDB connection error => querySrv ENOTFOUND _mongodb._tcp.testcluster.urrgt.mongodb.net
[2026-08-22 02:08:51] - [ERROR] => Restarting Mongo server
[2026-08-22 02:08:51] - [ERROR] => MongoDB connection error => querySrv ENOTFOUND _mongodb._tcp.testcluster.urrgt.mongodb.net
[2026-08-22 02:08:53] - [ERROR] => Restarting Mongo server
[2026-08-22 02:08:53] - [ERROR] => MongoDB connection error => querySrv ENOTFOUND _mongodb._tcp.testcluster.urrgt.mongodb.net
[2026-08-22 02:08:55] - [ERROR] => Restarting Mongo server
[2026-08-22 02:08:55] - [ERROR] => MongoDB connection error => querySrv ENOTFOUND _mongodb._tcp.testcluster.urrgt.mongodb.net
[2026-08-22 02:08:57] - [ERROR] => Restarting Mongo server
[2026-08-22 02:08:57] - [ERROR] => MongoDB connection error => querySrv ENOTFOUND _mongodb._tcp.testcluster.urrgt.mongodb.net
[2026-08-22 02:08:59] - [ERROR] => Restarting Mongo server
[2026-08-22 02:08:59] - [ERROR] => MongoDB connection error => querySrv ENOTFOUND _mongodb._tcp.testcluster.urrgt.mongodb.net
[2026-08-22 02:09:01] - [ERROR] => Restarting Mongo server
[2026-08-22 02:09:01] - [ERROR] => MongoDB connection error => querySrv ENOTFOUND _mongodb._tcp.testcluster.urrgt.mongodb.net
[2026-08-22 02:09:03] - [ERROR] => Restarting Mongo server
[2026-08-22 02:09:03] - [ERROR] => MongoDB connection error => querySrv ENOTFOUND _mongodb._tcp.testcluster.urrgt.mongodb.net
[2026-08-22 02:09:05] - [ERROR] => Restarting Mongo server
[2026-08-22 02:09:05] - [ERROR] => MongoDB connection error => querySrv ENOTFOUND _mongodb._tcp.testcluster.urrgt.mongodb.net
[2026-08-22 02:09:07] - [ERROR] => Restarting Mongo server
[2026-08-22 02:09:07] - [ERROR] => MongoDB connection error => querySrv ENOTFOUND _mongodb._tcp.testcluster.urrgt.mongodb.net
[2026-08-22 02:09:09] - [ERROR] => Restarting Mongo server
[2026-08-22 02:09:09] - [ERROR] => MongoDB connection error => querySrv ENOTFOUND _mongodb._tcp.testcluster.urrgt.mongodb.net
[2026-08-22 02:09:11] - [ERROR] => Restarting Mongo server
[2026-08-22 02:09:11] - [ERROR] => MongoDB connection error => querySrv ENOTFOUND _mongodb._tcp.testcluster.urrgt.mongodb.net
[2026-08-22 02:09:13] - [ERROR] => Restarting Mongo server
[2026-08-22 02:09:13] - [ERROR] => MongoDB connection error => querySrv ENOTFOUND _mongodb._tcp.testcluster.urrgt.mongodb.net
[2026-08-22 02:09:15] - [ERROR] => Restarting Mongo server
[2026-08-22 02:09:15] - [ERROR] => MongoDB connection error => querySrv ENOTFOUND _mongodb._tcp.testcluster.urrgt.mongodb.net
[2026-08-22 02:09:17] - [ERROR] => Restarting Mongo server
[2026-08-22 02:09:17] - [ERROR] => MongoDB connection error => querySrv ENOTFOUND _mongodb._tcp.testcluster.urrgt.mongodb.net
[2026-08-22 02:09:19] - [ERROR] => Restarting Mongo server
[2026-08-22 02:09:19] - [ERROR] => MongoDB connection error => querySrv ENOTFOUND _mongodb._tcp.testcluster.urrgt.mongodb.net
[2026-08-22 02:09:21] - [ERROR] => Restarting Mongo server
[2026-08-22 02:09:21] - [ERROR] => MongoDB connection error => querySrv ENOTFOUND _mongodb._tcp.testcluster.urrgt.mongodb.net
[2026-08-22 02:09:23] - [ERROR] => Restarting Mongo server
[2026-08-22 02:09:23] - [ERROR] => MongoDB connection error => querySrv ENOTFOUND _mongodb._tcp.testcluster.urrgt.mongodb.net
[2026-08-22 02:09:25] - [ERROR] => Restarting Mongo server
[2026-08-22 02:09:25] - [ERROR] => MongoDB connection error => querySrv ENOTFOUND _mongodb._tcp.testcluster.urrgt.mongodb.net
[2026-08-22 02:09:27] - [ERROR] => Restarting Mongo server
[2026-08-22 02:09:27] - [ERROR] => MongoDB connection error => querySrv ENOTFOUND _mongodb._tcp.testcluster.urrgt.mongodb.net
[2026-08-22 02:09:29] - [ERROR] => Restarting Mongo server
[2026-08-22 02:09:29] - [ERROR] => MongoDB connection error => querySrv ENOTFOUND _mongodb._tcp.testcluster.urrgt.mongodb.net
[2026-08-22 02:09:31] - [ERROR] => Restarting Mongo server
[2026-08-22 02:09:32] - [ERROR] => MongoDB connection error => querySrv ENOTFOUND _mongodb._tcp.testcluster.urrgt.mongodb.net
[2026-08-22 02:09:34] - [ERROR] => Restarting Mongo server
[2026-08-22 02:09:34] - [ERROR] => MongoDB connection error => querySrv ENOTFOUND _mongodb._tcp.testcluster.urrgt.mongodb.net
[2026-08-22 02:09:36] - [ERROR] => Restarting Mongo server
[2026-08-22 02:09:36] - [ERROR] => MongoDB connection error => querySrv ENOTFOUND _mongodb._tcp.testcluster.urrgt.mongodb.net
[2026-08-22 02:09:38] - [ERROR] => Restarting Mongo server
[2026-08-22 02:09:38] - [ERROR] => MongoDB connection error => querySrv ENOTFOUND _mongodb._tcp.testcluster.urrgt.mongodb.net
[2026-08-22 02:09:40] - [ERROR] => Restarting Mongo server
[2026-08-22 02:09:40] - [ERROR] => MongoDB connection error => querySrv ENOTFOUND _mongodb._tcp.testcluster.urrgt.mongodb.net
[2026-08-22 02:09:42] - [ERROR] => Restarting Mongo server
[2026-08-22 02:09:42] - [ERROR] => MongoDB connection error => querySrv ENOTFOUND _mongodb._tcp.testcluster.urrgt.mongodb.net
[2026-08-22 02:09:44] - [ERROR] => Restarting Mongo server
[2026-08-22 02:09:44] - [ERROR] => MongoDB connection error => querySrv ENOTFOUND _mongodb._tcp.testcluster.urrgt.mongodb.net
[2026-08-22 02:09:46] - [ERROR] => Restarting Mongo server
[2026-08-22 02:09:46] - [ERROR] => MongoDB connection error => querySrv ENOTFOUND _mongodb._tcp.testcluster.urrgt.mongodb.net
[2026-08-22 02:09:48] - [ERROR] => Restarting Mongo server
[2026-08-22 02:09:48] - [ERROR] => MongoDB connection error => querySrv ENOTFOUND _mongodb._tcp.testcluster.urrgt.mongodb.net
[2026-08-22 02:09:50] - [ERROR] => Restarting Mongo server
[2026-08-22 02:09:50] - [ERROR] => MongoDB connection error => querySrv ENOTFOUND _mongodb._tcp.testcluster.urrgt.mongodb.net
[2026-08-22 02:09:52] - [ERROR] => Restarting Mongo server
[2026-08-22 02:09:52] - [ERROR] => MongoDB connection error => querySrv ENOTFOUND _mongodb._tcp.testcluster.urrgt.mongodb.net
[2026-08-22 02:09:54] - [ERROR] => Restarting Mongo server
[2026-08-22 02:09:54] - [ERROR] => MongoDB connection error => querySrv ENOTFOUND _mongodb._tcp.testcluster.urrgt.mongodb.net
[2026-08-22 02:09:56] - [ERROR] => Restarting Mongo server
[2026-08-22 02:09:56] - [ERROR] => MongoDB connection error => querySrv ENOTFOUND _mongodb._tcp.testcluster.urrgt.mongodb.net
[2026-08-22 02:09:58] - [ERROR] => Restarting Mongo server
[2026-08-22 02:09:58] - [ERROR] => MongoDB connection error => querySrv ENOTFOUND _mongodb._tcp.testcluster.urrgt.mongodb.net
[2026-08-22 02:10:00] - [ERROR] => Restarting Mongo server
[2026-08-22 02:10:00] - [ERROR] => MongoDB connection error => querySrv ENOTFOUND _mongodb._tcp.testcluster.urrgt.mongodb.net
[2026-08-22 02:10:02] - [ERROR] => Restarting Mongo server
[2026-08-22 02:10:02] - [ERROR] => MongoDB connection error => querySrv ENOTFOUND _mongodb._tcp.testcluster.urrgt.mongodb.net
[2026-08-22 02:10:04] - [ERROR] => Restarting Mongo server
[2026-08-22 02:10:04] - [ERROR] => MongoDB connection error => querySrv ENOTFOUND _mongodb._tcp.testcluster.urrgt.mongodb.net
[2026-08-22 02:10:06] - [ERROR] => Restarting Mongo server
[2026-08-22 02:10:06] - [ERROR] => MongoDB connection error => querySrv ENOTFOUND _mongodb._tcp.testcluster.urrgt.mongodb.net
[2026-08-22 02:10:08] - [ERROR] => Restarting Mongo server
[2026-08-22 02:10:08] - [ERROR] => MongoDB connection error => querySrv ENOTFOUND _mongodb._tcp.testcluster.urrgt.mongodb.net
[2026-08-22 02:10:10] - [ERROR] => Restarting Mongo server
[2026-08-22 02:10:10] - [ERROR] => MongoDB connection error => querySrv ENOTFOUND _mongodb._tcp.testcluster.urrgt.mongodb.net
[2026-08-22 02:10:12] - [ERROR] => Restarting Mongo server
[2026-08-22 02:10:12] - [ERROR] => MongoDB connection error => querySrv ENOTFOUND _mongodb._tcp.testcluster.urrgt.mongodb.net
[2026-08-22 02:10:14] - [ERROR] => Restarting Mongo server
[2026-08-22 02:10:14] - [ERROR] => MongoDB connection error => querySrv ENOTFOUND _mongodb._tcp.testcluster.urrgt.mongodb.net
[2026-08-22 02:10:16] - [ERROR] => Restarting Mongo server
[2026-08-22 02:10:17] - [ERROR] => MongoDB connection error => querySrv ENOTFOUND _mongodb._tcp.testcluster.urrgt.mongodb.net
[2026-08-22 02:10:19] - [ERROR] => Restarting Mongo server
[2026-08-22 02:10:19] - [ERROR] => MongoDB connection error => querySrv ENOTFOUND _mongodb._tcp.testcluster.urrgt.mongodb.net
[2026-08-22 02:10:21] - [ERROR] => Restarting Mongo server
[2026-08-22 02:10:21] - [ERROR] => MongoDB connection error => querySrv ENOTFOUND _mongodb._tcp.testcluster.urrgt.mongodb.net
[2026-08-22 02:10:23] - [ERROR] => Restarting Mongo server
[2026-08-22 02:10:23] - [ERROR] => MongoDB connection error => querySrv ENOTFOUND _mongodb._tcp.testcluster.urrgt.mongodb.net
[2026-08-22 02:10:25] - [ERROR] => Restarting Mongo server
[2026-08-22 02:10:25] - [ERROR] => MongoDB connection error => querySrv ENOTFOUND _mongodb._tcp.testcluster.urrgt.mongodb.net
[2026-08-22 02:10:27] - [ERROR] => Restarting Mongo server
[2026-08-22 02:10:27] - [ERROR] => MongoDB connection error => querySrv ENOTFOUND _mongodb._tcp.testcluster.urrgt.mongodb.net
[2026-08-22 02:10:29] - [ERROR] => Restarting Mongo server
[2026-08-22 02:10:29] - [ERROR] => MongoDB connection error => querySrv ENOTFOUND _mongodb._tcp.testcluster.urrgt.mongodb.net
[2026-08-22 02:10:31] - [ERROR] => Restarting Mongo server
[2026-08-22 02:10:31] - [ERROR] => MongoDB connection error => querySrv ENOTFOUND _mongodb._tcp.testcluster.urrgt.mongodb.net
[2026-08-22 02:10:33] - [ERROR] => Restarting Mongo server
[2026-08-22 02:10:34] - [ERROR] => MongoDB connection error => querySrv ENOTFOUND _mongodb._tcp.testcluster.urrgt.mongodb.net
[2026-08-22 02:10:36] - [ERROR] => Restarting Mongo server
[2026-08-22 02:10:36] - [ERROR] => MongoDB connection error => querySrv ENOTFOUND _mongodb._tcp.testcluster.urrgt.mongodb.net
[2026-08-22 02:10:38] - [ERROR] => Restarting Mongo server
[2026-08-22 02:10:38] - [ERROR] => MongoDB connection error => querySrv ENOTFOUND _mongodb._tcp.testcluster.urrgt.mongodb.net
[2026-08-22 02:10:40] - [ERROR] => Restarting Mongo server
[2026-08-22 02:10:40] - [ERROR] => MongoDB connection error => querySrv ENOTFOUND _mongodb._tcp.testcluster.urrgt.mongodb.net
[2026-08-22 02:10:42] - [ERROR] => Restarting Mongo server
[2026-08-22 02:10:42] - [ERROR] => MongoDB connection error => querySrv ENOTFOUND _mongodb._tcp.testcluster.urrgt.mongodb.net
[2026-08-22 02:10:44] - [ERROR] => Restarting Mongo server
[2026-08-22 02:10:44] - [ERROR] => MongoDB connection error => querySrv ENOTFOUND _mongodb._tcp.testcluster.urrgt.mongodb.net
[2026-08-22 02:10:46] - [ERROR] => Restarting Mongo server
[2026-08-22 02:10:46] - [ERROR] => MongoDB connection error => querySrv ENOTFOUND _mongodb._tcp.testcluster.urrgt.mongodb.net
[2026-08-22 02:10:48] - [ERROR] => Restarting Mongo server
[2026-08-22 02:10:48] - [ERROR] => MongoDB connection error => querySrv ENOTFOUND _mongodb._tcp.testcluster.urrgt.mongodb.net
[2026-08-22 02:10:50] - [ERROR] => Restarting Mongo server
[2026-08-22 02:10:50] - [ERROR] => MongoDB connection error => querySrv ENOTFOUND _mongodb._tcp.testcluster.urrgt.mongodb.net
[2026-08-22 02:10:52] - [ERROR] => Restarting Mongo server
[2026-08-22 02:10:52] - [ERROR] => MongoDB connection error => querySrv ENOTFOUND _mongodb._tcp.testcluster.urrgt.mongodb.net
[2026-08-22 02:10:54] - [ERROR] => Restarting Mongo server
[2026-08-22 02:10:54] - [ERROR] => MongoDB connection error => querySrv ENOTFOUND _mongodb._tcp.testcluster.urrgt.mongodb.net
[2026-08-22 02:10:56] - [ERROR] => Restarting Mongo server
[2026-08-22 02:10:56] - [ERROR] => MongoDB connection error => querySrv ENOTFOUND _mongodb._tcp.testcluster.urrgt.mongodb.net
[2026-08-22 02:10:58] - [ERROR] => Restarting Mongo server
[2026-08-22 02:10:58] - [ERROR] => MongoDB connection error => querySrv ENOTFOUND _mongodb._tcp.testcluster.urrgt.mongodb.net
[2026-08-22 02:11:00] - [ERROR] => Restarting Mongo server
[2026-08-22 02:11:00] - [ERROR] => MongoDB connection error => querySrv ENOTFOUND _mongodb._tcp.testcluster.urrgt.mongodb.net
[2026-08-22 02:11:02] - [ERROR] => Restarting Mongo server
[2026-08-22 02:11:02] - [ERROR] => MongoDB connection error => querySrv ENOTFOUND _mongodb._tcp.testcluster.urrgt.mongodb.net
[2026-08-22 02:11:04] - [ERROR] => Restarting Mongo server
[2026-08-22 02:11:04] - [ERROR] => MongoDB connection error => querySrv ENOTFOUND _mongodb._tcp.testcluster.urrgt.mongodb.net
[2026-08-22 02:11:06] - [ERROR] => Restarting Mongo server
[2026-08-22 02:11:06] - [ERROR] => MongoDB connection error => querySrv ENOTFOUND _mongodb._tcp.testcluster.urrgt.mongodb.net
[2026-08-22 02:11:08] - [ERROR] => Restarting Mongo server
[2026-08-22 02:11:08] - [ERROR] => MongoDB connection error => querySrv ENOTFOUND _mongodb._tcp.testcluster.urrgt.mongodb.net
[2026-08-22 02:11:10] - [ERROR] => Restarting Mongo server
[2026-08-22 02:11:10] - [ERROR] => MongoDB connection error => querySrv ENOTFOUND _mongodb._tcp.testcluster.urrgt.mongodb.net
[2026-08-22 02:11:12] - [ERROR] => Restarting Mongo server
[2026-08-22 02:11:12] - [ERROR] => MongoDB connection error => querySrv ENOTFOUND _mongodb._tcp.testcluster.urrgt.mongodb.net
[2026-08-22 02:11:14] - [ERROR] => Restarting Mongo server
[2026-08-22 02:11:14] - [ERROR] => MongoDB connection error => querySrv ENOTFOUND _mongodb._tcp.testcluster.urrgt.mongodb.net
[2026-08-22 02:11:16] - [ERROR] => Restarting Mongo server
[2026-08-22 02:11:16] - [ERROR] => MongoDB connection error => querySrv ENOTFOUND _mongodb._tcp.testcluster.urrgt.mongodb.net
[2026-08-22 02:11:18] - [ERROR] => Restarting Mongo server
[2026-08-22 02:11:18] - [ERROR] => MongoDB connection error => querySrv ENOTFOUND _mongodb._tcp.testcluster.urrgt.mongodb.net
[2026-08-22 02:11:20] - [ERROR] => Restarting Mongo server
[2026-08-22 02:11:20] - [ERROR] => MongoDB connection error => querySrv ENOTFOUND _mongodb._tcp.testcluster.urrgt.mongodb.net
[2026-08-22 02:11:22] - [ERROR] => Restarting Mongo server
[2026-08-22 02:11:22] - [ERROR] => MongoDB connection error => querySrv ENOTFOUND _mongodb._tcp.testcluster.urrgt.mongodb.net
[2026-08-22 02:11:24] - [ERROR] => Restarting Mongo server
[2026-08-22 02:11:24] - [ERROR] => MongoDB connection error => querySrv ENOTFOUND _mongodb._tcp.testcluster.urrgt.mongodb.net
[2026-08-22 02:11:26] - [ERROR] => Restarting Mongo server
[2026-08-22 02:11:26] - [ERROR] => MongoDB connection error => querySrv ENOTFOUND _mongodb._tcp.testcluster.urrgt.mongodb.net
[2026-08-22 02:11:28] - [ERROR] => Restarting Mongo server
[2026-08-22 02:11:28] - [ERROR] => MongoDB connection error => querySrv ENOTFOUND _mongodb._tcp.testcluster.urrgt.mongodb.net
[2026-08-22 02:11:30] - [ERROR] => Restarting Mongo server
[2026-08-22 02:11:30] - [ERROR] => MongoDB connection error => querySrv ENOTFOUND _mongodb._tcp.testcluster.urrgt.mongodb.net
[2026-08-22 02:11:32] - [ERROR] => Restarting Mongo server
[2026-08-22 02:11:32] - [ERROR] => MongoDB connection error => querySrv ENOTFOUND _mongodb._tcp.testcluster.urrgt.mongodb.net
[2026-08-22 02:11:34] - [ERROR] => Restarting Mongo server
[2026-08-22 02:11:34] - [ERROR] => MongoDB connection error => querySrv ENOTFOUND _mongodb._tcp.testcluster.urrgt.mongodb.net
[2026-08-22 02:11:36] - [ERROR] => Restarting Mongo server
[2026-08-22 02:11:36] - [ERROR] => MongoDB connection error => querySrv ENOTFOUND _mongodb._tcp.testcluster.urrgt.mongodb.net
[2026-08-22 02:11:38] - [ERROR] => Restarting Mongo server
[2026-08-22 02:11:38] - [ERROR] => MongoDB connection error => querySrv ENOTFOUND _mongodb._tcp.testcluster.urrgt.mongodb.net
[2026-08-22 02:11:40] - [ERROR] => Restarting Mongo server
[2026-08-22 02:11:40] - [ERROR] => MongoDB connection error => querySrv ENOTFOUND _mongodb._tcp.testcluster.urrgt.mongodb.net
[2026-08-22 02:11:42] - [ERROR] => Restarting Mongo server
[2026-08-22 02:11:42] - [ERROR] => MongoDB connection error => querySrv ENOTFOUND _mongodb._tcp.testcluster.urrgt.mongodb.net
[2026-08-22 02:11:44] - [ERROR] => Restarting Mongo server
[2026-08-22 02:11:44] - [ERROR] => MongoDB connection error => querySrv ENOTFOUND _mongodb._tcp.testcluster.urrgt.mongodb.net
[2026-08-22 02:11:46] - [ERROR] => Restarting Mongo server
[2026-08-22 02:11:46] - [ERROR] => MongoDB connection error => querySrv ENOTFOUND _mongodb._tcp.testcluster.urrgt.mongodb.net
[2026-08-22 02:11:48] - [ERROR] => Restarting Mongo server
[2026-08-22 02:11:48] - [ERROR] => MongoDB connection error => querySrv ENOTFOUND _mongodb._tcp.testcluster.urrgt.mongodb.net
[2026-08-22 13:50:26] - [ERROR] => RedisDB connection error => Error: getaddrinfo ENOTFOUND redis
[2026-08-22 13:50:30] - [ERROR] => MongoDB connection error => querySrv ENOTFOUND _mongodb._tcp.testcluster.urrgt.mongodb.net
[2026-08-22 13:50:32] - [ERROR] => Restarting Mongo server
[2026-08-22 13:50:32] - [ERROR] => MongoDB connection error => querySrv ENOTFOUND _mongodb._tcp.testcluster.urrgt.mongodb.net
[2026-08-22 13:50:34] - [ERROR] => Restarting Mongo server
[2026-08-22 13:50:34] - [ERROR] => MongoDB connection error => querySrv ENOTFOUND _mongodb._tcp.testcluster.urrgt.mongodb.net
[2026-08-22 13:50:36] - [ERROR] => Restarting Mongo server
[2026-08-22 13:50:36] - [ERROR] => MongoDB connection error => querySrv ENOTFOUND _mongodb._tcp.testcluster.urrgt.mongodb.net
[2026-08-22 13:50:38] - [ERROR] => Restarting Mongo server
[2026-08-22 13:50:38] - [ERROR] => MongoDB connection error => querySrv ENOTFOUND _mongodb._tcp.testcluster.urrgt.mongodb.net
[2026-08-22 13:50:40] - [ERROR] => Restarting Mongo server
[2026-08-22 13:50:40] - [ERROR] => MongoDB connection error => querySrv ENOTFOUND _mongodb._tcp.testcluster.urrgt.mongodb.net
[2026-08-22 13:50:42] - [ERROR] => Restarting Mongo server
[2026-08-22 13:50:42] - [ERROR] => MongoDB connection error => querySrv ENOTFOUND _mongodb._tcp.testcluster.urrgt.mongodb.net
[2026-08-22 13:50:44] - [ERROR] => Restarting Mongo server
[2026-08-22 13:50:44] - [ERROR] => MongoDB connection error => querySrv ENOTFOUND _mongodb._tcp.testcluster.urrgt.mongodb.net
[2026-08-22 13:50:46] - [ERROR] => Restarting Mongo server
[2026-08-22 13:50:46] - [ERROR] => MongoDB connection error => querySrv ENOTFOUND _mongodb._tcp.testcluster.urrgt.mongodb.net
[2026-08-22 13:50:48] - [ERROR] => Restarting Mongo server
[2026-08-22 13:50:48] - [ERROR] => MongoDB connection error => querySrv ENOTFOUND _mongodb._tcp.testcluster.urrgt.mongodb.net
[2026-08-22 13:50:50] - [ERROR] => Restarting Mongo server
[2026-08-22 13:50:50] - [ERROR] => MongoDB connection error => querySrv ENOTFOUND _mongodb._tcp.testcluster.urrgt.mongodb.net
[2026-08-22 13:50:52] - [ERROR] => Restarting Mongo server
[2026-08-22 13:50:52] - [ERROR] => MongoDB connection error => querySrv ENOTFOUND _mongodb._tcp.testcluster.urrgt.mongodb.net
[2026-08-22 13:50:54] - [ERROR] => Restarting Mongo server
[2026-08-22 13:50:54] - [ERROR] => MongoDB connection error => querySrv ENOTFOUND _mongodb._tcp.testcluster.urrgt.mongodb.net
[2026-08-22 13:50:56] - [ERROR] => Restarting Mongo server
[2026-08-22 13:50:56] - [ERROR] => MongoDB connection error => querySrv ENOTFOUND _mongodb._tcp.testcluster.urrgt.mongodb.net
[2026-08-22 13:50:58] - [ERROR] => Restarting Mongo server
[2026-08-22 13:50:58] - [ERROR] => MongoDB connection error => querySrv ENOTFOUND _mongodb._tcp.testcluster.urrgt.mongodb.net
[2026-08-22 13:51:00] - [ERROR] => Restarting Mongo server
[2026-08-22 13:51:00] - [ERROR] => MongoDB connection error => querySrv ENOTFOUND _mongodb._tcp.testcluster.urrgt.mongodb.net
[2026-08-22 13:51:02] - [ERROR] => Restarting Mongo server
[2026-08-22 13:51:02] - [ERROR] => MongoDB connection error => querySrv ENOTFOUND _mongodb._tcp.testcluster.urrgt.mongodb.net
[2026-08-22 13:51:04] - [ERROR] => Restarting Mongo server
[2026-08-22 13:51:04] - [ERROR] => MongoDB connection error => querySrv ENOTFOUND _mongodb._tcp.testcluster.urrgt.mongodb.net
[2026-08-22 13:51:06] - [ERROR] => Restarting Mongo server
[2026-08-22 13:51:06] - [ERROR] => MongoDB connection error => querySrv ENOTFOUND _mongodb._tcp.testcluster.urrgt.mongodb.net
[2026-08-22 13:51:08] - [ERROR] => Restarting Mongo server
[2026-08-22 13:51:08] - [ERROR] => MongoDB connection error => querySrv ENOTFOUND _mongodb._tcp.testcluster.urrgt.mongodb.net
[2026-08-22 13:51:10] - [ERROR] => Restarting Mongo server
[2026-08-22 13:51:10] - [ERROR] => MongoDB connection error => querySrv ENOTFOUND _mongodb._tcp.testcluster.urrgt.mongodb.net
[2026-08-22 13:51:12] - [ERROR] => Restarting Mongo server
[2026-08-22 13:51:12] - [ERROR] => MongoDB connection error => querySrv ENOTFOUND _mongodb._tcp.testcluster.urrgt.mongodb.net
[2026-08-22 13:51:14] - [ERROR] => Restarting Mongo server
[2026-08-22 13:51:14] - [ERROR] => MongoDB connection error => querySrv ENOTFOUND _mongodb._tcp.testcluster.urrgt.mongodb.net
[2026-08-22 13:51:16] - [ERROR] => Restarting Mongo server
[2026-08-22 13:51:16] - [ERROR] => MongoDB connection error => querySrv ENOTFOUND _mongodb._tcp.testcluster.urrgt.mongodb.net
[2026-08-22 13:51:18] - [ERROR] => Restarting Mongo server
[2026-08-22 13:51:18] - [ERROR] => MongoDB connection error => querySrv ENOTFOUND _mongodb._tcp.testcluster.urrgt.mongodb.net
[2026-08-22 13:51:20] - [ERROR] => Restarting Mongo server
[2026-08-22 13:51:20] - [ERROR] => MongoDB connection error => querySrv ENOTFOUND _mongodb._tcp.testcluster.urrgt.mongodb.net
[2026-08-22 13:51:22] - [ERROR] => Restarting Mongo server
[2026-08-22 13:51:22] - [ERROR] => MongoDB connection error => querySrv ENOTFOUND _mongodb._tcp.testcluster.urrgt.mongodb.net
[2026-08-22 13:51:24] - [ERROR] => Restarting Mongo server
[2026-08-22 13:51:24] - [ERROR] => MongoDB connection error => querySrv ENOTFOUND _mongodb._tcp.testcluster.urrgt.mongodb.net
[2026-08-22 13:51:26] - [ERROR] => Restarting Mongo server
[2026-08-22 13:51:26] - [ERROR] => MongoDB connection error => querySrv ENOTFOUND _mongodb._tcp.testcluster.urrgt.mongodb.net
[2026-08-22 13:51:28] - [ERROR] => Restarting Mongo server
[2026-08-22 13:51:28] - [ERROR] => MongoDB connection error => querySrv ENOTFOUND _mongodb._tcp.testcluster.urrgt.mongodb.net
[2026-08-22 13:51:30] - [ERROR] => Restarting Mongo server
[2026-08-22 13:51:31] - [ERROR] => MongoDB connection error => querySrv ENOTFOUND _mongodb._tcp.testcluster.urrgt.mongodb.net
[2026-08-22 13:51:33] - [ERROR] => Restarting Mongo server
[2026-08-22 13:51:33] - [ERROR] => MongoDB connection error => querySrv ENOTFOUND _mongodb._tcp.testcluster.urrgt.mongodb.net
[2026-08-22 13:51:35] - [ERROR] => Restarting Mongo server
[2026-08-22 13:51:35] - [ERROR] => MongoDB connection error => querySrv ENOTFOUND _mongodb._tcp.testcluster.urrgt.mongodb.net
[2026-08-22 13:51:37] - [ERROR] => Restarting Mongo server
[2026-08-22 13:51:37] - [ERROR] => MongoDB connection error => querySrv ENOTFOUND _mongodb._tcp.testcluster.urrgt.mongodb.net
[2026-08-22 13:51:39] - [ERROR] => Restarting Mongo server
[2026-08-22 13:51:39] - [ERROR] => MongoDB connection error => querySrv ENOTFOUND _mongodb._tcp.testcluster.urrgt.mongodb.net
[2026-08-22 13:51:41] - [ERROR] => Restarting Mongo server
[2026-08-22 13:51:41] - [ERROR] => MongoDB connection error => querySrv ENOTFOUND _mongodb._tcp.testcluster.urrgt.mongodb.net
[2026-08-22 13:51:43] - [ERROR] => Restarting Mongo server
[2026-08-22 13:51:43] - [ERROR] => MongoDB connection error => querySrv ENOTFOUND _mongodb._tcp.testcluster.urrgt.mongodb.net
[2026-08-22 13:51:45] - [ERROR] => Restarting Mongo server
[2026-08-22 13:51:45] - [ERROR] => MongoDB connection error => querySrv ENOTFOUND _mongodb._tcp.testcluster.urrgt.mongodb.net
[2026-08-22 13:51:47] - [ERROR] => Restarting Mongo server
[2026-08-22 13:51:47] - [ERROR] => MongoDB connection error => querySrv ENOTFOUND _mongodb._tcp.testcluster.urrgt.mongodb.net
[2026-08-22 13:51:49] - [ERROR] => Restarting Mongo server
[2026-08-22 13:51:49] - [ERROR] => MongoDB connection error => querySrv ENOTFOUND _mongodb._tcp.testcluster.urrgt.mongodb.net
[2026-08-22 13:51:51] - [ERROR] => Restarting Mongo server
[2026-08-22 13:51:51] - [ERROR] => MongoDB connection error => querySrv ENOTFOUND _mongodb._tcp.testcluster.urrgt.mongodb.net
[2026-08-22 13:51:53] - [ERROR] => Restarting Mongo server
[2026-08-22 13:51:53] - [ERROR] => MongoDB connection error => querySrv ENOTFOUND _mongodb._tcp.testcluster.urrgt.mongodb.net
[2026-08-22 13:51:55] - [ERROR] => Restarting Mongo server
[2026-08-22 13:51:55] - [ERROR] => MongoDB connection error => querySrv ENOTFOUND _mongodb._tcp.testcluster.urrgt.mongodb.net
[2026-08-22 13:51:57] - [ERROR] => Restarting Mongo server
[2026-08-22 13:51:57] - [ERROR] => MongoDB connection error => querySrv ENOTFOUND _mongodb._tcp.testcluster.urrgt.mongodb.net
[2026-08-22 13:51:59] - [ERROR] => Restarting Mongo server
[2026-08-22 13:51:59] - [ERROR] => MongoDB connection error => querySrv ENOTFOUND _mongodb._tcp.testcluster.urrgt.mongodb.net
[2026-08-22 13:52:01] - [ERROR] => Restarting Mongo server
[2026-08-22 13:52:01] - [ERROR] => MongoDB connection error => querySrv ENOTFOUND _mongodb._tcp.testcluster.urrgt.mongodb.net
[2026-08-22 13:52:03] - [ERROR] => Restarting Mongo server
[2026-08-22 13:52:03] - [ERROR] => MongoDB connection error => querySrv ENOTFOUND _mongodb._tcp.testcluster.urrgt.mongodb.net
[2026-08-22 13:52:05] - [ERROR] => Restarting Mongo server
[2026-08-22 13:52:05] - [ERROR] => MongoDB connection error => querySrv ENOTFOUND _mongodb._tcp.testcluster.urrgt.mongodb.net
[2026-08-22 13:52:08] - [ERROR] => Restarting Mongo server
[2026-08-22 13:52:08] - [ERROR] => MongoDB connection error => querySrv ENOTFOUND _mongodb._tcp.testcluster.urrgt.mongodb.net
[2026-08-22 13:52:10] - [ERROR] => Restarting Mongo server
[2026-08-22 13:52:10] - [ERROR] => MongoDB connection error => querySrv ENOTFOUND _mongodb._tcp.testcluster.urrgt.mongodb.net
[2026-08-22 13:52:12] - [ERROR] => Restarting Mongo server
[2026-08-22 13:52:12] - [ERROR] => MongoDB connection error => querySrv ENOTFOUND _mongodb._tcp.testcluster.urrgt.mongodb.net
[2026-08-22 13:52:14] - [ERROR] => Restarting Mongo server
[2026-08-22 13:52:14] - [ERROR] => MongoDB connection error => querySrv ENOTFOUND _mongodb._tcp.testcluster.urrgt.mongodb.net
[2026-08-22 13:52:16] - [ERROR] => Restarting Mongo server
[2026-08-22 13:52:16] - [ERROR] => MongoDB connection error => querySrv ENOTFOUND _mongodb._tcp.testcluster.urrgt.mongodb.net
[2026-08-22 13:52:18] - [ERROR] => Restarting Mongo server
[2026-08-22 13:52:18] - [ERROR] => MongoDB connection error => querySrv ENOTFOUND _mongodb._tcp.testcluster.urrgt.mongodb.net
[2026-08-22 13:52:20] - [ERROR] => Restarting Mongo server
[2026-08-22 13:52:20] - [ERROR] => MongoDB connection error => querySrv ENOTFOUND _mongodb._tcp.testcluster.urrgt.mongodb.net
[2026-08-22 13:52:22] - [ERROR] => Restarting Mongo server
[2026-08-22 13:52:22] - [ERROR] => MongoDB connection error => querySrv ENOTFOUND _mongodb._tcp.testcluster.urrgt.mongodb.net
[2026-08-22 13:52:24] - [ERROR] => Restarting Mongo server
[2026-08-22 13:52:24] - [ERROR] => MongoDB connection error => querySrv ENOTFOUND _mongodb._tcp.testcluster.urrgt.mongodb.net
[2026-08-22 13:52:26] - [ERROR] => Restarting Mongo server
[2026-08-22 13:52:26] - [ERROR] => MongoDB connection error => querySrv ENOTFOUND _mongodb._tcp.testcluster.urrgt.mongodb.net
[2026-08-22 13:52:28] - [ERROR] => Restarting Mongo server
[2026-08-22 13:52:28] - [ERROR] => MongoDB connection error => querySrv ENOTFOUND _mongodb._tcp.testcluster.urrgt.mongodb.net
[2026-08-22 13:52:30] - [ERROR] => Restarting Mongo server
[2026-08-22 13:52:30] - [ERROR] => MongoDB connection error => querySrv ENOTFOUND _mongodb._tcp.testcluster.urrgt.mongodb.net
[2026-08-22 13:52:32] - [ERROR] => Restarting Mongo server
[2026-08-22 13:52:33] - [ERROR] => MongoDB connection error => querySrv ENOTFOUND _mongodb._tcp.testcluster.urrgt.mongodb.net
[2026-08-22 13:52:35] - [ERROR] => Restarting Mongo server
[2026-08-22 13:52:35] - [ERROR] => MongoDB connection error => querySrv ENOTFOUND _mongodb._tcp.testcluster.urrgt.mongodb.net
[2026-08-22 13:52:37] - [ERROR] => Restarting Mongo server
[2026-08-22 13:52:37] - [ERROR] => MongoDB connection error => querySrv ENOTFOUND _mongodb._tcp.testcluster.urrgt.mongodb.net
[2026-08-22 13:52:39] - [ERROR] => Restarting Mongo server
[2026-08-22 13:52:39] - [ERROR] => MongoDB connection error => querySrv ENOTFOUND _mongodb._tcp.testcluster.urrgt.mongodb.net
[2026-08-22 13:52:41] - [ERROR] => Restarting Mongo server
[2026-08-22 13:52:41] - [ERROR] => MongoDB connection error => querySrv ENOTFOUND _mongodb._tcp.testcluster.urrgt.mongodb.net
[2026-08-22 13:52:43] - [ERROR] => Restarting Mongo server
[2026-08-22 13:52:43] - [ERROR] => MongoDB connection error => querySrv ENOTFOUND _mongodb._tcp.testcluster.urrgt.mongodb.net
[2026-08-22 13:52:45] - [ERROR] => Restarting Mongo server
[2026-08-22 13:52:45] - [ERROR] => MongoDB connection error => querySrv ENOTFOUND _mongodb._tcp.testcluster.urrgt.mongodb.net
[2026-08-22 13:52:47] - [ERROR] => Restarting Mongo server
[2026-08-22 13:52:47] - [ERROR] => MongoDB connection error => querySrv ENOTFOUND _mongodb._tcp.testcluster.urrgt.mongodb.net
[2026-08-22 13:52:49] - [ERROR] => Restarting Mongo server
[2026-08-22 13:52:49] - [ERROR] => MongoDB connection error => querySrv ENOTFOUND _mongodb._tcp.testcluster.urrgt.mongodb.net
[2026-08-22 13:52:51] - [ERROR] => Restarting Mongo server
[2026-08-22 13:52:51] - [ERROR] => MongoDB connection error => querySrv ENOTFOUND _mongodb._tcp.testcluster.urrgt.mongodb.net
[2026-08-22 13:52:53] - [ERROR] => Restarting Mongo server
[2026-08-22 13:52:53] - [ERROR] => MongoDB connection error => querySrv ENOTFOUND _mongodb._tcp.testcluster.urrgt.mongodb.net
[2026-08-22 13:52:55] - [ERROR] => Restarting Mongo server
[2026-08-22 13:52:55] - [ERROR] => MongoDB connection error => querySrv ENOTFOUND _mongodb._tcp.testcluster.urrgt.mongodb.net
[2026-08-22 13:52:57] - [ERROR] => Restarting Mongo server
[2026-08-22 13:52:57] - [ERROR] => MongoDB connection error => querySrv ENOTFOUND _mongodb._tcp.testcluster.urrgt.mongodb.net
[2026-08-22 13:52:59] - [ERROR] => Restarting Mongo server
[2026-08-22 13:52:59] - [ERROR] => MongoDB connection error => querySrv ENOTFOUND _mongodb._tcp.testcluster.urrgt.mongodb.net
[2026-08-22 13:53:01] - [ERROR] => Restarting Mongo server
[2026-08-22 13:53:01] - [ERROR] => MongoDB connection error => querySrv ENOTFOUND _mongodb._tcp.testcluster.urrgt.mongodb.net
[2026-08-22 13:53:03] - [ERROR] => Restarting Mongo server
[2026-08-22 13:53:03] - [ERROR] => MongoDB connection error => querySrv ENOTFOUND _mongodb._tcp.testcluster.urrgt.mongodb.net
[2026-08-22 13:53:05] - [ERROR] => Restarting Mongo server
[2026-08-22 13:53:05] - [ERROR] => MongoDB connection error => querySrv ENOTFOUND _mongodb._tcp.testcluster.urrgt.mongodb.net
[2026-08-22 13:53:07] - [ERROR] => Restarting Mongo server
[2026-08-22 13:53:07] - [ERROR] => MongoDB connection error => querySrv ENOTFOUND _mongodb._tcp.testcluster.urrgt.mongodb.net
[2026-08-22 13:53:09] - [ERROR] => Restarting Mongo server
[2026-08-22 13:53:09] - [ERROR] => MongoDB connection error => querySrv ENOTFOUND _mongodb._tcp.testcluster.urrgt.mongodb.net
[2026-08-22 13:53:11] - [ERROR] => Restarting Mongo server
[2026-08-22 13:53:11] - [ERROR] => MongoDB connection error => querySrv ENOTFOUND _mongodb._tcp.testcluster.urrgt.mongodb.net
[2026-08-22 13:53:13] - [ERROR] => Restarting Mongo server
[2026-08-22 13:53:13] - [ERROR] => MongoDB connection error => querySrv ENOTFOUND _mongodb._tcp.testcluster.urrgt.mongodb.net
[2026-08-22 13:53:15] - [ERROR] => Restarting Mongo server
[2026-08-22 13:53:15] - [ERROR] => MongoDB connection error => querySrv ENOTFOUND _mongodb._tcp.testcluster.urrgt.mongodb.net
[2026-08-22 13:53:17] - [ERROR] => Restarting Mongo server
[2026-08-22 13:53:17] - [ERROR] => MongoDB connection error => querySrv ENOTFOUND _mongodb._tcp.testcluster.urrgt.mongodb.net
[2026-08-22 13:53:19] - [ERROR] => Restarting Mongo server
[2026-08-22 13:53:19] - [ERROR] => MongoDB connection error => querySrv ENOTFOUND _mongodb._tcp.testcluster.urrgt.mongodb.net
[2026-08-22 13:53:21] - [ERROR] => Restarting Mongo server
[2026-08-22 13:53:21] - [ERROR] => MongoDB connection error => querySrv ENOTFOUND _mongodb._tcp.testcluster.urrgt.mongodb.net
[2026-08-22 13:53:23] - [ERROR] => Restarting Mongo server
[2026-08-22 13:53:23] - [ERROR] => MongoDB connection error => querySrv ENOTFOUND _mongodb._tcp.testcluster.urrgt.mongodb.net
[2026-08-22 13:53:25] - [ERROR] => Restarting Mongo server
[2026-08-22 13:53:25] - [ERROR] => MongoDB connection error => querySrv ENOTFOUND _mongodb._tcp.testcluster.urrgt.mongodb.net
[2026-08-22 13:53:27] - [ERROR] => Restarting Mongo server
[2026-08-22 13:53:27] - [ERROR] => MongoDB connection error => querySrv ENOTFOUND _mongodb._tcp.testcluster.urrgt.mongodb.net
[2026-08-22 13:53:29] - [ERROR] => Restarting Mongo server
[2026-08-22 13:53:29] - [ERROR] => MongoDB connection error => querySrv ENOTFOUND _mongodb._tcp.testcluster.urrgt.mongodb.net
[2026-08-22 13:53:31] - [ERROR] => Restarting Mongo server
[2026-08-22 13:53:31] - [ERROR] => MongoDB connection error => querySrv ENOTFOUND _mongodb._tcp.testcluster.urrgt.mongodb.net
[2026-08-22 13:53:33] - [ERROR] => Restarting Mongo server
[2026-08-22 13:53:34] - [ERROR] => MongoDB connection error => querySrv ENOTFOUND _mongodb._tcp.testcluster.urrgt.mongodb.net
[2026-08-22 13:53:37] - [ERROR] => Restarting Mongo server
[2026-08-22 13:53:37] - [ERROR] => MongoDB connection error => querySrv ENOTFOUND _mongodb._tcp.testcluster.urrgt.mongodb.net
[2026-08-22 13:53:39] - [ERROR] => Restarting Mongo server
[2026-08-22 13:53:39] - [ERROR] => MongoDB connection error => querySrv ENOTFOUND _mongodb._tcp.testcluster.urrgt.mongodb.net
[2026-08-22 13:53:41] - [ERROR] => Restarting Mongo server
[2026-08-22 13:53:41] - [ERROR] => MongoDB connection error => querySrv ENOTFOUND _mongodb._tcp.testcluster.urrgt.mongodb.net
[2026-08-22 13:53:43] - [ERROR] => Restarting Mongo server
[2026-08-22 13:53:43] - [ERROR] => MongoDB connection error => querySrv ENOTFOUND _mongodb._tcp.testcluster.urrgt.mongodb.net
[2026-08-22 13:53:45] - [ERROR] => Restarting Mongo server
[2026-08-22 13:53:45] - [ERROR] => MongoDB connection error => querySrv ENOTFOUND _mongodb._tcp.testcluster.urrgt.mongodb.net
[2026-08-22 13:53:47] - [ERROR] => Restarting Mongo server
[2026-08-22 13:53:47] - [ERROR] => MongoDB connection error => querySrv ENOTFOUND _mongodb._tcp.testcluster.urrgt.mongodb.net
[2026-08-22 13:53:49] - [ERROR] => Restarting Mongo server
[2026-08-22 13:53:49] - [ERROR] => MongoDB connection error => querySrv ENOTFOUND _mongodb._tcp.testcluster.urrgt.mongodb.net
[2026-08-22 13:53:51] - [ERROR] => Restarting Mongo server
[2026-08-22 13:53:51] - [ERROR] => MongoDB connection error => querySrv ENOTFOUND _mongodb._tcp.testcluster.urrgt.mongodb.net
[2026-08-22 13:53:53] - [ERROR] => Restarting Mongo server
[2026-08-22 13:53:53] - [ERROR] => MongoDB connection error => querySrv ENOTFOUND _mongodb._tcp.testcluster.urrgt.mongodb.net
[2026-08-22 13:53:55] - [ERROR] => Restarting Mongo server
[2026-08-22 13:53:55] - [ERROR] => MongoDB connection error => querySrv ENOTFOUND _mongodb._tcp.testcluster.urrgt.mongodb.net
[2026-08-22 13:53:57] - [ERROR] => Restarting Mongo server
[2026-08-22 13:53:57] - [ERROR] => MongoDB connection error => querySrv ENOTFOUND _mongodb._tcp.testcluster.urrgt.mongodb.net
[2026-08-22 13:53:59] - [ERROR] => Restarting Mongo server
[2026-08-22 13:53:59] - [ERROR] => MongoDB connection error => querySrv ENOTFOUND _mongodb._tcp.testcluster.urrgt.mongodb.net
[2026-08-22 13:54:01] - [ERROR] => Restarting Mongo server
[2026-08-22 13:54:01] - [ERROR] => MongoDB connection error => querySrv ENOTFOUND _mongodb._tcp.testcluster.urrgt.mongodb.net
[2026-08-22 13:54:03] - [ERROR] => Restarting Mongo server
[2026-08-22 13:54:03] - [ERROR] => MongoDB connection error => querySrv ENOTFOUND _mongodb._tcp.testcluster.urrgt.mongodb.net
[2026-08-22 13:54:05] - [ERROR] => Restarting Mongo server
[2026-08-22 13:54:05] - [ERROR] => MongoDB connection error => querySrv ENOTFOUND _mongodb._tcp.testcluster.urrgt.mongodb.net
[2026-08-22 13:54:07] - [ERROR] => Restarting Mongo server
[2026-08-22 13:54:07] - [ERROR] => MongoDB connection error => querySrv ENOTFOUND _mongodb._tcp.testcluster.urrgt.mongodb.net
[2026-08-22 13:54:09] - [ERROR] => Restarting Mongo server
[2026-08-22 13:54:09] - [ERROR] => MongoDB connection error => querySrv ENOTFOUND _mongodb._tcp.testcluster.urrgt.mongodb.net
[2026-08-22 13:54:11] - [ERROR] => Restarting Mongo server
[2026-08-22 13:54:11] - [ERROR] => MongoDB connection error => querySrv ENOTFOUND _mongodb._tcp.testcluster.urrgt.mongodb.net
[2026-08-22 13:54:13] - [ERROR] => Restarting Mongo server
[2026-08-22 13:54:13] - [ERROR] => MongoDB connection error => querySrv ENOTFOUND _mongodb._tcp.testcluster.urrgt.mongodb.net
[2026-08-22 13:54:15] - [ERROR] => Restarting Mongo server
[2026-08-22 13:54:15] - [ERROR] => MongoDB connection error => querySrv ENOTFOUND _mongodb._tcp.testcluster.urrgt.mongodb.net
[2026-08-22 13:54:17] - [ERROR] => Restarting Mongo server
[2026-08-22 13:54:17] - [ERROR] => MongoDB connection error => querySrv ENOTFOUND _mongodb._tcp.testcluster.urrgt.mongodb.net
[2026-08-22 13:54:19] - [ERROR] => Restarting Mongo server
[2026-08-22 13:54:19] - [ERROR] => MongoDB connection error => querySrv ENOTFOUND _mongodb._tcp.testcluster.urrgt.mongodb.net
[2026-08-22 13:54:21] - [ERROR] => Restarting Mongo server
[2026-08-22 13:54:21] - [ERROR] => MongoDB connection error => querySrv ENOTFOUND _mongodb._tcp.testcluster.urrgt.mongodb.net
[2026-08-22 13:54:23] - [ERROR] => Restarting Mongo server
[2026-08-22 13:54:23] - [ERROR] => MongoDB connection error => querySrv ENOTFOUND _mongodb._tcp.testcluster.urrgt.mongodb.net
[2026-08-22 13:54:25] - [ERROR] => Restarting Mongo server
[2026-08-22 13:54:25] - [ERROR] => MongoDB connection error => querySrv ENOTFOUND _mongodb._tcp.testcluster.urrgt.mongodb.net
[2026-08-22 13:54:27] - [ERROR] => Restarting Mongo server
[2026-08-22 13:54:27] - [ERROR] => MongoDB connection error => querySrv ENOTFOUND _mongodb._tcp.testcluster.urrgt.mongodb.net
[2026-08-22 13:54:29] - [ERROR] => Restarting Mongo server
[2026-08-22 13:54:29] - [ERROR] => MongoDB connection error => querySrv ENOTFOUND _mongodb._tcp.testcluster.urrgt.mongodb.net
[2026-08-22 13:54:31] - [ERROR] => Restarting Mongo server
[2026-08-22 13:54:31] - [ERROR] => MongoDB connection error => querySrv ENOTFOUND _mongodb._tcp.testcluster.urrgt.mongodb.net
[2026-08-22 13:54:33] - [ERROR] => Restarting Mongo server
[2026-08-22 13:54:33] - [ERROR] => MongoDB connection error => querySrv ENOTFOUND _mongodb._tcp.testcluster.urrgt.mongodb.net
[2026-08-22 13:54:35] - [ERROR] => Restarting Mongo server
[2026-08-22 13:54:37] - [ERROR] => MongoDB connection error => querySrv ENOTFOUND _mongodb._tcp.testcluster.urrgt.mongodb.net
[2026-08-22 13:54:39] - [ERROR] => Restarting Mongo server
[2026-08-22 13:54:39] - [ERROR] => MongoDB connection error => querySrv ENOTFOUND _mongodb._tcp.testcluster.urrgt.mongodb.net
[2026-08-22 13:54:41] - [ERROR] => Restarting Mongo server
[2026-08-22 13:54:41] - [ERROR] => MongoDB connection error => querySrv ENOTFOUND _mongodb._tcp.testcluster.urrgt.mongodb.net
[2026-08-22 13:54:43] - [ERROR] => Restarting Mongo server
[2026-08-22 13:54:43] - [ERROR] => MongoDB connection error => querySrv ENOTFOUND _mongodb._tcp.testcluster.urrgt.mongodb.net
[2026-08-22 13:54:45] - [ERROR] => Restarting Mongo server
[2026-08-22 13:54:45] - [ERROR] => MongoDB connection error => querySrv ENOTFOUND _mongodb._tcp.testcluster.urrgt.mongodb.net
[2026-08-22 13:54:47] - [ERROR] => Restarting Mongo server
[2026-08-22 13:54:47] - [ERROR] => MongoDB connection error => querySrv ENOTFOUND _mongodb._tcp.testcluster.urrgt.mongodb.net
[2026-08-22 13:54:49] - [ERROR] => Restarting Mongo server
[2026-08-22 13:54:49] - [ERROR] => MongoDB connection error => querySrv ENOTFOUND _mongodb._tcp.testcluster.urrgt.mongodb.net
[2026-08-22 13:54:51] - [ERROR] => Restarting Mongo server
[2026-08-22 13:54:51] - [ERROR] => MongoDB connection error => querySrv ENOTFOUND _mongodb._tcp.testcluster.urrgt.mongodb.net
[2026-08-22 13:54:53] - [ERROR] => Restarting Mongo server
[2026-08-22 13:54:53] - [ERROR] => MongoDB connection error => querySrv ENOTFOUND _mongodb._tcp.testcluster.urrgt.mongodb.net
[2026-08-22 13:54:55] - [ERROR] => Restarting Mongo server
[2026-08-22 13:54:55] - [ERROR] => MongoDB connection error => querySrv ENOTFOUND _mongodb._tcp.testcluster.urrgt.mongodb.net
[2026-08-22 13:54:57] - [ERROR] => Restarting Mongo server
[2026-08-22 13:54:57] - [ERROR] => MongoDB connection error => querySrv ENOTFOUND _mongodb._tcp.testcluster.urrgt.mongodb.net
[2026-08-22 13:54:59] - [ERROR] => Restarting Mongo server
[2026-08-22 13:54:59] - [ERROR] => MongoDB connection error => querySrv ENOTFOUND _mongodb._tcp.testcluster.urrgt.mongodb.net
[2026-08-22 13:55:01] - [ERROR] => Restarting Mongo server
[2026-08-22 13:55:02] - [ERROR] => MongoDB connection error => querySrv ENOTFOUND _mongodb._tcp.testcluster.urrgt.mongodb.net
[2026-08-22 13:55:04] - [ERROR] => Restarting Mongo server
[2026-08-22 13:55:04] - [ERROR] => MongoDB connection error => querySrv ENOTFOUND _mongodb._tcp.testcluster.urrgt.mongodb.net
[2026-08-22 13:55:06] - [ERROR] => Restarting Mongo server
[2026-08-22 13:55:06] - [ERROR] => MongoDB connection error => querySrv ENOTFOUND _mongodb._tcp.testcluster.urrgt.mongodb.net
[2026-08-22 13:55:08] - [ERROR] => Restarting Mongo server
[2026-08-22 13:55:08] - [ERROR] => MongoDB connection error => querySrv ENOTFOUND _mongodb._tcp.testcluster.urrgt.mongodb.net
[2026-08-22 13:55:10] - [ERROR] => Restarting Mongo server
[2026-08-22 13:55:10] - [ERROR] => MongoDB connection error => querySrv ENOTFOUND _mongodb._tcp.testcluster.urrgt.mongodb.net
[2026-08-22 13:55:12] - [ERROR] => Restarting Mongo server
[2026-08-22 13:55:12] - [ERROR] => MongoDB connection error => querySrv ENOTFOUND _mongodb._tcp.testcluster.urrgt.mongodb.net
[2026-08-22 13:55:14] - [ERROR] => Restarting Mongo server
[2026-08-22 13:55:14] - [ERROR] => MongoDB connection error => querySrv ENOTFOUND _mongodb._tcp.testcluster.urrgt.mongodb.net
[2026-08-22 13:55:16] - [ERROR] => Restarting Mongo server
[2026-08-22 13:55:16] - [ERROR] => MongoDB connection error => querySrv ENOTFOUND _mongodb._tcp.testcluster.urrgt.mongodb.net
[2026-08-22 13:55:18] - [ERROR] => Restarting Mongo server
[2026-08-22 13:55:18] - [ERROR] => MongoDB connection error => querySrv ENOTFOUND _mongodb._tcp.testcluster.urrgt.mongodb.net
[2026-08-22 13:55:20] - [ERROR] => Restarting Mongo server
[2026-08-22 13:55:20] - [ERROR] => MongoDB connection error => querySrv ENOTFOUND _mongodb._tcp.testcluster.urrgt.mongodb.net
[2026-08-22 13:55:22] - [ERROR] => Restarting Mongo server
[2026-08-22 13:55:22] - [ERROR] => MongoDB connection error => querySrv ENOTFOUND _mongodb._tcp.testcluster.urrgt.mongodb.net
[2026-08-22 13:55:24] - [ERROR] => Restarting Mongo server
[2026-08-22 13:55:24] - [ERROR] => MongoDB connection error => querySrv ENOTFOUND _mongodb._tcp.testcluster.urrgt.mongodb.net
[2026-08-22 13:55:26] - [ERROR] => Restarting Mongo server
[2026-08-22 13:55:26] - [ERROR] => MongoDB connection error => querySrv ENOTFOUND _mongodb._tcp.testcluster.urrgt.mongodb.net
[2026-08-22 13:55:28] - [ERROR] => Restarting Mongo server
[2026-08-22 13:55:28] - [ERROR] => MongoDB connection error => querySrv ENOTFOUND _mongodb._tcp.testcluster.urrgt.mongodb.net
[2026-08-22 13:55:30] - [ERROR] => Restarting Mongo server
[2026-08-22 13:55:30] - [ERROR] => MongoDB connection error => querySrv ENOTFOUND _mongodb._tcp.testcluster.urrgt.mongodb.net
[2026-08-22 13:55:32] - [ERROR] => Restarting Mongo server
[2026-08-22 13:55:32] - [ERROR] => MongoDB connection error => querySrv ENOTFOUND _mongodb._tcp.testcluster.urrgt.mongodb.net
[2026-08-22 13:55:34] - [ERROR] => Restarting Mongo server
[2026-08-22 13:55:34] - [ERROR] => MongoDB connection error => querySrv ENOTFOUND _mongodb._tcp.testcluster.urrgt.mongodb.net
[2026-08-22 13:55:36] - [ERROR] => Restarting Mongo server
[2026-08-22 13:55:36] - [ERROR] => MongoDB connection error => querySrv ENOTFOUND _mongodb._tcp.testcluster.urrgt.mongodb.net
[2026-08-22 13:55:38] - [ERROR] => Restarting Mongo server
[2026-08-22 13:55:39] - [ERROR] => MongoDB connection error => querySrv ENOTFOUND _mongodb._tcp.testcluster.urrgt.mongodb.net
[2026-08-22 13:55:41] - [ERROR] => Restarting Mongo server
[2026-08-22 13:55:41] - [ERROR] => MongoDB connection error => querySrv ENOTFOUND _mongodb._tcp.testcluster.urrgt.mongodb.net
[2026-08-22 13:55:43] - [ERROR] => Restarting Mongo server
[2026-08-22 13:55:43] - [ERROR] => MongoDB connection error => querySrv ENOTFOUND _mongodb._tcp.testcluster.urrgt.mongodb.net
[2026-08-22 13:55:45] - [ERROR] => Restarting Mongo server
[2026-08-22 13:55:45] - [ERROR] => MongoDB connection error => querySrv ENOTFOUND _mongodb._tcp.testcluster.urrgt.mongodb.net
[2026-08-22 13:55:47] - [ERROR] => Restarting Mongo server
[2026-08-22 13:55:47] - [ERROR] => MongoDB connection error => querySrv ENOTFOUND _mongodb._tcp.testcluster.urrgt.mongodb.net
[2026-08-22 13:55:49] - [ERROR] => Restarting Mongo server
[2026-08-22 13:55:49] - [ERROR] => MongoDB connection error => querySrv ENOTFOUND _mongodb._tcp.testcluster.urrgt.mongodb.net
[2026-08-22 13:55:51] - [ERROR] => Restarting Mongo server
[2026-08-22 13:55:51] - [ERROR] => MongoDB connection error => querySrv ENOTFOUND _mongodb._tcp.testcluster.urrgt.mongodb.net
[2026-08-22 13:55:53] - [ERROR] => Restarting Mongo server
[2026-08-22 13:55:53] - [ERROR] => MongoDB connection error => querySrv ENOTFOUND _mongodb._tcp.testcluster.urrgt.mongodb.net
[2026-08-22 13:55:55] - [ERROR] => Restarting Mongo server
[2026-08-22 13:55:55] - [ERROR] => MongoDB connection error => querySrv ENOTFOUND _mongodb._tcp.testcluster.urrgt.mongodb.net
[2026-08-22 13:55:57] - [ERROR] => Restarting Mongo server
[2026-08-22 13:55:57] - [ERROR] => MongoDB connection error => querySrv ENOTFOUND _mongodb._tcp.testcluster.urrgt.mongodb.net
[2026-08-22 13:55:59] - [ERROR] => Restarting Mongo server
[2026-08-22 13:55:59] - [ERROR] => MongoDB connection error => querySrv ENOTFOUND _mongodb._tcp.testcluster.urrgt.mongodb.net
[2026-08-22 13:56:01] - [ERROR] => Restarting Mongo server
[2026-08-22 13:56:01] - [ERROR] => MongoDB connection error => querySrv ENOTFOUND _mongodb._tcp.testcluster.urrgt.mongodb.net
[2026-08-22 13:56:03] - [ERROR] => Restarting Mongo server
[2026-08-22 13:56:03] - [ERROR] => MongoDB connection error => querySrv ENOTFOUND _mongodb._tcp.testcluster.urrgt.mongodb.net
[2026-08-22 13:56:05] - [ERROR] => Restarting Mongo server
[2026-08-22 13:56:05] - [ERROR] => MongoDB connection error => querySrv ENOTFOUND _mongodb._tcp.testcluster.urrgt.mongodb.net
[2026-08-22 13:56:07] - [ERROR] => Restarting Mongo server
[2026-08-22 13:56:07] - [ERROR] => MongoDB connection error => querySrv ENOTFOUND _mongodb._tcp.testcluster.urrgt.mongodb.net
[2026-08-22 13:56:09] - [ERROR] => Restarting Mongo server
[2026-08-22 13:56:09] - [ERROR] => MongoDB connection error => querySrv ENOTFOUND _mongodb._tcp.testcluster.urrgt.mongodb.net
[2026-08-22 13:56:11] - [ERROR] => Restarting Mongo server
[2026-08-22 13:56:11] - [ERROR] => MongoDB connection error => querySrv ENOTFOUND _mongodb._tcp.testcluster.urrgt.mongodb.net
[2026-08-22 13:56:13] - [ERROR] => Restarting Mongo server
[2026-08-22 13:56:13] - [ERROR] => MongoDB connection error => querySrv ENOTFOUND _mongodb._tcp.testcluster.urrgt.mongodb.net
[2026-08-22 13:56:15] - [ERROR] => Restarting Mongo server
[2026-08-22 13:56:16] - [ERROR] => MongoDB connection error => querySrv ENOTFOUND _mongodb._tcp.testcluster.urrgt.mongodb.net
[2026-08-22 13:56:18] - [ERROR] => Restarting Mongo server
[2026-08-22 13:56:18] - [ERROR] => MongoDB connection error => querySrv ENOTFOUND _mongodb._tcp.testcluster.urrgt.mongodb.net
[2026-08-22 13:56:20] - [ERROR] => Restarting Mongo server
[2026-08-22 13:56:20] - [ERROR] => MongoDB connection error => querySrv ENOTFOUND _mongodb._tcp.testcluster.urrgt.mongodb.net
[2026-08-22 13:56:22] - [ERROR] => Restarting Mongo server
[2026-08-22 13:56:22] - [ERROR] => MongoDB connection error => querySrv ENOTFOUND _mongodb._tcp.testcluster.urrgt.mongodb.net
[2026-08-22 13:56:24] - [ERROR] => Restarting Mongo server
[2026-08-22 13:56:24] - [ERROR] => MongoDB connection error => querySrv ENOTFOUND _mongodb._tcp.testcluster.urrgt.mongodb.net
[2026-08-22 13:56:26] - [ERROR] => Restarting Mongo server
[2026-08-22 13:56:26] - [ERROR] => MongoDB connection error => querySrv ENOTFOUND _mongodb._tcp.testcluster.urrgt.mongodb.net
[2026-08-22 13:56:28] - [ERROR] => Restarting Mongo server
[2026-08-22 13:56:28] - [ERROR] => MongoDB connection error => querySrv ENOTFOUND _mongodb._tcp.testcluster.urrgt.mongodb.net
[2026-08-22 13:56:30] - [ERROR] => Restarting Mongo server
[2026-08-22 13:56:30] - [ERROR] => MongoDB connection error => querySrv ENOTFOUND _mongodb._tcp.testcluster.urrgt.mongodb.net
[2026-08-22 13:56:32] - [ERROR] => Restarting Mongo server
[2026-08-22 13:56:32] - [ERROR] => MongoDB connection error => querySrv ENOTFOUND _mongodb._tcp.testcluster.urrgt.mongodb.net
[2026-08-22 13:56:34] - [ERROR] => Restarting Mongo server
[2026-08-22 13:56:34] - [ERROR] => MongoDB connection error => querySrv ENOTFOUND _mongodb._tcp.testcluster.urrgt.mongodb.net
[2026-08-22 13:56:36] - [ERROR] => Restarting Mongo server
[2026-08-22 13:56:36] - [ERROR] => MongoDB connection error => querySrv ENOTFOUND _mongodb._tcp.testcluster.urrgt.mongodb.net
[2026-08-22 13:56:38] - [ERROR] => Restarting Mongo server
[2026-08-22 13:56:38] - [ERROR] => MongoDB connection error => querySrv ENOTFOUND _mongodb._tcp.testcluster.urrgt.mongodb.net
[2026-08-22 13:56:40] - [ERROR] => Restarting Mongo server
[2026-08-22 13:56:41] - [ERROR] => MongoDB connection error => querySrv ENOTFOUND _mongodb._tcp.testcluster.urrgt.mongodb.net
[2026-08-22 13:56:43] - [ERROR] => Restarting Mongo server
[2026-08-22 13:56:43] - [ERROR] => MongoDB connection error => querySrv ENOTFOUND _mongodb._tcp.testcluster.urrgt.mongodb.net
[2026-08-22 13:56:45] - [ERROR] => Restarting Mongo server
[2026-08-22 13:56:45] - [ERROR] => MongoDB connection error => querySrv ENOTFOUND _mongodb._tcp.testcluster.urrgt.mongodb.net
[2026-08-22 13:56:47] - [ERROR] => Restarting Mongo server
[2026-08-22 13:56:47] - [ERROR] => MongoDB connection error => querySrv ENOTFOUND _mongodb._tcp.testcluster.urrgt.mongodb.net
[2026-08-22 13:56:49] - [ERROR] => Restarting Mongo server
[2026-08-22 13:56:49] - [ERROR] => MongoDB connection error => querySrv ENOTFOUND _mongodb._tcp.testcluster.urrgt.mongodb.net
[2026-08-22 13:56:51] - [ERROR] => Restarting Mongo server
[2026-08-22 13:56:51] - [ERROR] => MongoDB connection error => querySrv ENOTFOUND _mongodb._tcp.testcluster.urrgt.mongodb.net
[2026-08-22 13:56:53] - [ERROR] => Restarting Mongo server
[2026-08-22 13:56:53] - [ERROR] => MongoDB connection error => querySrv ENOTFOUND _mongodb._tcp.testcluster.urrgt.mongodb.net
[2026-08-22 13:56:55] - [ERROR] => Restarting Mongo server
[2026-08-22 13:56:55] - [ERROR] => MongoDB connection error => querySrv ENOTFOUND _mongodb._tcp.testcluster.urrgt.mongodb.net
[2026-08-22 13:56:57] - [ERROR] => Restarting Mongo server
[2026-08-22 13:56:57] - [ERROR] => MongoDB connection error => querySrv ENOTFOUND _mongodb._tcp.testcluster.urrgt.mongodb.net
[2026-08-22 13:56:59] - [ERROR] => Restarting Mongo server
[2026-08-22 13:56:59] - [ERROR] => MongoDB connection error => querySrv ENOTFOUND _mongodb._tcp.testcluster.urrgt.mongodb.net
[2026-08-22 13:57:01] - [ERROR] => Restarting Mongo server
[2026-08-22 13:57:01] - [ERROR] => MongoDB connection error => querySrv ENOTFOUND _mongodb._tcp.testcluster.urrgt.mongodb.net
[2026-08-22 13:57:03] - [ERROR] => Restarting Mongo server
[2026-08-22 13:57:03] - [ERROR] => MongoDB connection error => querySrv ENOTFOUND _mongodb._tcp.testcluster.urrgt.mongodb.net
[2026-08-22 13:57:05] - [ERROR] => Restarting Mongo server
[2026-08-22 13:57:05] - [ERROR] => MongoDB connection error => querySrv ENOTFOUND _mongodb._tcp.testcluster.urrgt.mongodb.net
[2026-08-22 13:57:07] - [ERROR] => Restarting Mongo server
[2026-08-22 13:57:07] - [ERROR] => MongoDB connection error => querySrv ENOTFOUND _mongodb._tcp.testcluster.urrgt.mongodb.net
[2026-08-22 13:57:09] - [ERROR] => Restarting Mongo server
[2026-08-22 13:57:09] - [ERROR] => MongoDB connection error => querySrv ENOTFOUND _mongodb._tcp.testcluster.urrgt.mongodb.net
[2026-08-22 13:57:11] - [ERROR] => Restarting Mongo server
[2026-08-22 13:57:11] - [ERROR] => MongoDB connection error => querySrv ENOTFOUND _mongodb._tcp.testcluster.urrgt.mongodb.net
[2026-08-22 13:57:13] - [ERROR] => Restarting Mongo server
[2026-08-22 13:57:13] - [ERROR] => MongoDB connection error => querySrv ENOTFOUND _mongodb._tcp.testcluster.urrgt.mongodb.net
[2026-08-22 13:57:15] - [ERROR] => Restarting Mongo server
[2026-08-22 13:57:15] - [ERROR] => MongoDB connection error => querySrv ENOTFOUND _mongodb._tcp.testcluster.urrgt.mongodb.net
[2026-08-22 13:57:17] - [ERROR] => Restarting Mongo server
[2026-08-22 13:57:17] - [ERROR] => MongoDB connection error => querySrv ENOTFOUND _mongodb._tcp.testcluster.urrgt.mongodb.net
[2026-08-22 13:57:19] - [ERROR] => Restarting Mongo server
[2026-08-22 13:57:19] - [ERROR] => MongoDB connection error => querySrv ENOTFOUND _mongodb._tcp.testcluster.urrgt.mongodb.net
[2026-08-22 13:57:21] - [ERROR] => Restarting Mongo server
[2026-08-22 13:57:21] - [ERROR] => MongoDB connection error => querySrv ENOTFOUND _mongodb._tcp.testcluster.urrgt.mongodb.net
[2026-08-22 13:57:23] - [ERROR] => Restarting Mongo server
[2026-08-22 13:57:23] - [ERROR] => MongoDB connection error => querySrv ENOTFOUND _mongodb._tcp.testcluster.urrgt.mongodb.net
[2026-08-22 13:57:25] - [ERROR] => Restarting Mongo server
[2026-08-22 13:57:25] - [ERROR] => MongoDB connection error => querySrv ENOTFOUND _mongodb._tcp.testcluster.urrgt.mongodb.net
[2026-08-22 13:57:27] - [ERROR] => Restarting Mongo server
[2026-08-22 13:57:27] - [ERROR] => MongoDB connection error => querySrv ENOTFOUND _mongodb._tcp.testcluster.urrgt.mongodb.net
[2026-08-22 13:57:29] - [ERROR] => Restarting Mongo server
[2026-08-22 13:57:29] - [ERROR] => MongoDB connection error => querySrv ENOTFOUND _mongodb._tcp.testcluster.urrgt.mongodb.net
[2026-08-22 13:57:31] - [ERROR] => Restarting Mongo server
[2026-08-22 13:57:31] - [ERROR] => MongoDB connection error => querySrv ENOTFOUND _mongodb._tcp.testcluster.urrgt.mongodb.net
[2026-08-22 13:57:33] - [ERROR] => Restarting Mongo server
[2026-08-22 13:57:33] - [ERROR] => MongoDB connection error => querySrv ENOTFOUND _mongodb._tcp.testcluster.urrgt.mongodb.net
[2026-08-22 13:57:35] - [ERROR] => Restarting Mongo server
[2026-08-22 13:57:35] - [ERROR] => MongoDB connection error => querySrv ENOTFOUND _mongodb._tcp.testcluster.urrgt.mongodb.net
[2026-08-22 13:57:37] - [ERROR] => Restarting Mongo server
[2026-08-22 13:57:37] - [ERROR] => MongoDB connection error => querySrv ENOTFOUND _mongodb._tcp.testcluster.urrgt.mongodb.net
[2026-08-22 13:57:39] - [ERROR] => Restarting Mongo server
[2026-08-22 13:57:39] - [ERROR] => MongoDB connection error => querySrv ENOTFOUND _mongodb._tcp.testcluster.urrgt.mongodb.net
[2026-08-22 13:57:41] - [ERROR] => Restarting Mongo server
[2026-08-22 13:57:43] - [ERROR] => MongoDB connection error => querySrv ENOTFOUND _mongodb._tcp.testcluster.urrgt.mongodb.net
[2026-08-22 13:57:45] - [ERROR] => Restarting Mongo server
[2026-08-22 13:57:45] - [ERROR] => MongoDB connection error => querySrv ENOTFOUND _mongodb._tcp.testcluster.urrgt.mongodb.net
[2026-08-22 13:57:47] - [ERROR] => Restarting Mongo server
[2026-08-22 13:57:47] - [ERROR] => MongoDB connection error => querySrv ENOTFOUND _mongodb._tcp.testcluster.urrgt.mongodb.net
[2026-08-22 13:57:49] - [ERROR] => Restarting Mongo server
[2026-08-22 13:57:49] - [ERROR] => MongoDB connection error => querySrv ENOTFOUND _mongodb._tcp.testcluster.urrgt.mongodb.net
[2026-08-22 13:57:51] - [ERROR] => Restarting Mongo server
[2026-08-22 13:57:51] - [ERROR] => MongoDB connection error => querySrv ENOTFOUND _mongodb._tcp.testcluster.urrgt.mongodb.net
[2026-08-22 13:57:53] - [ERROR] => Restarting Mongo server
[2026-08-22 13:57:53] - [ERROR] => MongoDB connection error => querySrv ENOTFOUND _mongodb._tcp.testcluster.urrgt.mongodb.net
[2026-08-22 13:57:55] - [ERROR] => Restarting Mongo server
[2026-08-22 13:57:55] - [ERROR] => MongoDB connection error => querySrv ENOTFOUND _mongodb._tcp.testcluster.urrgt.mongodb.net
[2026-08-22 13:57:57] - [ERROR] => Restarting Mongo server
[2026-08-22 13:57:57] - [ERROR] => MongoDB connection error => querySrv ENOTFOUND _mongodb._tcp.testcluster.urrgt.mongodb.net
[2026-08-22 13:57:59] - [ERROR] => Restarting Mongo server
[2026-08-22 13:57:59] - [ERROR] => MongoDB connection error => querySrv ENOTFOUND _mongodb._tcp.testcluster.urrgt.mongodb.net
[2026-08-22 13:58:01] - [ERROR] => Restarting Mongo server
[2026-08-22 13:58:01] - [ERROR] => MongoDB connection error => querySrv ENOTFOUND _mongodb._tcp.testcluster.urrgt.mongodb.net
[2026-08-22 13:58:03] - [ERROR] => Restarting Mongo server
[2026-08-22 13:58:03] - [ERROR] => MongoDB connection error => querySrv ENOTFOUND _mongodb._tcp.testcluster.urrgt.mongodb.net
[2026-08-22 13:58:05] - [ERROR] => Restarting Mongo server
[2026-08-22 13:58:05] - [ERROR] => MongoDB connection error => querySrv ENOTFOUND _mongodb._tcp.testcluster.urrgt.mongodb.net
[2026-08-22 13:58:07] - [ERROR] => Restarting Mongo server
[2026-08-22 13:58:07] - [ERROR] => MongoDB connection error => querySrv ENOTFOUND _mongodb._tcp.testcluster.urrgt.mongodb.net
[2026-08-22 13:58:09] - [ERROR] => Restarting Mongo server
[2026-08-22 13:58:09] - [ERROR] => MongoDB connection error => querySrv ENOTFOUND _mongodb._tcp.testcluster.urrgt.mongodb.net
[2026-08-22 13:58:11] - [ERROR] => Restarting Mongo server
[2026-08-22 13:58:11] - [ERROR] => MongoDB connection error => querySrv ENOTFOUND _mongodb._tcp.testcluster.urrgt.mongodb.net
[2026-08-22 13:58:13] - [ERROR] => Restarting Mongo server
[2026-08-22 13:58:13] - [ERROR] => MongoDB connection error => querySrv ENOTFOUND _mongodb._tcp.testcluster.urrgt.mongodb.net
[2026-08-22 13:58:15] - [ERROR] => Restarting Mongo server
[2026-08-22 13:58:15] - [ERROR] => MongoDB connection error => querySrv ENOTFOUND _mongodb._tcp.testcluster.urrgt.mongodb.net
[2026-08-22 13:58:17] - [ERROR] => Restarting Mongo server
[2026-08-22 13:58:17] - [ERROR] => MongoDB connection error => querySrv ENOTFOUND _mongodb._tcp.testcluster.urrgt.mongodb.net
[2026-08-22 13:58:19] - [ERROR] => Restarting Mongo server
[2026-08-22 13:58:19] - [ERROR] => MongoDB connection error => querySrv ENOTFOUND _mongodb._tcp.testcluster.urrgt.mongodb.net
[2026-08-22 13:58:21] - [ERROR] => Restarting Mongo server
[2026-08-22 13:58:21] - [ERROR] => MongoDB connection error => querySrv ENOTFOUND _mongodb._tcp.testcluster.urrgt.mongodb.net
[2026-08-22 13:58:23] - [ERROR] => Restarting Mongo server
[2026-08-22 13:58:23] - [ERROR] => MongoDB connection error => querySrv ENOTFOUND _mongodb._tcp.testcluster.urrgt.mongodb.net
[2026-08-22 13:58:25] - [ERROR] => Restarting Mongo server
[2026-08-22 13:58:25] - [ERROR] => MongoDB connection error => querySrv ENOTFOUND _mongodb._tcp.testcluster.urrgt.mongodb.net
[2026-08-22 13:58:27] - [ERROR] => Restarting Mongo server
[2026-08-22 13:58:27] - [ERROR] => MongoDB connection error => querySrv ENOTFOUND _mongodb._tcp.testcluster.urrgt.mongodb.net
[2026-08-22 13:58:29] - [ERROR] => Restarting Mongo server
[2026-08-22 13:58:29] - [ERROR] => MongoDB connection error => querySrv ENOTFOUND _mongodb._tcp.testcluster.urrgt.mongodb.net
[2026-08-22 13:58:31] - [ERROR] => Restarting Mongo server
[2026-08-22 13:58:31] - [ERROR] => MongoDB connection error => querySrv ENOTFOUND _mongodb._tcp.testcluster.urrgt.mongodb.net
[2026-08-22 13:58:33] - [ERROR] => Restarting Mongo server
[2026-08-22 13:58:33] - [ERROR] => MongoDB connection error => querySrv ENOTFOUND _mongodb._tcp.testcluster.urrgt.mongodb.net
[2026-08-22 13:58:35] - [ERROR] => Restarting Mongo server
[2026-08-22 13:58:35] - [ERROR] => MongoDB connection error => querySrv ENOTFOUND _mongodb._tcp.testcluster.urrgt.mongodb.net
[2026-08-22 13:58:37] - [ERROR] => Restarting Mongo server
[2026-08-22 13:58:37] - [ERROR] => MongoDB connection error => querySrv ENOTFOUND _mongodb._tcp.testcluster.urrgt.mongodb.net
[2026-08-22 13:58:39] - [ERROR] => Restarting Mongo server
[2026-08-22 13:58:39] - [ERROR] => MongoDB connection error => querySrv ENOTFOUND _mongodb._tcp.testcluster.urrgt.mongodb.net
[2026-08-22 13:58:41] - [ERROR] => Restarting Mongo server
[2026-08-22 13:58:41] - [ERROR] => MongoDB connection error => querySrv ENOTFOUND _mongodb._tcp.testcluster.urrgt.mongodb.net
[2026-08-22 13:58:43] - [ERROR] => Restarting Mongo server
[2026-08-22 13:58:44] - [ERROR] => MongoDB connection error => querySrv ENOTFOUND _mongodb._tcp.testcluster.urrgt.mongodb.net
[2026-08-22 13:58:46] - [ERROR] => Restarting Mongo server
[2026-08-22 13:58:46] - [ERROR] => MongoDB connection error => querySrv ENOTFOUND _mongodb._tcp.testcluster.urrgt.mongodb.net
[2026-08-22 13:58:48] - [ERROR] => Restarting Mongo server
[2026-08-22 13:58:48] - [ERROR] => MongoDB connection error => querySrv ENOTFOUND _mongodb._tcp.testcluster.urrgt.mongodb.net
[2026-08-22 13:58:50] - [ERROR] => Restarting Mongo server
[2026-08-22 13:58:50] - [ERROR] => MongoDB connection error => querySrv ENOTFOUND _mongodb._tcp.testcluster.urrgt.mongodb.net
[2026-08-22 13:58:52] - [ERROR] => Restarting Mongo server
[2026-08-22 13:58:52] - [ERROR] => MongoDB connection error => querySrv ENOTFOUND _mongodb._tcp.testcluster.urrgt.mongodb.net
[2026-08-22 13:58:55] - [ERROR] => Restarting Mongo server
[2026-08-22 13:58:55] - [ERROR] => MongoDB connection error => querySrv ENOTFOUND _mongodb._tcp.testcluster.urrgt.mongodb.net
[2026-08-22 13:58:57] - [ERROR] => Restarting Mongo server
[2026-08-22 13:58:57] - [ERROR] => MongoDB connection error => querySrv ENOTFOUND _mongodb._tcp.testcluster.urrgt.mongodb.net
[2026-08-22 13:58:59] - [ERROR] => Restarting Mongo server
[2026-08-22 13:58:59] - [ERROR] => MongoDB connection error => querySrv ENOTFOUND _mongodb._tcp.testcluster.urrgt.mongodb.net
[2026-08-22 13:59:01] - [ERROR] => Restarting Mongo server
[2026-08-22 13:59:01] - [ERROR] => MongoDB connection error => querySrv ENOTFOUND _mongodb._tcp.testcluster.urrgt.mongodb.net
[2026-08-22 13:59:03] - [ERROR] => Restarting Mongo server
[2026-08-22 13:59:03] - [ERROR] => MongoDB connection error => querySrv ENOTFOUND _mongodb._tcp.testcluster.urrgt.mongodb.net
[2026-08-22 13:59:05] - [ERROR] => Restarting Mongo server
[2026-08-22 13:59:05] - [ERROR] => MongoDB connection error => querySrv ENOTFOUND _mongodb._tcp.testcluster.urrgt.mongodb.net
[2026-08-22 13:59:07] - [ERROR] => Restarting Mongo server
[2026-08-22 13:59:07] - [ERROR] => MongoDB connection error => querySrv ENOTFOUND _mongodb._tcp.testcluster.urrgt.mongodb.net
[2026-08-22 13:59:09] - [ERROR] => Restarting Mongo server
[2026-08-22 13:59:09] - [ERROR] => MongoDB connection error => querySrv ENOTFOUND _mongodb._tcp.testcluster.urrgt.mongodb.net
[2026-08-22 13:59:11] - [ERROR] => Restarting Mongo server
[2026-08-22 13:59:11] - [ERROR] => MongoDB connection error => querySrv ENOTFOUND _mongodb._tcp.testcluster.urrgt.mongodb.net
[2026-08-22 13:59:13] - [ERROR] => Restarting Mongo server
[2026-08-22 13:59:13] - [ERROR] => MongoDB connection error => querySrv ENOTFOUND _mongodb._tcp.testcluster.urrgt.mongodb.net
[2026-08-22 13:59:15] - [ERROR] => Restarting Mongo server
[2026-08-22 13:59:15] - [ERROR] => MongoDB connection error => querySrv ENOTFOUND _mongodb._tcp.testcluster.urrgt.mongodb.net
[2026-08-22 13:59:17] - [ERROR] => Restarting Mongo server
[2026-08-22 13:59:17] - [ERROR] => MongoDB connection error => querySrv ENOTFOUND _mongodb._tcp.testcluster.urrgt.mongodb.net
[2026-08-22 13:59:19] - [ERROR] => Restarting Mongo server
[2026-08-22 13:59:19] - [ERROR] => MongoDB connection error => querySrv ENOTFOUND _mongodb._tcp.testcluster.urrgt.mongodb.net
[2026-08-22 13:59:21] - [ERROR] => Restarting Mongo server
[2026-08-22 13:59:21] - [ERROR] => MongoDB connection error => querySrv ENOTFOUND _mongodb._tcp.testcluster.urrgt.mongodb.net
[2026-08-22 13:59:23] - [ERROR] => Restarting Mongo server
[2026-08-22 13:59:23] - [ERROR] => MongoDB connection error => querySrv ENOTFOUND _mongodb._tcp.testcluster.urrgt.mongodb.net
[2026-08-22 13:59:25] - [ERROR] => Restarting Mongo server
[2026-08-22 13:59:25] - [ERROR] => MongoDB connection error => querySrv ENOTFOUND _mongodb._tcp.testcluster.urrgt.mongodb.net
[2026-08-22 13:59:27] - [ERROR] => Restarting Mongo server
[2026-08-22 13:59:27] - [ERROR] => MongoDB connection error => querySrv ENOTFOUND _mongodb._tcp.testcluster.urrgt.mongodb.net
[2026-08-22 13:59:29] - [ERROR] => Restarting Mongo server
[2026-08-22 13:59:29] - [ERROR] => MongoDB connection error => querySrv ENOTFOUND _mongodb._tcp.testcluster.urrgt.mongodb.net
[2026-08-22 13:59:31] - [ERROR] => Restarting Mongo server
[2026-08-22 13:59:31] - [ERROR] => MongoDB connection error => querySrv ENOTFOUND _mongodb._tcp.testcluster.urrgt.mongodb.net
[2026-08-22 13:59:33] - [ERROR] => Restarting Mongo server
[2026-08-22 13:59:33] - [ERROR] => MongoDB connection error => querySrv ENOTFOUND _mongodb._tcp.testcluster.urrgt.mongodb.net
[2026-08-22 13:59:35] - [ERROR] => Restarting Mongo server
[2026-08-22 13:59:35] - [ERROR] => MongoDB connection error => querySrv ENOTFOUND _mongodb._tcp.testcluster.urrgt.mongodb.net
[2026-08-22 13:59:37] - [ERROR] => Restarting Mongo server
[2026-08-22 13:59:37] - [ERROR] => MongoDB connection error => querySrv ENOTFOUND _mongodb._tcp.testcluster.urrgt.mongodb.net
[2026-08-22 13:59:39] - [ERROR] => Restarting Mongo server
[2026-08-22 13:59:39] - [ERROR] => MongoDB connection error => querySrv ENOTFOUND _mongodb._tcp.testcluster.urrgt.mongodb.net
[2026-08-22 13:59:41] - [ERROR] => Restarting Mongo server
[2026-08-22 13:59:41] - [ERROR] => MongoDB connection error => querySrv ENOTFOUND _mongodb._tcp.testcluster.urrgt.mongodb.net
[2026-08-22 13:59:43] - [ERROR] => Restarting Mongo server
[2026-08-22 13:59:43] - [ERROR] => MongoDB connection error => querySrv ENOTFOUND _mongodb._tcp.testcluster.urrgt.mongodb.net
[2026-08-22 13:59:45] - [ERROR] => Restarting Mongo server
[2026-08-22 13:59:47] - [ERROR] => MongoDB connection error => querySrv ENOTFOUND _mongodb._tcp.testcluster.urrgt.mongodb.net
[2026-08-22 13:59:49] - [ERROR] => Restarting Mongo server
[2026-08-22 13:59:49] - [ERROR] => MongoDB connection error => querySrv ENOTFOUND _mongodb._tcp.testcluster.urrgt.mongodb.net
[2026-08-22 13:59:51] - [ERROR] => Restarting Mongo server
[2026-08-22 13:59:51] - [ERROR] => MongoDB connection error => querySrv ENOTFOUND _mongodb._tcp.testcluster.urrgt.mongodb.net
[2026-08-22 13:59:53] - [ERROR] => Restarting Mongo server
[2026-08-22 13:59:53] - [ERROR] => MongoDB connection error => querySrv ENOTFOUND _mongodb._tcp.testcluster.urrgt.mongodb.net
[2026-08-22 13:59:55] - [ERROR] => Restarting Mongo server
[2026-08-22 13:59:55] - [ERROR] => MongoDB connection error => querySrv ENOTFOUND _mongodb._tcp.testcluster.urrgt.mongodb.net
[2026-08-22 13:59:57] - [ERROR] => Restarting Mongo server
[2026-08-22 13:59:57] - [ERROR] => MongoDB connection error => querySrv ENOTFOUND _mongodb._tcp.testcluster.urrgt.mongodb.net
[2026-08-22 13:59:59] - [ERROR] => Restarting Mongo server
[2026-08-22 13:59:59] - [ERROR] => MongoDB connection error => querySrv ENOTFOUND _mongodb._tcp.testcluster.urrgt.mongodb.net
[2026-08-22 14:00:01] - [ERROR] => Restarting Mongo server
[2026-08-22 14:00:01] - [ERROR] => MongoDB connection error => querySrv ENOTFOUND _mongodb._tcp.testcluster.urrgt.mongodb.net
[2026-08-22 14:00:03] - [ERROR] => Restarting Mongo server
[2026-08-22 14:00:03] - [ERROR] => MongoDB connection error => querySrv ENOTFOUND _mongodb._tcp.testcluster.urrgt.mongodb.net
[2026-08-22 14:00:05] - [ERROR] => Restarting Mongo server
[2026-08-22 14:00:05] - [ERROR] => MongoDB connection error => querySrv ENOTFOUND _mongodb._tcp.testcluster.urrgt.mongodb.net
[2026-08-22 14:00:07] - [ERROR] => Restarting Mongo server
[2026-08-22 14:00:07] - [ERROR] => MongoDB connection error => querySrv ENOTFOUND _mongodb._tcp.testcluster.urrgt.mongodb.net
[2026-08-22 14:00:09] - [ERROR] => Restarting Mongo server
[2026-08-22 14:00:09] - [ERROR] => MongoDB connection error => querySrv ENOTFOUND _mongodb._tcp.testcluster.urrgt.mongodb.net
[2026-08-22 14:00:11] - [ERROR] => Restarting Mongo server
[2026-08-22 14:00:11] - [ERROR] => MongoDB connection error => querySrv ENOTFOUND _mongodb._tcp.testcluster.urrgt.mongodb.net
[2026-08-22 14:00:13] - [ERROR] => Restarting Mongo server
[2026-08-22 14:00:13] - [ERROR] => MongoDB connection error => querySrv ENOTFOUND _mongodb._tcp.testcluster.urrgt.mongodb.net
[2026-08-22 14:00:15] - [ERROR] => Restarting Mongo server
[2026-08-22 14:00:15] - [ERROR] => MongoDB connection error => querySrv ENOTFOUND _mongodb._tcp.testcluster.urrgt.mongodb.net
[2026-08-22 14:00:17] - [ERROR] => Restarting Mongo server
[2026-08-22 14:00:17] - [ERROR] => MongoDB connection error => querySrv ENOTFOUND _mongodb._tcp.testcluster.urrgt.mongodb.net
[2026-08-22 14:00:19] - [ERROR] => Restarting Mongo server
[2026-08-22 14:00:19] - [ERROR] => MongoDB connection error => querySrv ENOTFOUND _mongodb._tcp.testcluster.urrgt.mongodb.net
[2026-08-22 14:00:21] - [ERROR] => Restarting Mongo server
[2026-08-22 14:00:21] - [ERROR] => MongoDB connection error => querySrv ENOTFOUND _mongodb._tcp.testcluster.urrgt.mongodb.net
[2026-08-22 14:00:23] - [ERROR] => Restarting Mongo server
[2026-08-22 14:00:23] - [ERROR] => MongoDB connection error => querySrv ENOTFOUND _mongodb._tcp.testcluster.urrgt.mongodb.net
[2026-08-22 14:00:25] - [ERROR] => Restarting Mongo server
[2026-08-22 14:00:26] - [ERROR] => MongoDB connection error => querySrv ENOTFOUND _mongodb._tcp.testcluster.urrgt.mongodb.net
[2026-08-22 14:00:28] - [ERROR] => Restarting Mongo server
[2026-08-22 14:00:28] - [ERROR] => MongoDB connection error => querySrv ENOTFOUND _mongodb._tcp.testcluster.urrgt.mongodb.net
[2026-08-22 14:00:30] - [ERROR] => Restarting Mongo server
[2026-08-22 14:00:30] - [ERROR] => MongoDB connection error => querySrv ENOTFOUND _mongodb._tcp.testcluster.urrgt.mongodb.net
[2026-08-22 14:00:32] - [ERROR] => Restarting Mongo server
[2026-08-22 14:00:32] - [ERROR] => MongoDB connection error => querySrv ENOTFOUND _mongodb._tcp.testcluster.urrgt.mongodb.net
[2026-08-22 14:00:34] - [ERROR] => Restarting Mongo server
[2026-08-22 14:00:34] - [ERROR] => MongoDB connection error => querySrv ENOTFOUND _mongodb._tcp.testcluster.urrgt.mongodb.net
[2026-08-22 14:00:36] - [ERROR] => Restarting Mongo server
[2026-08-22 14:00:36] - [ERROR] => MongoDB connection error => querySrv ENOTFOUND _mongodb._tcp.testcluster.urrgt.mongodb.net
[2026-08-22 14:00:38] - [ERROR] => Restarting Mongo server
[2026-08-22 14:00:38] - [ERROR] => MongoDB connection error => querySrv ENOTFOUND _mongodb._tcp.testcluster.urrgt.mongodb.net
[2026-08-22 14:00:40] - [ERROR] => Restarting Mongo server
[2026-08-22 14:00:40] - [ERROR] => MongoDB connection error => querySrv ENOTFOUND _mongodb._tcp.testcluster.urrgt.mongodb.net
[2026-08-22 14:00:42] - [ERROR] => Restarting Mongo server
[2026-08-22 14:00:42] - [ERROR] => MongoDB connection error => querySrv ENOTFOUND _mongodb._tcp.testcluster.urrgt.mongodb.net
[2026-08-22 14:00:44] - [ERROR] => Restarting Mongo server
[2026-08-22 14:00:44] - [ERROR] => MongoDB connection error => querySrv ENOTFOUND _mongodb._tcp.testcluster.urrgt.mongodb.net
[2026-08-22 14:00:46] - [ERROR] => Restarting Mongo server
[2026-08-22 14:00:46] - [ERROR] => MongoDB connection error => querySrv ENOTFOUND _mongodb._tcp.testcluster.urrgt.mongodb.net
[2026-08-22 14:00:48] - [ERROR] => Restarting Mongo server
[2026-08-22 14:00:49] - [ERROR] => MongoDB connection error => querySrv ENOTFOUND _mongodb._tcp.testcluster.urrgt.mongodb.net
[2026-08-22 14:00:51] - [ERROR] => Restarting Mongo server
[2026-08-22 14:00:51] - [ERROR] => MongoDB connection error => querySrv ENOTFOUND _mongodb._tcp.testcluster.urrgt.mongodb.net
[2026-08-22 14:00:53] - [ERROR] => Restarting Mongo server
[2026-08-22 14:00:53] - [ERROR] => MongoDB connection error => querySrv ENOTFOUND _mongodb._tcp.testcluster.urrgt.mongodb.net
[2026-08-22 14:00:55] - [ERROR] => Restarting Mongo server
[2026-08-22 14:00:55] - [ERROR] => MongoDB connection error => querySrv ENOTFOUND _mongodb._tcp.testcluster.urrgt.mongodb.net
[2026-08-22 14:00:57] - [ERROR] => Restarting Mongo server
[2026-08-22 14:00:57] - [ERROR] => MongoDB connection error => querySrv ENOTFOUND _mongodb._tcp.testcluster.urrgt.mongodb.net
[2026-08-22 14:00:59] - [ERROR] => Restarting Mongo server
[2026-08-22 14:00:59] - [ERROR] => MongoDB connection error => querySrv ENOTFOUND _mongodb._tcp.testcluster.urrgt.mongodb.net
[2026-08-22 14:01:01] - [ERROR] => Restarting Mongo server
[2026-08-22 14:01:01] - [ERROR] => MongoDB connection error => querySrv ENOTFOUND _mongodb._tcp.testcluster.urrgt.mongodb.net
[2026-08-22 14:01:03] - [ERROR] => Restarting Mongo server
[2026-08-22 14:01:03] - [ERROR] => MongoDB connection error => querySrv ENOTFOUND _mongodb._tcp.testcluster.urrgt.mongodb.net
[2026-08-22 14:01:05] - [ERROR] => Restarting Mongo server
[2026-08-22 14:01:05] - [ERROR] => MongoDB connection error => querySrv ENOTFOUND _mongodb._tcp.testcluster.urrgt.mongodb.net
[2026-08-22 14:01:07] - [ERROR] => Restarting Mongo server
[2026-08-22 14:01:07] - [ERROR] => MongoDB connection error => querySrv ENOTFOUND _mongodb._tcp.testcluster.urrgt.mongodb.net
[2026-08-22 14:01:09] - [ERROR] => Restarting Mongo server
[2026-08-22 14:01:09] - [ERROR] => MongoDB connection error => querySrv ENOTFOUND _mongodb._tcp.testcluster.urrgt.mongodb.net
[2026-08-22 14:01:11] - [ERROR] => Restarting Mongo server
[2026-08-22 14:01:11] - [ERROR] => MongoDB connection error => querySrv ENOTFOUND _mongodb._tcp.testcluster.urrgt.mongodb.net
[2026-08-22 14:01:13] - [ERROR] => Restarting Mongo server
[2026-08-22 14:01:13] - [ERROR] => MongoDB connection error => querySrv ENOTFOUND _mongodb._tcp.testcluster.urrgt.mongodb.net
[2026-08-22 14:01:15] - [ERROR] => Restarting Mongo server
[2026-08-22 14:01:15] - [ERROR] => MongoDB connection error => querySrv ENOTFOUND _mongodb._tcp.testcluster.urrgt.mongodb.net
[2026-08-22 14:01:17] - [ERROR] => Restarting Mongo server
[2026-08-22 14:01:17] - [ERROR] => MongoDB connection error => querySrv ENOTFOUND _mongodb._tcp.testcluster.urrgt.mongodb.net
[2026-08-22 14:01:19] - [ERROR] => Restarting Mongo server
[2026-08-22 14:01:19] - [ERROR] => MongoDB connection error => querySrv ENOTFOUND _mongodb._tcp.testcluster.urrgt.mongodb.net
[2026-08-22 14:01:21] - [ERROR] => Restarting Mongo server
[2026-08-22 14:01:21] - [ERROR] => MongoDB connection error => querySrv ENOTFOUND _mongodb._tcp.testcluster.urrgt.mongodb.net
[2026-08-22 14:01:23] - [ERROR] => Restarting Mongo server
[2026-08-22 14:01:23] - [ERROR] => MongoDB connection error => querySrv ENOTFOUND _mongodb._tcp.testcluster.urrgt.mongodb.net
[2026-08-22 14:01:25] - [ERROR] => Restarting Mongo server
[2026-08-22 14:01:25] - [ERROR] => MongoDB connection error => querySrv ENOTFOUND _mongodb._tcp.testcluster.urrgt.mongodb.net
[2026-08-22 14:01:27] - [ERROR] => Restarting Mongo server
[2026-08-22 14:01:27] - [ERROR] => MongoDB connection error => querySrv ENOTFOUND _mongodb._tcp.testcluster.urrgt.mongodb.net
[2026-08-22 14:01:29] - [ERROR] => Restarting Mongo server
[2026-08-22 14:01:29] - [ERROR] => MongoDB connection error => querySrv ENOTFOUND _mongodb._tcp.testcluster.urrgt.mongodb.net
[2026-08-22 14:01:31] - [ERROR] => Restarting Mongo server
[2026-08-22 14:01:31] - [ERROR] => MongoDB connection error => querySrv ENOTFOUND _mongodb._tcp.testcluster.urrgt.mongodb.net
[2026-08-22 14:01:33] - [ERROR] => Restarting Mongo server
[2026-08-22 14:01:33] - [ERROR] => MongoDB connection error => querySrv ENOTFOUND _mongodb._tcp.testcluster.urrgt.mongodb.net
[2026-08-22 14:01:35] - [ERROR] => Restarting Mongo server
[2026-08-22 14:01:35] - [ERROR] => MongoDB connection error => querySrv ENOTFOUND _mongodb._tcp.testcluster.urrgt.mongodb.net
[2026-08-22 14:01:37] - [ERROR] => Restarting Mongo server
[2026-08-22 14:01:37] - [ERROR] => MongoDB connection error => querySrv ENOTFOUND _mongodb._tcp.testcluster.urrgt.mongodb.net
[2026-08-22 14:01:39] - [ERROR] => Restarting Mongo server
[2026-08-22 14:01:39] - [ERROR] => MongoDB connection error => querySrv ENOTFOUND _mongodb._tcp.testcluster.urrgt.mongodb.net
[2026-08-22 14:01:41] - [ERROR] => Restarting Mongo server
[2026-08-22 14:01:41] - [ERROR] => MongoDB connection error => querySrv ENOTFOUND _mongodb._tcp.testcluster.urrgt.mongodb.net
[2026-08-22 14:01:43] - [ERROR] => Restarting Mongo server
[2026-08-22 14:01:43] - [ERROR] => MongoDB connection error => querySrv ENOTFOUND _mongodb._tcp.testcluster.urrgt.mongodb.net
[2026-08-22 14:01:45] - [ERROR] => Restarting Mongo server
[2026-08-22 14:01:45] - [ERROR] => MongoDB connection error => querySrv ENOTFOUND _mongodb._tcp.testcluster.urrgt.mongodb.net
[2026-08-22 14:01:47] - [ERROR] => Restarting Mongo server
[2026-08-22 14:01:47] - [ERROR] => MongoDB connection error => querySrv ENOTFOUND _mongodb._tcp.testcluster.urrgt.mongodb.net
[2026-08-22 14:01:49] - [ERROR] => Restarting Mongo server
[2026-08-22 14:01:50] - [ERROR] => MongoDB connection error => querySrv ENOTFOUND _mongodb._tcp.testcluster.urrgt.mongodb.net
[2026-08-22 14:01:52] - [ERROR] => Restarting Mongo server
[2026-08-22 14:01:52] - [ERROR] => MongoDB connection error => querySrv ENOTFOUND _mongodb._tcp.testcluster.urrgt.mongodb.net
[2026-08-22 14:01:54] - [ERROR] => Restarting Mongo server
[2026-08-22 14:01:54] - [ERROR] => MongoDB connection error => querySrv ENOTFOUND _mongodb._tcp.testcluster.urrgt.mongodb.net
[2026-08-22 14:01:56] - [ERROR] => Restarting Mongo server
[2026-08-22 14:01:56] - [ERROR] => MongoDB connection error => querySrv ENOTFOUND _mongodb._tcp.testcluster.urrgt.mongodb.net
[2026-08-22 14:01:58] - [ERROR] => Restarting Mongo server
[2026-08-22 14:01:58] - [ERROR] => MongoDB connection error => querySrv ENOTFOUND _mongodb._tcp.testcluster.urrgt.mongodb.net
[2026-08-22 14:02:00] - [ERROR] => Restarting Mongo server
[2026-08-22 14:02:00] - [ERROR] => MongoDB connection error => querySrv ENOTFOUND _mongodb._tcp.testcluster.urrgt.mongodb.net
[2026-08-22 14:02:02] - [ERROR] => Restarting Mongo server
[2026-08-22 14:02:02] - [ERROR] => MongoDB connection error => querySrv ENOTFOUND _mongodb._tcp.testcluster.urrgt.mongodb.net
[2026-08-22 14:02:04] - [ERROR] => Restarting Mongo server
[2026-08-22 14:02:04] - [ERROR] => MongoDB connection error => querySrv ENOTFOUND _mongodb._tcp.testcluster.urrgt.mongodb.net
[2026-08-22 14:02:06] - [ERROR] => Restarting Mongo server
[2026-08-22 14:02:06] - [ERROR] => MongoDB connection error => querySrv ENOTFOUND _mongodb._tcp.testcluster.urrgt.mongodb.net
[2026-08-22 14:02:08] - [ERROR] => Restarting Mongo server
[2026-08-22 14:02:08] - [ERROR] => MongoDB connection error => querySrv ENOTFOUND _mongodb._tcp.testcluster.urrgt.mongodb.net
[2026-08-22 14:02:10] - [ERROR] => Restarting Mongo server
[2026-08-22 14:02:10] - [ERROR] => MongoDB connection error => querySrv ENOTFOUND _mongodb._tcp.testcluster.urrgt.mongodb.net
[2026-08-22 14:02:12] - [ERROR] => Restarting Mongo server
[2026-08-22 14:02:12] - [ERROR] => MongoDB connection error => querySrv ENOTFOUND _mongodb._tcp.testcluster.urrgt.mongodb.net
[2026-08-22 14:02:14] - [ERROR] => Restarting Mongo server
[2026-08-22 14:02:14] - [ERROR] => MongoDB connection error => querySrv ENOTFOUND _mongodb._tcp.testcluster.urrgt.mongodb.net
[2026-08-22 14:02:16] - [ERROR] => Restarting Mongo server
[2026-08-22 14:02:16] - [ERROR] => MongoDB connection error => querySrv ENOTFOUND _mongodb._tcp.testcluster.urrgt.mongodb.net
[2026-08-22 14:02:18] - [ERROR] => Restarting Mongo server
[2026-08-22 14:02:18] - [ERROR] => MongoDB connection error => querySrv ENOTFOUND _mongodb._tcp.testcluster.urrgt.mongodb.net
[2026-08-22 14:02:20] - [ERROR] => Restarting Mongo server
[2026-08-22 14:02:20] - [ERROR] => MongoDB connection error => querySrv ENOTFOUND _mongodb._tcp.testcluster.urrgt.mongodb.net
[2026-08-22 14:02:22] - [ERROR] => Restarting Mongo server
[2026-08-22 14:02:22] - [ERROR] => MongoDB connection error => querySrv ENOTFOUND _mongodb._tcp.testcluster.urrgt.mongodb.net
[2026-08-22 14:02:24] - [ERROR] => Restarting Mongo server
[2026-08-22 14:02:24] - [ERROR] => MongoDB connection error => querySrv ENOTFOUND _mongodb._tcp.testcluster.urrgt.mongodb.net
[2026-08-22 14:02:26] - [ERROR] => Restarting Mongo server
[2026-08-22 14:02:26] - [ERROR] => MongoDB connection error => querySrv ENOTFOUND _mongodb._tcp.testcluster.urrgt.mongodb.net
[2026-08-22 14:02:28] - [ERROR] => Restarting Mongo server
[2026-08-22 14:02:28] - [ERROR] => MongoDB connection error => querySrv ENOTFOUND _mongodb._tcp.testcluster.urrgt.mongodb.net
[2026-08-22 14:02:30] - [ERROR] => Restarting Mongo server
[2026-08-22 14:02:30] - [ERROR] => MongoDB connection error => querySrv ENOTFOUND _mongodb._tcp.testcluster.urrgt.mongodb.net
[2026-08-22 14:02:32] - [ERROR] => Restarting Mongo server
[2026-08-22 14:02:32] - [ERROR] => MongoDB connection error => querySrv ENOTFOUND _mongodb._tcp.testcluster.urrgt.mongodb.net
[2026-08-22 14:02:34] - [ERROR] => Restarting Mongo server
[2026-08-22 14:02:34] - [ERROR] => MongoDB connection error => querySrv ENOTFOUND _mongodb._tcp.testcluster.urrgt.mongodb.net
[2026-08-22 14:02:36] - [ERROR] => Restarting Mongo server
[2026-08-22 14:02:36] - [ERROR] => MongoDB connection error => querySrv ENOTFOUND _mongodb._tcp.testcluster.urrgt.mongodb.net
[2026-08-22 14:02:38] - [ERROR] => Restarting Mongo server
[2026-08-22 14:02:38] - [ERROR] => MongoDB connection error => querySrv ENOTFOUND _mongodb._tcp.testcluster.urrgt.mongodb.net
[2026-08-22 14:02:40] - [ERROR] => Restarting Mongo server
[2026-08-22 14:02:40] - [ERROR] => MongoDB connection error => querySrv ENOTFOUND _mongodb._tcp.testcluster.urrgt.mongodb.net
[2026-08-22 14:02:42] - [ERROR] => Restarting Mongo server
[2026-08-22 14:02:42] - [ERROR] => MongoDB connection error => querySrv ENOTFOUND _mongodb._tcp.testcluster.urrgt.mongodb.net
[2026-08-22 14:02:44] - [ERROR] => Restarting Mongo server
[2026-08-22 14:02:44] - [ERROR] => MongoDB connection error => querySrv ENOTFOUND _mongodb._tcp.testcluster.urrgt.mongodb.net
[2026-08-22 14:02:46] - [ERROR] => Restarting Mongo server
[2026-08-22 14:02:46] - [ERROR] => MongoDB connection error => querySrv ENOTFOUND _mongodb._tcp.testcluster.urrgt.mongodb.net
[2026-08-22 14:02:48] - [ERROR] => Restarting Mongo server
[2026-08-22 14:02:48] - [ERROR] => MongoDB connection error => querySrv ENOTFOUND _mongodb._tcp.testcluster.urrgt.mongodb.net
[2026-08-22 14:02:50] - [ERROR] => Restarting Mongo server
[2026-08-22 14:02:51] - [ERROR] => MongoDB connection error => querySrv ENOTFOUND _mongodb._tcp.testcluster.urrgt.mongodb.net
[2026-08-22 14:02:53] - [ERROR] => Restarting Mongo server
[2026-08-22 14:02:53] - [ERROR] => MongoDB connection error => querySrv ENOTFOUND _mongodb._tcp.testcluster.urrgt.mongodb.net
[2026-08-22 14:02:55] - [ERROR] => Restarting Mongo server
[2026-08-22 14:02:55] - [ERROR] => MongoDB connection error => querySrv ENOTFOUND _mongodb._tcp.testcluster.urrgt.mongodb.net
[2026-08-22 14:02:57] - [ERROR] => Restarting Mongo server
[2026-08-22 14:02:57] - [ERROR] => MongoDB connection error => querySrv ENOTFOUND _mongodb._tcp.testcluster.urrgt.mongodb.net
[2026-08-22 14:02:59] - [ERROR] => Restarting Mongo server
[2026-08-22 14:02:59] - [ERROR] => MongoDB connection error => querySrv ENOTFOUND _mongodb._tcp.testcluster.urrgt.mongodb.net
[2026-08-22 14:03:01] - [ERROR] => Restarting Mongo server
[2026-08-22 14:03:01] - [ERROR] => MongoDB connection error => querySrv ENOTFOUND _mongodb._tcp.testcluster.urrgt.mongodb.net
[2026-08-22 14:03:03] - [ERROR] => Restarting Mongo server
[2026-08-22 14:03:03] - [ERROR] => MongoDB connection error => querySrv ENOTFOUND _mongodb._tcp.testcluster.urrgt.mongodb.net
[2026-08-22 14:03:05] - [ERROR] => Restarting Mongo server
[2026-08-22 14:03:05] - [ERROR] => MongoDB connection error => querySrv ENOTFOUND _mongodb._tcp.testcluster.urrgt.mongodb.net
[2026-08-22 14:03:07] - [ERROR] => Restarting Mongo server
[2026-08-22 14:03:07] - [ERROR] => MongoDB connection error => querySrv ENOTFOUND _mongodb._tcp.testcluster.urrgt.mongodb.net
[2026-08-22 14:03:09] - [ERROR] => Restarting Mongo server
[2026-08-22 14:03:09] - [ERROR] => MongoDB connection error => querySrv ENOTFOUND _mongodb._tcp.testcluster.urrgt.mongodb.net
[2026-08-22 14:03:11] - [ERROR] => Restarting Mongo server
[2026-08-22 14:03:11] - [ERROR] => MongoDB connection error => querySrv ENOTFOUND _mongodb._tcp.testcluster.urrgt.mongodb.net
[2026-08-22 14:03:13] - [ERROR] => Restarting Mongo server
[2026-08-22 14:03:13] - [ERROR] => MongoDB connection error => querySrv ENOTFOUND _mongodb._tcp.testcluster.urrgt.mongodb.net
[2026-08-22 14:03:15] - [ERROR] => Restarting Mongo server
[2026-08-22 14:03:15] - [ERROR] => MongoDB connection error => querySrv ENOTFOUND _mongodb._tcp.testcluster.urrgt.mongodb.net
[2026-08-22 14:03:17] - [ERROR] => Restarting Mongo server
[2026-08-22 14:03:18] - [ERROR] => MongoDB connection error => querySrv ENOTFOUND _mongodb._tcp.testcluster.urrgt.mongodb.net
[2026-08-22 14:03:20] - [ERROR] => Restarting Mongo server
[2026-08-22 14:03:20] - [ERROR] => MongoDB connection error => querySrv ENOTFOUND _mongodb._tcp.testcluster.urrgt.mongodb.net
[2026-08-22 14:03:22] - [ERROR] => Restarting Mongo server
[2026-08-22 14:03:22] - [ERROR] => MongoDB connection error => querySrv ENOTFOUND _mongodb._tcp.testcluster.urrgt.mongodb.net
[2026-08-22 14:03:24] - [ERROR] => Restarting Mongo server
[2026-08-22 14:03:24] - [ERROR] => MongoDB connection error => querySrv ENOTFOUND _mongodb._tcp.testcluster.urrgt.mongodb.net
[2026-08-22 14:03:26] - [ERROR] => Restarting Mongo server
[2026-08-22 14:03:26] - [ERROR] => MongoDB connection error => querySrv ENOTFOUND _mongodb._tcp.testcluster.urrgt.mongodb.net
[2026-08-22 14:03:28] - [ERROR] => Restarting Mongo server
[2026-08-22 14:03:28] - [ERROR] => MongoDB connection error => querySrv ENOTFOUND _mongodb._tcp.testcluster.urrgt.mongodb.net
[2026-08-22 14:03:30] - [ERROR] => Restarting Mongo server
[2026-08-22 14:03:30] - [ERROR] => MongoDB connection error => querySrv ENOTFOUND _mongodb._tcp.testcluster.urrgt.mongodb.net
[2026-08-22 14:03:32] - [ERROR] => Restarting Mongo server
[2026-08-22 14:03:32] - [ERROR] => MongoDB connection error => querySrv ENOTFOUND _mongodb._tcp.testcluster.urrgt.mongodb.net
[2026-08-22 14:03:34] - [ERROR] => Restarting Mongo server
[2026-08-22 14:03:34] - [ERROR] => MongoDB connection error => querySrv ENOTFOUND _mongodb._tcp.testcluster.urrgt.mongodb.net
[2026-08-22 14:03:36] - [ERROR] => Restarting Mongo server
[2026-08-22 14:03:36] - [ERROR] => MongoDB connection error => querySrv ENOTFOUND _mongodb._tcp.testcluster.urrgt.mongodb.net
[2026-08-22 14:03:38] - [ERROR] => Restarting Mongo server
[2026-08-22 14:03:38] - [ERROR] => MongoDB connection error => querySrv ENOTFOUND _mongodb._tcp.testcluster.urrgt.mongodb.net
[2026-08-22 14:03:40] - [ERROR] => Restarting Mongo server
[2026-08-22 14:03:40] - [ERROR] => MongoDB connection error => querySrv ENOTFOUND _mongodb._tcp.testcluster.urrgt.mongodb.net
[2026-08-22 14:03:42] - [ERROR] => Restarting Mongo server
[2026-08-22 14:03:42] - [ERROR] => MongoDB connection error => querySrv ENOTFOUND _mongodb._tcp.testcluster.urrgt.mongodb.net
[2026-08-22 14:03:44] - [ERROR] => Restarting Mongo server
[2026-08-22 14:03:44] - [ERROR] => MongoDB connection error => querySrv ENOTFOUND _mongodb._tcp.testcluster.urrgt.mongodb.net
[2026-08-22 14:03:46] - [ERROR] => Restarting Mongo server
[2026-08-22 14:03:46] - [ERROR] => MongoDB connection error => querySrv ENOTFOUND _mongodb._tcp.testcluster.urrgt.mongodb.net
[2026-08-22 14:03:48] - [ERROR] => Restarting Mongo server
[2026-08-22 14:03:48] - [ERROR] => MongoDB connection error => querySrv ENOTFOUND _mongodb._tcp.testcluster.urrgt.mongodb.net
[2026-08-22 14:03:50] - [ERROR] => Restarting Mongo server
[2026-08-22 14:03:50] - [ERROR] => MongoDB connection error => querySrv ENOTFOUND _mongodb._tcp.testcluster.urrgt.mongodb.net
[2026-08-22 14:03:52] - [ERROR] => Restarting Mongo server
[2026-08-22 14:03:53] - [ERROR] => MongoDB connection error => querySrv ENOTFOUND _mongodb._tcp.testcluster.urrgt.mongodb.net
[2026-08-22 14:03:55] - [ERROR] => Restarting Mongo server
[2026-08-22 14:03:55] - [ERROR] => MongoDB connection error => querySrv ENOTFOUND _mongodb._tcp.testcluster.urrgt.mongodb.net
[2026-08-22 14:03:57] - [ERROR] => Restarting Mongo server
[2026-08-22 14:03:57] - [ERROR] => MongoDB connection error => querySrv ENOTFOUND _mongodb._tcp.testcluster.urrgt.mongodb.net
[2026-08-22 14:03:59] - [ERROR] => Restarting Mongo server
[2026-08-22 14:03:59] - [ERROR] => MongoDB connection error => querySrv ENOTFOUND _mongodb._tcp.testcluster.urrgt.mongodb.net
[2026-08-22 14:04:01] - [ERROR] => Restarting Mongo server
[2026-08-22 14:04:01] - [ERROR] => MongoDB connection error => querySrv ENOTFOUND _mongodb._tcp.testcluster.urrgt.mongodb.net
[2026-08-22 14:04:03] - [ERROR] => Restarting Mongo server
[2026-08-22 14:04:03] - [ERROR] => MongoDB connection error => querySrv ENOTFOUND _mongodb._tcp.testcluster.urrgt.mongodb.net
[2026-08-22 14:04:05] - [ERROR] => Restarting Mongo server
[2026-08-22 14:04:05] - [ERROR] => MongoDB connection error => querySrv ENOTFOUND _mongodb._tcp.testcluster.urrgt.mongodb.net
[2026-08-22 14:04:07] - [ERROR] => Restarting Mongo server
[2026-08-22 14:04:07] - [ERROR] => MongoDB connection error => querySrv ENOTFOUND _mongodb._tcp.testcluster.urrgt.mongodb.net
[2026-08-22 14:04:09] - [ERROR] => Restarting Mongo server
[2026-08-22 14:04:09] - [ERROR] => MongoDB connection error => querySrv ENOTFOUND _mongodb._tcp.testcluster.urrgt.mongodb.net
[2026-08-22 14:04:11] - [ERROR] => Restarting Mongo server
[2026-08-22 14:04:11] - [ERROR] => MongoDB connection error => querySrv ENOTFOUND _mongodb._tcp.testcluster.urrgt.mongodb.net
[2026-08-22 14:04:13] - [ERROR] => Restarting Mongo server
[2026-08-22 14:04:13] - [ERROR] => MongoDB connection error => querySrv ENOTFOUND _mongodb._tcp.testcluster.urrgt.mongodb.net
[2026-08-22 14:04:15] - [ERROR] => Restarting Mongo server
[2026-08-22 14:04:15] - [ERROR] => MongoDB connection error => querySrv ENOTFOUND _mongodb._tcp.testcluster.urrgt.mongodb.net
[2026-08-22 14:04:17] - [ERROR] => Restarting Mongo server
[2026-08-22 14:04:17] - [ERROR] => MongoDB connection error => querySrv ENOTFOUND _mongodb._tcp.testcluster.urrgt.mongodb.net
[2026-08-22 14:04:19] - [ERROR] => Restarting Mongo server
[2026-08-22 14:04:19] - [ERROR] => MongoDB connection error => querySrv ENOTFOUND _mongodb._tcp.testcluster.urrgt.mongodb.net
[2026-08-22 14:04:21] - [ERROR] => Restarting Mongo server
[2026-08-22 14:04:21] - [ERROR] => MongoDB connection error => querySrv ENOTFOUND _mongodb._tcp.testcluster.urrgt.mongodb.net
[2026-08-22 14:04:23] - [ERROR] => Restarting Mongo server
[2026-08-22 14:04:23] - [ERROR] => MongoDB connection error => querySrv ENOTFOUND _mongodb._tcp.testcluster.urrgt.mongodb.net
[2026-08-22 14:04:25] - [ERROR] => Restarting Mongo server
[2026-08-22 14:04:25] - [ERROR] => MongoDB connection error => querySrv ENOTFOUND _mongodb._tcp.testcluster.urrgt.mongodb.net
[2026-08-22 14:04:27] - [ERROR] => Restarting Mongo server
[2026-08-22 14:04:27] - [ERROR] => MongoDB connection error => querySrv ENOTFOUND _mongodb._tcp.testcluster.urrgt.mongodb.net
[2026-08-22 14:04:29] - [ERROR] => Restarting Mongo server
[2026-08-22 14:04:29] - [ERROR] => MongoDB connection error => querySrv ENOTFOUND _mongodb._tcp.testcluster.urrgt.mongodb.net
[2026-08-22 14:04:31] - [ERROR] => Restarting Mongo server
[2026-08-22 14:04:31] - [ERROR] => MongoDB connection error => querySrv ENOTFOUND _mongodb._tcp.testcluster.urrgt.mongodb.net
[2026-08-22 14:04:33] - [ERROR] => Restarting Mongo server
[2026-08-22 14:04:33] - [ERROR] => MongoDB connection error => querySrv ENOTFOUND _mongodb._tcp.testcluster.urrgt.mongodb.net
[2026-08-22 14:04:35] - [ERROR] => Restarting Mongo server
[2026-08-22 14:04:35] - [ERROR] => MongoDB connection error => querySrv ENOTFOUND _mongodb._tcp.testcluster.urrgt.mongodb.net
[2026-08-22 14:04:37] - [ERROR] => Restarting Mongo server
[2026-08-22 14:04:37] - [ERROR] => MongoDB connection error => querySrv ENOTFOUND _mongodb._tcp.testcluster.urrgt.mongodb.net
[2026-08-22 14:04:39] - [ERROR] => Restarting Mongo server
[2026-08-22 14:04:39] - [ERROR] => MongoDB connection error => querySrv ENOTFOUND _mongodb._tcp.testcluster.urrgt.mongodb.net
[2026-08-22 14:04:41] - [ERROR] => Restarting Mongo server
[2026-08-22 14:04:41] - [ERROR] => MongoDB connection error => querySrv ENOTFOUND _mongodb._tcp.testcluster.urrgt.mongodb.net
[2026-08-22 14:04:43] - [ERROR] => Restarting Mongo server
[2026-08-22 14:04:43] - [ERROR] => MongoDB connection error => querySrv ENOTFOUND _mongodb._tcp.testcluster.urrgt.mongodb.net
[2026-08-22 14:04:45] - [ERROR] => Restarting Mongo server
[2026-08-22 14:04:45] - [ERROR] => MongoDB connection error => querySrv ENOTFOUND _mongodb._tcp.testcluster.urrgt.mongodb.net
[2026-08-22 14:04:47] - [ERROR] => Restarting Mongo server
[2026-08-22 14:04:47] - [ERROR] => MongoDB connection error => querySrv ENOTFOUND _mongodb._tcp.testcluster.urrgt.mongodb.net
[2026-08-22 14:04:49] - [ERROR] => Restarting Mongo server
[2026-08-22 14:04:49] - [ERROR] => MongoDB connection error => querySrv ENOTFOUND _mongodb._tcp.testcluster.urrgt.mongodb.net
[2026-08-22 14:04:51] - [ERROR] => Restarting Mongo server
[2026-08-22 14:04:51] - [ERROR] => MongoDB connection error => querySrv ENOTFOUND _mongodb._tcp.testcluster.urrgt.mongodb.net
[2026-08-22 14:04:53] - [ERROR] => Restarting Mongo server
[2026-08-22 14:04:55] - [ERROR] => MongoDB connection error => querySrv ENOTFOUND _mongodb._tcp.testcluster.urrgt.mongodb.net
[2026-08-22 14:04:57] - [ERROR] => Restarting Mongo server
[2026-08-22 14:04:58] - [ERROR] => MongoDB connection error => querySrv ENOTFOUND _mongodb._tcp.testcluster.urrgt.mongodb.net
[2026-08-22 14:05:00] - [ERROR] => Restarting Mongo server
[2026-08-22 14:05:00] - [ERROR] => MongoDB connection error => querySrv ENOTFOUND _mongodb._tcp.testcluster.urrgt.mongodb.net
[2026-08-22 14:05:02] - [ERROR] => Restarting Mongo server
[2026-08-22 14:05:02] - [ERROR] => MongoDB connection error => querySrv ENOTFOUND _mongodb._tcp.testcluster.urrgt.mongodb.net
[2026-08-22 14:05:04] - [ERROR] => Restarting Mongo server
[2026-08-22 14:05:04] - [ERROR] => MongoDB connection error => querySrv ENOTFOUND _mongodb._tcp.testcluster.urrgt.mongodb.net
[2026-08-22 14:05:06] - [ERROR] => Restarting Mongo server
[2026-08-22 14:05:06] - [ERROR] => MongoDB connection error => querySrv ENOTFOUND _mongodb._tcp.testcluster.urrgt.mongodb.net
[2026-08-22 14:05:08] - [ERROR] => Restarting Mongo server
[2026-08-22 14:05:08] - [ERROR] => MongoDB connection error => querySrv ENOTFOUND _mongodb._tcp.testcluster.urrgt.mongodb.net
[2026-08-22 14:05:10] - [ERROR] => Restarting Mongo server
[2026-08-22 14:05:10] - [ERROR] => MongoDB connection error => querySrv ENOTFOUND _mongodb._tcp.testcluster.urrgt.mongodb.net
[2026-08-22 14:05:12] - [ERROR] => Restarting Mongo server
[2026-08-22 14:05:12] - [ERROR] => MongoDB connection error => querySrv ENOTFOUND _mongodb._tcp.testcluster.urrgt.mongodb.net
[2026-08-22 14:05:14] - [ERROR] => Restarting Mongo server
[2026-08-22 14:05:14] - [ERROR] => MongoDB connection error => querySrv ENOTFOUND _mongodb._tcp.testcluster.urrgt.mongodb.net
[2026-08-22 14:05:16] - [ERROR] => Restarting Mongo server
[2026-08-22 14:05:16] - [ERROR] => MongoDB connection error => querySrv ENOTFOUND _mongodb._tcp.testcluster.urrgt.mongodb.net
[2026-08-22 14:05:18] - [ERROR] => Restarting Mongo server
[2026-08-22 14:05:18] - [ERROR] => MongoDB connection error => querySrv ENOTFOUND _mongodb._tcp.testcluster.urrgt.mongodb.net
[2026-08-22 14:05:20] - [ERROR] => Restarting Mongo server
[2026-08-22 14:05:20] - [ERROR] => MongoDB connection error => querySrv ENOTFOUND _mongodb._tcp.testcluster.urrgt.mongodb.net
[2026-08-22 14:05:22] - [ERROR] => Restarting Mongo server
[2026-08-22 14:05:22] - [ERROR] => MongoDB connection error => querySrv ENOTFOUND _mongodb._tcp.testcluster.urrgt.mongodb.net
[2026-08-22 14:05:24] - [ERROR] => Restarting Mongo server
[2026-08-22 14:05:24] - [ERROR] => MongoDB connection error => querySrv ENOTFOUND _mongodb._tcp.testcluster.urrgt.mongodb.net
[2026-08-22 14:05:26] - [ERROR] => Restarting Mongo server
[2026-08-22 14:05:26] - [ERROR] => MongoDB connection error => querySrv ENOTFOUND _mongodb._tcp.testcluster.urrgt.mongodb.net
[2026-08-22 14:05:28] - [ERROR] => Restarting Mongo server
[2026-08-22 14:05:28] - [ERROR] => MongoDB connection error => querySrv ENOTFOUND _mongodb._tcp.testcluster.urrgt.mongodb.net
[2026-08-22 14:05:30] - [ERROR] => Restarting Mongo server
[2026-08-22 14:05:30] - [ERROR] => MongoDB connection error => querySrv ENOTFOUND _mongodb._tcp.testcluster.urrgt.mongodb.net
[2026-08-22 14:05:32] - [ERROR] => Restarting Mongo server
[2026-08-22 14:05:32] - [ERROR] => MongoDB connection error => querySrv ENOTFOUND _mongodb._tcp.testcluster.urrgt.mongodb.net
[2026-08-22 14:05:34] - [ERROR] => Restarting Mongo server
[2026-08-22 14:05:34] - [ERROR] => MongoDB connection error => querySrv ENOTFOUND _mongodb._tcp.testcluster.urrgt.mongodb.net
[2026-08-22 14:05:36] - [ERROR] => Restarting Mongo server
[2026-08-22 14:05:36] - [ERROR] => MongoDB connection error => querySrv ENOTFOUND _mongodb._tcp.testcluster.urrgt.mongodb.net
[2026-08-22 14:05:38] - [ERROR] => Restarting Mongo server
[2026-08-22 14:05:38] - [ERROR] => MongoDB connection error => querySrv ENOTFOUND _mongodb._tcp.testcluster.urrgt.mongodb.net
[2026-08-22 14:05:40] - [ERROR] => Restarting Mongo server
[2026-08-22 14:05:40] - [ERROR] => MongoDB connection error => querySrv ENOTFOUND _mongodb._tcp.testcluster.urrgt.mongodb.net
[2026-08-22 14:05:42] - [ERROR] => Restarting Mongo server
[2026-08-22 14:05:42] - [ERROR] => MongoDB connection error => querySrv ENOTFOUND _mongodb._tcp.testcluster.urrgt.mongodb.net
[2026-08-22 14:05:44] - [ERROR] => Restarting Mongo server
[2026-08-22 14:05:44] - [ERROR] => MongoDB connection error => querySrv ENOTFOUND _mongodb._tcp.testcluster.urrgt.mongodb.net
[2026-08-22 14:05:46] - [ERROR] => Restarting Mongo server
[2026-08-22 14:05:46] - [ERROR] => MongoDB connection error => querySrv ENOTFOUND _mongodb._tcp.testcluster.urrgt.mongodb.net
[2026-08-22 14:05:48] - [ERROR] => Restarting Mongo server
[2026-08-22 14:05:48] - [ERROR] => MongoDB connection error => querySrv ENOTFOUND _mongodb._tcp.testcluster.urrgt.mongodb.net
[2026-08-22 14:05:50] - [ERROR] => Restarting Mongo server
[2026-08-22 14:05:50] - [ERROR] => MongoDB connection error => querySrv ENOTFOUND _mongodb._tcp.testcluster.urrgt.mongodb.net
[2026-08-22 14:05:52] - [ERROR] => Restarting Mongo server
[2026-08-22 14:05:52] - [ERROR] => MongoDB connection error => querySrv ENOTFOUND _mongodb._tcp.testcluster.urrgt.mongodb.net
[2026-08-22 14:05:54] - [ERROR] => Restarting Mongo server
[2026-08-22 14:05:54] - [ERROR] => MongoDB connection error => querySrv ENOTFOUND _mongodb._tcp.testcluster.urrgt.mongodb.net
[2026-08-22 14:05:56] - [ERROR] => Restarting Mongo server
[2026-08-22 14:05:57] - [ERROR] => MongoDB connection error => querySrv ENOTFOUND _mongodb._tcp.testcluster.urrgt.mongodb.net
[2026-08-22 14:05:59] - [ERROR] => Restarting Mongo server
[2026-08-22 14:05:59] - [ERROR] => MongoDB connection error => querySrv ENOTFOUND _mongodb._tcp.testcluster.urrgt.mongodb.net
[2026-08-22 14:06:01] - [ERROR] => Restarting Mongo server
[2026-08-22 14:06:01] - [ERROR] => MongoDB connection error => querySrv ENOTFOUND _mongodb._tcp.testcluster.urrgt.mongodb.net
[2026-08-22 14:06:03] - [ERROR] => Restarting Mongo server
[2026-08-22 14:06:03] - [ERROR] => MongoDB connection error => querySrv ENOTFOUND _mongodb._tcp.testcluster.urrgt.mongodb.net
[2026-08-22 14:06:05] - [ERROR] => Restarting Mongo server
[2026-08-22 14:06:05] - [ERROR] => MongoDB connection error => querySrv ENOTFOUND _mongodb._tcp.testcluster.urrgt.mongodb.net
[2026-08-22 14:06:07] - [ERROR] => Restarting Mongo server
[2026-08-22 14:06:07] - [ERROR] => MongoDB connection error => querySrv ENOTFOUND _mongodb._tcp.testcluster.urrgt.mongodb.net
[2026-08-22 14:06:09] - [ERROR] => Restarting Mongo server
[2026-08-22 14:06:09] - [ERROR] => MongoDB connection error => querySrv ENOTFOUND _mongodb._tcp.testcluster.urrgt.mongodb.net
[2026-08-22 14:06:11] - [ERROR] => Restarting Mongo server
[2026-08-22 14:06:11] - [ERROR] => MongoDB connection error => querySrv ENOTFOUND _mongodb._tcp.testcluster.urrgt.mongodb.net
[2026-08-22 14:06:13] - [ERROR] => Restarting Mongo server
[2026-08-22 14:06:13] - [ERROR] => MongoDB connection error => querySrv ENOTFOUND _mongodb._tcp.testcluster.urrgt.mongodb.net
[2026-08-22 14:06:15] - [ERROR] => Restarting Mongo server
[2026-08-22 14:06:15] - [ERROR] => MongoDB connection error => querySrv ENOTFOUND _mongodb._tcp.testcluster.urrgt.mongodb.net
[2026-08-22 14:06:17] - [ERROR] => Restarting Mongo server
[2026-08-22 14:06:17] - [ERROR] => MongoDB connection error => querySrv ENOTFOUND _mongodb._tcp.testcluster.urrgt.mongodb.net
[2026-08-22 14:06:19] - [ERROR] => Restarting Mongo server
[2026-08-22 14:06:19] - [ERROR] => MongoDB connection error => querySrv ENOTFOUND _mongodb._tcp.testcluster.urrgt.mongodb.net
[2026-08-22 14:06:21] - [ERROR] => Restarting Mongo server
[2026-08-22 14:06:21] - [ERROR] => MongoDB connection error => querySrv ENOTFOUND _mongodb._tcp.testcluster.urrgt.mongodb.net
[2026-08-22 14:06:23] - [ERROR] => Restarting Mongo server
[2026-08-22 14:06:23] - [ERROR] => MongoDB connection error => querySrv ENOTFOUND _mongodb._tcp.testcluster.urrgt.mongodb.net
[2026-08-22 14:06:25] - [ERROR] => Restarting Mongo server
[2026-08-22 14:06:25] - [ERROR] => MongoDB connection error => querySrv ENOTFOUND _mongodb._tcp.testcluster.urrgt.mongodb.net
[2026-08-22 14:06:27] - [ERROR] => Restarting Mongo server
[2026-08-22 14:06:27] - [ERROR] => MongoDB connection error => querySrv ENOTFOUND _mongodb._tcp.testcluster.urrgt.mongodb.net
[2026-08-22 14:06:29] - [ERROR] => Restarting Mongo server
[2026-08-22 14:06:29] - [ERROR] => MongoDB connection error => querySrv ENOTFOUND _mongodb._tcp.testcluster.urrgt.mongodb.net
[2026-08-22 14:06:31] - [ERROR] => Restarting Mongo server
[2026-08-22 14:06:31] - [ERROR] => MongoDB connection error => querySrv ENOTFOUND _mongodb._tcp.testcluster.urrgt.mongodb.net
[2026-08-22 14:06:33] - [ERROR] => Restarting Mongo server
[2026-08-22 14:06:33] - [ERROR] => MongoDB connection error => querySrv ENOTFOUND _mongodb._tcp.testcluster.urrgt.mongodb.net
[2026-08-22 14:06:35] - [ERROR] => Restarting Mongo server
[2026-08-22 14:06:35] - [ERROR] => MongoDB connection error => querySrv ENOTFOUND _mongodb._tcp.testcluster.urrgt.mongodb.net
[2026-08-22 14:06:37] - [ERROR] => Restarting Mongo server
[2026-08-22 14:06:37] - [ERROR] => MongoDB connection error => querySrv ENOTFOUND _mongodb._tcp.testcluster.urrgt.mongodb.net
[2026-08-22 14:06:39] - [ERROR] => Restarting Mongo server
[2026-08-22 14:06:39] - [ERROR] => MongoDB connection error => querySrv ENOTFOUND _mongodb._tcp.testcluster.urrgt.mongodb.net
[2026-08-22 14:06:41] - [ERROR] => Restarting Mongo server
[2026-08-22 14:06:41] - [ERROR] => MongoDB connection error => querySrv ENOTFOUND _mongodb._tcp.testcluster.urrgt.mongodb.net
[2026-08-22 14:06:43] - [ERROR] => Restarting Mongo server
[2026-08-22 14:06:43] - [ERROR] => MongoDB connection error => querySrv ENOTFOUND _mongodb._tcp.testcluster.urrgt.mongodb.net
[2026-08-22 14:06:45] - [ERROR] => Restarting Mongo server
[2026-08-22 14:06:45] - [ERROR] => MongoDB connection error => querySrv ENOTFOUND _mongodb._tcp.testcluster.urrgt.mongodb.net
[2026-08-22 14:06:47] - [ERROR] => Restarting Mongo server
[2026-08-22 14:06:47] - [ERROR] => MongoDB connection error => querySrv ENOTFOUND _mongodb._tcp.testcluster.urrgt.mongodb.net
[2026-08-22 14:06:50] - [ERROR] => Restarting Mongo server
[2026-08-22 14:06:50] - [ERROR] => MongoDB connection error => querySrv ENOTFOUND _mongodb._tcp.testcluster.urrgt.mongodb.net
[2026-08-22 14:06:52] - [ERROR] => Restarting Mongo server
[2026-08-22 14:06:52] - [ERROR] => MongoDB connection error => querySrv ENOTFOUND _mongodb._tcp.testcluster.urrgt.mongodb.net
[2026-08-22 14:06:54] - [ERROR] => Restarting Mongo server
[2026-08-22 14:06:54] - [ERROR] => MongoDB connection error => querySrv ENOTFOUND _mongodb._tcp.testcluster.urrgt.mongodb.net
[2026-08-22 14:06:56] - [ERROR] => Restarting Mongo server
[2026-08-22 14:06:56] - [ERROR] => MongoDB connection error => querySrv ENOTFOUND _mongodb._tcp.testcluster.urrgt.mongodb.net
[2026-08-22 14:06:58] - [ERROR] => Restarting Mongo server
[2026-08-22 14:06:59] - [ERROR] => MongoDB connection error => querySrv ENOTFOUND _mongodb._tcp.testcluster.urrgt.mongodb.net
[2026-08-22 14:07:01] - [ERROR] => Restarting Mongo server
[2026-08-22 14:07:01] - [ERROR] => MongoDB connection error => querySrv ENOTFOUND _mongodb._tcp.testcluster.urrgt.mongodb.net
[2026-08-22 14:07:03] - [ERROR] => Restarting Mongo server
[2026-08-22 14:07:03] - [ERROR] => MongoDB connection error => querySrv ENOTFOUND _mongodb._tcp.testcluster.urrgt.mongodb.net
[2026-08-22 14:07:05] - [ERROR] => Restarting Mongo server
[2026-08-22 14:07:05] - [ERROR] => MongoDB connection error => querySrv ENOTFOUND _mongodb._tcp.testcluster.urrgt.mongodb.net
[2026-08-22 14:07:07] - [ERROR] => Restarting Mongo server
[2026-08-22 14:07:07] - [ERROR] => MongoDB connection error => querySrv ENOTFOUND _mongodb._tcp.testcluster.urrgt.mongodb.net
[2026-08-22 14:07:09] - [ERROR] => Restarting Mongo server
[2026-08-22 14:07:09] - [ERROR] => MongoDB connection error => querySrv ENOTFOUND _mongodb._tcp.testcluster.urrgt.mongodb.net
[2026-08-22 14:07:11] - [ERROR] => Restarting Mongo server
[2026-08-22 14:07:11] - [ERROR] => MongoDB connection error => querySrv ENOTFOUND _mongodb._tcp.testcluster.urrgt.mongodb.net
[2026-08-22 14:07:13] - [ERROR] => Restarting Mongo server
[2026-08-22 14:07:13] - [ERROR] => MongoDB connection error => querySrv ENOTFOUND _mongodb._tcp.testcluster.urrgt.mongodb.net
[2026-08-22 14:07:15] - [ERROR] => Restarting Mongo server
[2026-08-22 14:07:15] - [ERROR] => MongoDB connection error => querySrv ENOTFOUND _mongodb._tcp.testcluster.urrgt.mongodb.net
[2026-08-22 14:07:17] - [ERROR] => Restarting Mongo server
[2026-08-22 14:07:17] - [ERROR] => MongoDB connection error => querySrv ENOTFOUND _mongodb._tcp.testcluster.urrgt.mongodb.net
[2026-08-22 14:07:19] - [ERROR] => Restarting Mongo server
[2026-08-22 14:07:19] - [ERROR] => MongoDB connection error => querySrv ENOTFOUND _mongodb._tcp.testcluster.urrgt.mongodb.net
[2026-08-22 14:07:21] - [ERROR] => Restarting Mongo server
[2026-08-22 14:07:21] - [ERROR] => MongoDB connection error => querySrv ENOTFOUND _mongodb._tcp.testcluster.urrgt.mongodb.net
[2026-08-22 14:07:23] - [ERROR] => Restarting Mongo server
[2026-08-22 14:07:23] - [ERROR] => MongoDB connection error => querySrv ENOTFOUND _mongodb._tcp.testcluster.urrgt.mongodb.net
[2026-08-22 14:07:25] - [ERROR] => Restarting Mongo server
[2026-08-22 14:07:25] - [ERROR] => MongoDB connection error => querySrv ENOTFOUND _mongodb._tcp.testcluster.urrgt.mongodb.net
[2026-08-22 14:07:27] - [ERROR] => Restarting Mongo server
[2026-08-22 14:07:27] - [ERROR] => MongoDB connection error => querySrv ENOTFOUND _mongodb._tcp.testcluster.urrgt.mongodb.net
[2026-08-22 14:07:29] - [ERROR] => Restarting Mongo server
[2026-08-22 14:07:29] - [ERROR] => MongoDB connection error => querySrv ENOTFOUND _mongodb._tcp.testcluster.urrgt.mongodb.net
[2026-08-22 14:07:31] - [ERROR] => Restarting Mongo server
[2026-08-22 14:07:31] - [ERROR] => MongoDB connection error => querySrv ENOTFOUND _mongodb._tcp.testcluster.urrgt.mongodb.net
[2026-08-22 14:07:33] - [ERROR] => Restarting Mongo server
[2026-08-22 14:07:33] - [ERROR] => MongoDB connection error => querySrv ENOTFOUND _mongodb._tcp.testcluster.urrgt.mongodb.net
[2026-08-22 14:07:35] - [ERROR] => Restarting Mongo server
[2026-08-22 14:07:35] - [ERROR] => MongoDB connection error => querySrv ENOTFOUND _mongodb._tcp.testcluster.urrgt.mongodb.net
[2026-08-22 14:07:37] - [ERROR] => Restarting Mongo server
[2026-08-22 14:07:37] - [ERROR] => MongoDB connection error => querySrv ENOTFOUND _mongodb._tcp.testcluster.urrgt.mongodb.net
[2026-08-22 14:07:39] - [ERROR] => Restarting Mongo server
[2026-08-22 14:07:39] - [ERROR] => MongoDB connection error => querySrv ENOTFOUND _mongodb._tcp.testcluster.urrgt.mongodb.net
[2026-08-22 14:07:41] - [ERROR] => Restarting Mongo server
[2026-08-22 14:07:41] - [ERROR] => MongoDB connection error => querySrv ENOTFOUND _mongodb._tcp.testcluster.urrgt.mongodb.net
[2026-08-22 14:07:43] - [ERROR] => Restarting Mongo server
[2026-08-22 14:07:43] - [ERROR] => MongoDB connection error => querySrv ENOTFOUND _mongodb._tcp.testcluster.urrgt.mongodb.net
[2026-08-22 14:07:45] - [ERROR] => Restarting Mongo server
[2026-08-22 14:07:45] - [ERROR] => MongoDB connection error => querySrv ENOTFOUND _mongodb._tcp.testcluster.urrgt.mongodb.net
[2026-08-22 14:07:47] - [ERROR] => Restarting Mongo server
[2026-08-22 14:07:47] - [ERROR] => MongoDB connection error => querySrv ENOTFOUND _mongodb._tcp.testcluster.urrgt.mongodb.net
[2026-08-22 14:07:49] - [ERROR] => Restarting Mongo server
[2026-08-22 14:07:49] - [ERROR] => MongoDB connection error => querySrv ENOTFOUND _mongodb._tcp.testcluster.urrgt.mongodb.net
[2026-08-22 14:07:51] - [ERROR] => Restarting Mongo server
[2026-08-22 14:07:51] - [ERROR] => MongoDB connection error => querySrv ENOTFOUND _mongodb._tcp.testcluster.urrgt.mongodb.net
[2026-08-22 14:07:53] - [ERROR] => Restarting Mongo server
[2026-08-22 14:07:53] - [ERROR] => MongoDB connection error => querySrv ENOTFOUND _mongodb._tcp.testcluster.urrgt.mongodb.net
[2026-08-22 14:07:55] - [ERROR] => Restarting Mongo server
[2026-08-22 14:07:55] - [ERROR] => MongoDB connection error => querySrv ENOTFOUND _mongodb._tcp.testcluster.urrgt.mongodb.net
[2026-08-22 14:07:57] - [ERROR] => Restarting Mongo server
[2026-08-22 14:07:57] - [ERROR] => MongoDB connection error => querySrv ENOTFOUND _mongodb._tcp.testcluster.urrgt.mongodb.net
[2026-08-22 14:07:59] - [ERROR] => Restarting Mongo server
[2026-08-22 14:08:01] - [ERROR] => MongoDB connection error => querySrv ENOTFOUND _mongodb._tcp.testcluster.urrgt.mongodb.net
[2026-08-22 14:08:03] - [ERROR] => Restarting Mongo server
[2026-08-22 14:08:03] - [ERROR] => MongoDB connection error => querySrv ENOTFOUND _mongodb._tcp.testcluster.urrgt.mongodb.net
[2026-08-22 14:08:05] - [ERROR] => Restarting Mongo server
[2026-08-22 14:08:05] - [ERROR] => MongoDB connection error => querySrv ENOTFOUND _mongodb._tcp.testcluster.urrgt.mongodb.net
[2026-08-22 14:08:07] - [ERROR] => Restarting Mongo server
[2026-08-22 14:08:07] - [ERROR] => MongoDB connection error => querySrv ENOTFOUND _mongodb._tcp.testcluster.urrgt.mongodb.net
[2026-08-22 14:08:09] - [ERROR] => Restarting Mongo server
[2026-08-22 14:08:09] - [ERROR] => MongoDB connection error => querySrv ENOTFOUND _mongodb._tcp.testcluster.urrgt.mongodb.net
[2026-08-22 14:08:11] - [ERROR] => Restarting Mongo server
[2026-08-22 14:08:11] - [ERROR] => MongoDB connection error => querySrv ENOTFOUND _mongodb._tcp.testcluster.urrgt.mongodb.net
[2026-08-22 14:08:13] - [ERROR] => Restarting Mongo server
[2026-08-22 14:08:13] - [ERROR] => MongoDB connection error => querySrv ENOTFOUND _mongodb._tcp.testcluster.urrgt.mongodb.net
[2026-08-22 14:08:15] - [ERROR] => Restarting Mongo server
[2026-08-22 14:08:15] - [ERROR] => MongoDB connection error => querySrv ENOTFOUND _mongodb._tcp.testcluster.urrgt.mongodb.net
[2026-08-22 14:08:17] - [ERROR] => Restarting Mongo server
[2026-08-22 14:08:17] - [ERROR] => MongoDB connection error => querySrv ENOTFOUND _mongodb._tcp.testcluster.urrgt.mongodb.net
[2026-08-22 14:08:19] - [ERROR] => Restarting Mongo server
[2026-08-22 14:08:19] - [ERROR] => MongoDB connection error => querySrv ENOTFOUND _mongodb._tcp.testcluster.urrgt.mongodb.net
[2026-08-22 14:08:21] - [ERROR] => Restarting Mongo server
[2026-08-22 14:08:21] - [ERROR] => MongoDB connection error => querySrv ENOTFOUND _mongodb._tcp.testcluster.urrgt.mongodb.net
[2026-08-22 14:08:23] - [ERROR] => Restarting Mongo server
[2026-08-22 14:08:23] - [ERROR] => MongoDB connection error => querySrv ENOTFOUND _mongodb._tcp.testcluster.urrgt.mongodb.net
[2026-08-22 14:08:25] - [ERROR] => Restarting Mongo server
[2026-08-22 14:08:25] - [ERROR] => MongoDB connection error => querySrv ENOTFOUND _mongodb._tcp.testcluster.urrgt.mongodb.net
[2026-08-22 14:08:27] - [ERROR] => Restarting Mongo server
[2026-08-22 14:08:27] - [ERROR] => MongoDB connection error => querySrv ENOTFOUND _mongodb._tcp.testcluster.urrgt.mongodb.net
[2026-08-22 14:08:29] - [ERROR] => Restarting Mongo server
[2026-08-22 14:08:29] - [ERROR] => MongoDB connection error => querySrv ENOTFOUND _mongodb._tcp.testcluster.urrgt.mongodb.net
[2026-08-22 14:08:31] - [ERROR] => Restarting Mongo server
[2026-08-22 14:08:31] - [ERROR] => MongoDB connection error => querySrv ENOTFOUND _mongodb._tcp.testcluster.urrgt.mongodb.net
[2026-08-22 14:08:33] - [ERROR] => Restarting Mongo server
[2026-08-22 14:08:33] - [ERROR] => MongoDB connection error => querySrv ENOTFOUND _mongodb._tcp.testcluster.urrgt.mongodb.net
[2026-08-22 14:08:35] - [ERROR] => Restarting Mongo server
[2026-08-22 14:08:35] - [ERROR] => MongoDB connection error => querySrv ENOTFOUND _mongodb._tcp.testcluster.urrgt.mongodb.net
[2026-08-22 14:08:37] - [ERROR] => Restarting Mongo server
[2026-08-22 14:08:37] - [ERROR] => MongoDB connection error => querySrv ENOTFOUND _mongodb._tcp.testcluster.urrgt.mongodb.net
[2026-08-22 14:08:39] - [ERROR] => Restarting Mongo server
[2026-08-22 14:08:39] - [ERROR] => MongoDB connection error => querySrv ENOTFOUND _mongodb._tcp.testcluster.urrgt.mongodb.net
[2026-08-22 14:08:41] - [ERROR] => Restarting Mongo server
[2026-08-22 14:08:41] - [ERROR] => MongoDB connection error => querySrv ENOTFOUND _mongodb._tcp.testcluster.urrgt.mongodb.net
[2026-08-22 14:08:43] - [ERROR] => Restarting Mongo server
[2026-08-22 14:08:43] - [ERROR] => MongoDB connection error => querySrv ENOTFOUND _mongodb._tcp.testcluster.urrgt.mongodb.net
[2026-08-22 14:08:45] - [ERROR] => Restarting Mongo server
[2026-08-22 14:08:45] - [ERROR] => MongoDB connection error => querySrv ENOTFOUND _mongodb._tcp.testcluster.urrgt.mongodb.net
[2026-08-22 14:08:47] - [ERROR] => Restarting Mongo server
[2026-08-22 14:08:47] - [ERROR] => MongoDB connection error => querySrv ENOTFOUND _mongodb._tcp.testcluster.urrgt.mongodb.net
[2026-08-22 14:08:49] - [ERROR] => Restarting Mongo server
[2026-08-22 14:08:49] - [ERROR] => MongoDB connection error => querySrv ENOTFOUND _mongodb._tcp.testcluster.urrgt.mongodb.net
[2026-08-22 14:08:51] - [ERROR] => Restarting Mongo server
[2026-08-22 14:08:51] - [ERROR] => MongoDB connection error => querySrv ENOTFOUND _mongodb._tcp.testcluster.urrgt.mongodb.net
[2026-08-22 14:08:53] - [ERROR] => Restarting Mongo server
[2026-08-22 14:08:53] - [ERROR] => MongoDB connection error => querySrv ENOTFOUND _mongodb._tcp.testcluster.urrgt.mongodb.net
[2026-08-22 14:08:55] - [ERROR] => Restarting Mongo server
[2026-08-22 14:08:55] - [ERROR] => MongoDB connection error => querySrv ENOTFOUND _mongodb._tcp.testcluster.urrgt.mongodb.net
[2026-08-22 14:08:57] - [ERROR] => Restarting Mongo server
[2026-08-22 14:08:57] - [ERROR] => MongoDB connection error => querySrv ENOTFOUND _mongodb._tcp.testcluster.urrgt.mongodb.net
[2026-08-22 14:08:59] - [ERROR] => Restarting Mongo server
[2026-08-22 14:08:59] - [ERROR] => MongoDB connection error => querySrv ENOTFOUND _mongodb._tcp.testcluster.urrgt.mongodb.net
[2026-08-22 14:09:01] - [ERROR] => Restarting Mongo server
[2026-08-22 14:09:02] - [ERROR] => MongoDB connection error => querySrv ENOTFOUND _mongodb._tcp.testcluster.urrgt.mongodb.net
[2026-08-22 14:09:04] - [ERROR] => Restarting Mongo server
[2026-08-22 14:09:04] - [ERROR] => MongoDB connection error => querySrv ENOTFOUND _mongodb._tcp.testcluster.urrgt.mongodb.net
[2026-08-22 14:09:06] - [ERROR] => Restarting Mongo server
[2026-08-22 14:09:06] - [ERROR] => MongoDB connection error => querySrv ENOTFOUND _mongodb._tcp.testcluster.urrgt.mongodb.net
[2026-08-22 14:09:08] - [ERROR] => Restarting Mongo server
[2026-08-22 14:09:08] - [ERROR] => MongoDB connection error => querySrv ENOTFOUND _mongodb._tcp.testcluster.urrgt.mongodb.net
[2026-08-22 14:09:10] - [ERROR] => Restarting Mongo server
[2026-08-22 14:09:10] - [ERROR] => MongoDB connection error => querySrv ENOTFOUND _mongodb._tcp.testcluster.urrgt.mongodb.net
[2026-08-22 14:09:12] - [ERROR] => Restarting Mongo server
[2026-08-22 14:09:12] - [ERROR] => MongoDB connection error => querySrv ENOTFOUND _mongodb._tcp.testcluster.urrgt.mongodb.net
[2026-08-22 14:09:14] - [ERROR] => Restarting Mongo server
[2026-08-22 14:09:14] - [ERROR] => MongoDB connection error => querySrv ENOTFOUND _mongodb._tcp.testcluster.urrgt.mongodb.net
[2026-08-22 14:09:16] - [ERROR] => Restarting Mongo server
[2026-08-22 14:09:16] - [ERROR] => MongoDB connection error => querySrv ENOTFOUND _mongodb._tcp.testcluster.urrgt.mongodb.net
[2026-08-22 14:09:18] - [ERROR] => Restarting Mongo server
[2026-08-22 14:09:18] - [ERROR] => MongoDB connection error => querySrv ENOTFOUND _mongodb._tcp.testcluster.urrgt.mongodb.net
[2026-08-22 14:09:20] - [ERROR] => Restarting Mongo server
[2026-08-22 14:09:20] - [ERROR] => MongoDB connection error => querySrv ENOTFOUND _mongodb._tcp.testcluster.urrgt.mongodb.net
[2026-08-22 14:09:22] - [ERROR] => Restarting Mongo server
[2026-08-22 14:09:22] - [ERROR] => MongoDB connection error => querySrv ENOTFOUND _mongodb._tcp.testcluster.urrgt.mongodb.net
[2026-08-22 14:09:24] - [ERROR] => Restarting Mongo server
[2026-08-22 14:09:24] - [ERROR] => MongoDB connection error => querySrv ENOTFOUND _mongodb._tcp.testcluster.urrgt.mongodb.net
[2026-08-22 14:09:26] - [ERROR] => Restarting Mongo server
[2026-08-22 14:09:26] - [ERROR] => MongoDB connection error => querySrv ENOTFOUND _mongodb._tcp.testcluster.urrgt.mongodb.net
[2026-08-22 14:09:28] - [ERROR] => Restarting Mongo server
[2026-08-22 14:09:28] - [ERROR] => MongoDB connection error => querySrv ENOTFOUND _mongodb._tcp.testcluster.urrgt.mongodb.net
[2026-08-22 14:09:30] - [ERROR] => Restarting Mongo server
[2026-08-22 14:09:30] - [ERROR] => MongoDB connection error => querySrv ENOTFOUND _mongodb._tcp.testcluster.urrgt.mongodb.net
[2026-08-22 14:09:32] - [ERROR] => Restarting Mongo server
[2026-08-22 14:09:32] - [ERROR] => MongoDB connection error => querySrv ENOTFOUND _mongodb._tcp.testcluster.urrgt.mongodb.net
[2026-08-22 14:09:34] - [ERROR] => Restarting Mongo server
[2026-08-22 14:09:34] - [ERROR] => MongoDB connection error => querySrv ENOTFOUND _mongodb._tcp.testcluster.urrgt.mongodb.net
[2026-08-22 14:09:36] - [ERROR] => Restarting Mongo server
[2026-08-22 14:09:36] - [ERROR] => MongoDB connection error => querySrv ENOTFOUND _mongodb._tcp.testcluster.urrgt.mongodb.net
[2026-08-22 14:09:38] - [ERROR] => Restarting Mongo server
[2026-08-22 14:09:38] - [ERROR] => MongoDB connection error => querySrv ENOTFOUND _mongodb._tcp.testcluster.urrgt.mongodb.net
[2026-08-22 14:09:40] - [ERROR] => Restarting Mongo server
[2026-08-22 14:09:40] - [ERROR] => MongoDB connection error => querySrv ENOTFOUND _mongodb._tcp.testcluster.urrgt.mongodb.net
[2026-08-22 14:09:42] - [ERROR] => Restarting Mongo server
[2026-08-22 14:09:42] - [ERROR] => MongoDB connection error => querySrv ENOTFOUND _mongodb._tcp.testcluster.urrgt.mongodb.net
[2026-08-22 14:09:44] - [ERROR] => Restarting Mongo server
[2026-08-22 14:09:44] - [ERROR] => MongoDB connection error => querySrv ENOTFOUND _mongodb._tcp.testcluster.urrgt.mongodb.net
[2026-08-22 14:09:46] - [ERROR] => Restarting Mongo server
[2026-08-22 14:09:46] - [ERROR] => MongoDB connection error => querySrv ENOTFOUND _mongodb._tcp.testcluster.urrgt.mongodb.net
[2026-08-22 14:09:48] - [ERROR] => Restarting Mongo server
[2026-08-22 14:09:48] - [ERROR] => MongoDB connection error => querySrv ENOTFOUND _mongodb._tcp.testcluster.urrgt.mongodb.net
[2026-08-22 14:09:50] - [ERROR] => Restarting Mongo server
[2026-08-22 14:09:50] - [ERROR] => MongoDB connection error => querySrv ENOTFOUND _mongodb._tcp.testcluster.urrgt.mongodb.net
[2026-08-22 14:09:52] - [ERROR] => Restarting Mongo server
[2026-08-22 14:09:52] - [ERROR] => MongoDB connection error => querySrv ENOTFOUND _mongodb._tcp.testcluster.urrgt.mongodb.net
[2026-08-22 14:09:54] - [ERROR] => Restarting Mongo server
[2026-08-22 14:09:54] - [ERROR] => MongoDB connection error => querySrv ENOTFOUND _mongodb._tcp.testcluster.urrgt.mongodb.net
[2026-08-22 14:09:56] - [ERROR] => Restarting Mongo server
[2026-08-22 14:09:56] - [ERROR] => MongoDB connection error => querySrv ENOTFOUND _mongodb._tcp.testcluster.urrgt.mongodb.net
[2026-08-22 14:09:58] - [ERROR] => Restarting Mongo server
[2026-08-22 14:09:58] - [ERROR] => MongoDB connection error => querySrv ENOTFOUND _mongodb._tcp.testcluster.urrgt.mongodb.net
[2026-08-22 14:10:00] - [ERROR] => Restarting Mongo server
[2026-08-22 14:10:00] - [ERROR] => MongoDB connection error => querySrv ENOTFOUND _mongodb._tcp.testcluster.urrgt.mongodb.net
[2026-08-22 14:10:02] - [ERROR] => Restarting Mongo server
[2026-08-22 14:10:03] - [ERROR] => MongoDB connection error => querySrv ENOTFOUND _mongodb._tcp.testcluster.urrgt.mongodb.net
[2026-08-22 14:10:05] - [ERROR] => Restarting Mongo server
[2026-08-22 14:10:05] - [ERROR] => MongoDB connection error => querySrv ENOTFOUND _mongodb._tcp.testcluster.urrgt.mongodb.net
[2026-08-22 14:10:07] - [ERROR] => Restarting Mongo server
[2026-08-22 14:10:07] - [ERROR] => MongoDB connection error => querySrv ENOTFOUND _mongodb._tcp.testcluster.urrgt.mongodb.net
[2026-08-22 14:10:09] - [ERROR] => Restarting Mongo server
[2026-08-22 14:10:09] - [ERROR] => MongoDB connection error => querySrv ENOTFOUND _mongodb._tcp.testcluster.urrgt.mongodb.net
[2026-08-22 14:10:11] - [ERROR] => Restarting Mongo server
[2026-08-22 14:10:11] - [ERROR] => MongoDB connection error => querySrv ENOTFOUND _mongodb._tcp.testcluster.urrgt.mongodb.net
[2026-08-22 14:10:13] - [ERROR] => Restarting Mongo server
[2026-08-22 14:10:14] - [ERROR] => MongoDB connection error => querySrv ENOTFOUND _mongodb._tcp.testcluster.urrgt.mongodb.net
[2026-08-22 14:10:16] - [ERROR] => Restarting Mongo server
[2026-08-22 14:10:16] - [ERROR] => MongoDB connection error => querySrv ENOTFOUND _mongodb._tcp.testcluster.urrgt.mongodb.net
[2026-08-22 14:10:18] - [ERROR] => Restarting Mongo server
[2026-08-22 14:10:18] - [ERROR] => MongoDB connection error => querySrv ENOTFOUND _mongodb._tcp.testcluster.urrgt.mongodb.net
[2026-08-22 14:10:20] - [ERROR] => Restarting Mongo server
[2026-08-22 14:10:20] - [ERROR] => MongoDB connection error => querySrv ENOTFOUND _mongodb._tcp.testcluster.urrgt.mongodb.net
[2026-08-22 14:10:22] - [ERROR] => Restarting Mongo server
[2026-08-22 14:10:22] - [ERROR] => MongoDB connection error => querySrv ENOTFOUND _mongodb._tcp.testcluster.urrgt.mongodb.net
[2026-08-22 14:10:24] - [ERROR] => Restarting Mongo server
[2026-08-22 14:10:24] - [ERROR] => MongoDB connection error => querySrv ENOTFOUND _mongodb._tcp.testcluster.urrgt.mongodb.net
[2026-08-22 14:10:26] - [ERROR] => Restarting Mongo server
[2026-08-22 14:10:26] - [ERROR] => MongoDB connection error => querySrv ENOTFOUND _mongodb._tcp.testcluster.urrgt.mongodb.net
[2026-08-22 14:10:28] - [ERROR] => Restarting Mongo server
[2026-08-22 14:10:28] - [ERROR] => MongoDB connection error => querySrv ENOTFOUND _mongodb._tcp.testcluster.urrgt.mongodb.net
[2026-08-22 14:10:30] - [ERROR] => Restarting Mongo server
[2026-08-22 14:10:30] - [ERROR] => MongoDB connection error => querySrv ENOTFOUND _mongodb._tcp.testcluster.urrgt.mongodb.net
[2026-08-22 14:10:32] - [ERROR] => Restarting Mongo server
[2026-08-22 14:10:32] - [ERROR] => MongoDB connection error => querySrv ENOTFOUND _mongodb._tcp.testcluster.urrgt.mongodb.net
[2026-08-22 14:10:34] - [ERROR] => Restarting Mongo server
[2026-08-22 14:10:34] - [ERROR] => MongoDB connection error => querySrv ENOTFOUND _mongodb._tcp.testcluster.urrgt.mongodb.net
[2026-08-22 14:10:36] - [ERROR] => Restarting Mongo server
[2026-08-22 14:10:36] - [ERROR] => MongoDB connection error => querySrv ENOTFOUND _mongodb._tcp.testcluster.urrgt.mongodb.net
[2026-08-22 14:10:38] - [ERROR] => Restarting Mongo server
[2026-08-22 14:10:38] - [ERROR] => MongoDB connection error => querySrv ENOTFOUND _mongodb._tcp.testcluster.urrgt.mongodb.net
[2026-08-22 14:10:40] - [ERROR] => Restarting Mongo server
[2026-08-22 14:10:40] - [ERROR] => MongoDB connection error => querySrv ENOTFOUND _mongodb._tcp.testcluster.urrgt.mongodb.net
[2026-08-22 14:10:42] - [ERROR] => Restarting Mongo server
[2026-08-22 14:10:42] - [ERROR] => MongoDB connection error => querySrv ENOTFOUND _mongodb._tcp.testcluster.urrgt.mongodb.net
[2026-08-22 14:10:44] - [ERROR] => Restarting Mongo server
[2026-08-22 14:10:44] - [ERROR] => MongoDB connection error => querySrv ENOTFOUND _mongodb._tcp.testcluster.urrgt.mongodb.net
[2026-08-22 14:10:46] - [ERROR] => Restarting Mongo server
[2026-08-22 14:10:46] - [ERROR] => MongoDB connection error => querySrv ENOTFOUND _mongodb._tcp.testcluster.urrgt.mongodb.net
[2026-08-22 14:10:48] - [ERROR] => Restarting Mongo server
[2026-08-22 14:10:48] - [ERROR] => MongoDB connection error => querySrv ENOTFOUND _mongodb._tcp.testcluster.urrgt.mongodb.net
[2026-08-22 14:10:50] - [ERROR] => Restarting Mongo server
[2026-08-22 14:10:50] - [ERROR] => MongoDB connection error => querySrv ENOTFOUND _mongodb._tcp.testcluster.urrgt.mongodb.net
[2026-08-22 14:10:52] - [ERROR] => Restarting Mongo server
[2026-08-22 14:10:52] - [ERROR] => MongoDB connection error => querySrv ENOTFOUND _mongodb._tcp.testcluster.urrgt.mongodb.net
[2026-08-22 14:10:54] - [ERROR] => Restarting Mongo server
[2026-08-22 14:10:54] - [ERROR] => MongoDB connection error => querySrv ENOTFOUND _mongodb._tcp.testcluster.urrgt.mongodb.net
[2026-08-22 14:10:56] - [ERROR] => Restarting Mongo server
[2026-08-22 14:10:56] - [ERROR] => MongoDB connection error => querySrv ENOTFOUND _mongodb._tcp.testcluster.urrgt.mongodb.net
[2026-08-22 14:10:58] - [ERROR] => Restarting Mongo server
[2026-08-22 14:10:58] - [ERROR] => MongoDB connection error => querySrv ENOTFOUND _mongodb._tcp.testcluster.urrgt.mongodb.net
[2026-08-22 14:11:00] - [ERROR] => Restarting Mongo server
[2026-08-22 14:11:00] - [ERROR] => MongoDB connection error => querySrv ENOTFOUND _mongodb._tcp.testcluster.urrgt.mongodb.net
[2026-08-22 14:11:02] - [ERROR] => Restarting Mongo server
[2026-08-22 14:11:02] - [ERROR] => MongoDB connection error => querySrv ENOTFOUND _mongodb._tcp.testcluster.urrgt.mongodb.net
[2026-08-22 14:11:04] - [ERROR] => Restarting Mongo server
[2026-08-22 14:11:09] - [ERROR] => MongoDB connection error => querySrv ETIMEOUT _mongodb._tcp.testcluster.urrgt.mongodb.net
[2026-08-22 14:11:11] - [ERROR] => Restarting Mongo server
[2026-08-22 14:11:11] - [ERROR] => MongoDB connection error => querySrv ENOTFOUND _mongodb._tcp.testcluster.urrgt.mongodb.net
[2026-08-22 14:11:13] - [ERROR] => Restarting Mongo server
[2026-08-22 14:11:13] - [ERROR] => MongoDB connection error => querySrv ENOTFOUND _mongodb._tcp.testcluster.urrgt.mongodb.net
[2026-08-22 14:11:15] - [ERROR] => Restarting Mongo server
[2026-08-22 14:11:15] - [ERROR] => MongoDB connection error => querySrv ENOTFOUND _mongodb._tcp.testcluster.urrgt.mongodb.net
[2026-08-22 14:11:17] - [ERROR] => Restarting Mongo server
[2026-08-22 14:11:17] - [ERROR] => MongoDB connection error => querySrv ENOTFOUND _mongodb._tcp.testcluster.urrgt.mongodb.net
[2026-08-22 14:11:19] - [ERROR] => Restarting Mongo server
[2026-08-22 14:11:19] - [ERROR] => MongoDB connection error => querySrv ENOTFOUND _mongodb._tcp.testcluster.urrgt.mongodb.net
[2026-08-22 14:11:21] - [ERROR] => Restarting Mongo server
[2026-08-22 14:11:21] - [ERROR] => MongoDB connection error => querySrv ENOTFOUND _mongodb._tcp.testcluster.urrgt.mongodb.net
[2026-08-22 14:11:23] - [ERROR] => Restarting Mongo server
[2026-08-22 14:11:23] - [ERROR] => MongoDB connection error => querySrv ENOTFOUND _mongodb._tcp.testcluster.urrgt.mongodb.net
[2026-08-22 14:11:25] - [ERROR] => Restarting Mongo server
[2026-08-22 14:11:25] - [ERROR] => MongoDB connection error => querySrv ENOTFOUND _mongodb._tcp.testcluster.urrgt.mongodb.net
[2026-08-22 14:11:27] - [ERROR] => Restarting Mongo server
[2026-08-22 14:11:27] - [ERROR] => MongoDB connection error => querySrv ENOTFOUND _mongodb._tcp.testcluster.urrgt.mongodb.net
[2026-08-22 14:11:29] - [ERROR] => Restarting Mongo server
[2026-08-22 14:11:29] - [ERROR] => MongoDB connection error => querySrv ENOTFOUND _mongodb._tcp.testcluster.urrgt.mongodb.net
[2026-08-22 14:11:31] - [ERROR] => Restarting Mongo server
[2026-08-22 14:11:31] - [ERROR] => MongoDB connection error => querySrv ENOTFOUND _mongodb._tcp.testcluster.urrgt.mongodb.net
[2026-08-22 14:11:33] - [ERROR] => Restarting Mongo server
[2026-08-22 14:11:33] - [ERROR] => MongoDB connection error => querySrv ENOTFOUND _mongodb._tcp.testcluster.urrgt.mongodb.net
[2026-08-22 14:11:35] - [ERROR] => Restarting Mongo server
[2026-08-22 14:11:35] - [ERROR] => MongoDB connection error => querySrv ENOTFOUND _mongodb._tcp.testcluster.urrgt.mongodb.net
[2026-08-22 14:11:37] - [ERROR] => Restarting Mongo server
[2026-08-22 14:11:37] - [ERROR] => MongoDB connection error => querySrv ENOTFOUND _mongodb._tcp.testcluster.urrgt.mongodb.net
[2026-08-22 14:11:39] - [ERROR] => Restarting Mongo server
[2026-08-22 14:11:39] - [ERROR] => MongoDB connection error => querySrv ENOTFOUND _mongodb._tcp.testcluster.urrgt.mongodb.net
[2026-08-22 14:11:41] - [ERROR] => Restarting Mongo server
[2026-08-22 14:11:41] - [ERROR] => MongoDB connection error => querySrv ENOTFOUND _mongodb._tcp.testcluster.urrgt.mongodb.net
[2026-08-22 14:11:43] - [ERROR] => Restarting Mongo server
[2026-08-22 14:11:43] - [ERROR] => MongoDB connection error => querySrv ENOTFOUND _mongodb._tcp.testcluster.urrgt.mongodb.net
[2026-08-22 14:11:45] - [ERROR] => Restarting Mongo server
[2026-08-22 14:11:45] - [ERROR] => MongoDB connection error => querySrv ENOTFOUND _mongodb._tcp.testcluster.urrgt.mongodb.net
[2026-08-22 14:11:47] - [ERROR] => Restarting Mongo server
[2026-08-22 14:11:47] - [ERROR] => MongoDB connection error => querySrv ENOTFOUND _mongodb._tcp.testcluster.urrgt.mongodb.net
[2026-08-22 14:11:49] - [ERROR] => Restarting Mongo server
[2026-08-22 14:11:49] - [ERROR] => MongoDB connection error => querySrv ENOTFOUND _mongodb._tcp.testcluster.urrgt.mongodb.net
[2026-08-22 14:11:51] - [ERROR] => Restarting Mongo server
[2026-08-22 14:11:51] - [ERROR] => MongoDB connection error => querySrv ENOTFOUND _mongodb._tcp.testcluster.urrgt.mongodb.net
[2026-08-22 14:11:53] - [ERROR] => Restarting Mongo server
[2026-08-22 14:11:53] - [ERROR] => MongoDB connection error => querySrv ENOTFOUND _mongodb._tcp.testcluster.urrgt.mongodb.net
[2026-08-22 14:11:55] - [ERROR] => Restarting Mongo server
[2026-08-22 14:11:55] - [ERROR] => MongoDB connection error => querySrv ENOTFOUND _mongodb._tcp.testcluster.urrgt.mongodb.net
[2026-08-22 14:11:57] - [ERROR] => Restarting Mongo server
[2026-08-22 14:11:57] - [ERROR] => MongoDB connection error => querySrv ENOTFOUND _mongodb._tcp.testcluster.urrgt.mongodb.net
[2026-08-22 14:11:59] - [ERROR] => Restarting Mongo server
[2026-08-22 14:11:59] - [ERROR] => MongoDB connection error => querySrv ENOTFOUND _mongodb._tcp.testcluster.urrgt.mongodb.net
[2026-08-22 14:12:01] - [ERROR] => Restarting Mongo server
[2026-08-22 14:12:01] - [ERROR] => MongoDB connection error => querySrv ENOTFOUND _mongodb._tcp.testcluster.urrgt.mongodb.net
[2026-08-22 14:12:03] - [ERROR] => Restarting Mongo server
[2026-08-22 14:12:03] - [ERROR] => MongoDB connection error => querySrv ENOTFOUND _mongodb._tcp.testcluster.urrgt.mongodb.net
[2026-08-22 14:12:05] - [ERROR] => Restarting Mongo server
[2026-08-22 14:12:05] - [ERROR] => MongoDB connection error => querySrv ENOTFOUND _mongodb._tcp.testcluster.urrgt.mongodb.net
[2026-08-22 14:12:07] - [ERROR] => Restarting Mongo server
[2026-08-22 14:12:07] - [ERROR] => MongoDB connection error => querySrv ENOTFOUND _mongodb._tcp.testcluster.urrgt.mongodb.net
[2026-08-22 14:12:09] - [ERROR] => Restarting Mongo server
[2026-08-22 14:12:09] - [ERROR] => MongoDB connection error => querySrv ENOTFOUND _mongodb._tcp.testcluster.urrgt.mongodb.net
[2026-08-22 14:12:11] - [ERROR] => Restarting Mongo server
[2026-08-22 14:12:12] - [ERROR] => MongoDB connection error => querySrv ENOTFOUND _mongodb._tcp.testcluster.urrgt.mongodb.net
[2026-08-22 14:12:14] - [ERROR] => Restarting Mongo server
[2026-08-22 14:12:14] - [ERROR] => MongoDB connection error => querySrv ENOTFOUND _mongodb._tcp.testcluster.urrgt.mongodb.net
[2026-08-22 14:12:16] - [ERROR] => Restarting Mongo server
[2026-08-22 14:12:16] - [ERROR] => MongoDB connection error => querySrv ENOTFOUND _mongodb._tcp.testcluster.urrgt.mongodb.net
[2026-08-22 14:12:18] - [ERROR] => Restarting Mongo server
[2026-08-22 14:12:18] - [ERROR] => MongoDB connection error => querySrv ENOTFOUND _mongodb._tcp.testcluster.urrgt.mongodb.net
[2026-08-22 14:12:20] - [ERROR] => Restarting Mongo server
[2026-08-22 14:12:20] - [ERROR] => MongoDB connection error => querySrv ENOTFOUND _mongodb._tcp.testcluster.urrgt.mongodb.net
[2026-08-22 14:12:22] - [ERROR] => Restarting Mongo server
[2026-08-22 14:12:22] - [ERROR] => MongoDB connection error => querySrv ENOTFOUND _mongodb._tcp.testcluster.urrgt.mongodb.net
[2026-08-22 14:12:24] - [ERROR] => Restarting Mongo server
[2026-08-22 14:12:24] - [ERROR] => MongoDB connection error => querySrv ENOTFOUND _mongodb._tcp.testcluster.urrgt.mongodb.net
[2026-08-22 14:12:26] - [ERROR] => Restarting Mongo server
[2026-08-22 14:12:26] - [ERROR] => MongoDB connection error => querySrv ENOTFOUND _mongodb._tcp.testcluster.urrgt.mongodb.net
[2026-08-22 14:12:28] - [ERROR] => Restarting Mongo server
[2026-08-22 14:12:28] - [ERROR] => MongoDB connection error => querySrv ENOTFOUND _mongodb._tcp.testcluster.urrgt.mongodb.net
[2026-08-22 14:12:30] - [ERROR] => Restarting Mongo server
[2026-08-22 14:12:30] - [ERROR] => MongoDB connection error => querySrv ENOTFOUND _mongodb._tcp.testcluster.urrgt.mongodb.net
[2026-08-22 14:12:32] - [ERROR] => Restarting Mongo server
[2026-08-22 14:12:32] - [ERROR] => MongoDB connection error => querySrv ENOTFOUND _mongodb._tcp.testcluster.urrgt.mongodb.net
[2026-08-22 14:12:34] - [ERROR] => Restarting Mongo server
[2026-08-22 14:12:34] - [ERROR] => MongoDB connection error => querySrv ENOTFOUND _mongodb._tcp.testcluster.urrgt.mongodb.net
[2026-08-22 14:12:36] - [ERROR] => Restarting Mongo server
[2026-08-22 14:12:37] - [ERROR] => MongoDB connection error => querySrv ENOTFOUND _mongodb._tcp.testcluster.urrgt.mongodb.net
[2026-08-22 14:12:39] - [ERROR] => Restarting Mongo server
[2026-08-22 14:12:39] - [ERROR] => MongoDB connection error => querySrv ENOTFOUND _mongodb._tcp.testcluster.urrgt.mongodb.net
[2026-08-22 14:12:41] - [ERROR] => Restarting Mongo server
[2026-08-22 14:12:41] - [ERROR] => MongoDB connection error => querySrv ENOTFOUND _mongodb._tcp.testcluster.urrgt.mongodb.net
[2026-08-22 14:12:43] - [ERROR] => Restarting Mongo server
[2026-08-22 14:12:43] - [ERROR] => MongoDB connection error => querySrv ENOTFOUND _mongodb._tcp.testcluster.urrgt.mongodb.net
[2026-08-22 14:12:45] - [ERROR] => Restarting Mongo server
[2026-08-22 14:12:45] - [ERROR] => MongoDB connection error => querySrv ENOTFOUND _mongodb._tcp.testcluster.urrgt.mongodb.net
[2026-08-22 14:12:47] - [ERROR] => Restarting Mongo server
[2026-08-22 14:12:47] - [ERROR] => MongoDB connection error => querySrv ENOTFOUND _mongodb._tcp.testcluster.urrgt.mongodb.net
[2026-08-22 14:12:49] - [ERROR] => Restarting Mongo server
[2026-08-22 14:12:49] - [ERROR] => MongoDB connection error => querySrv ENOTFOUND _mongodb._tcp.testcluster.urrgt.mongodb.net
[2026-08-22 14:12:51] - [ERROR] => Restarting Mongo server
[2026-08-22 14:12:51] - [ERROR] => MongoDB connection error => querySrv ENOTFOUND _mongodb._tcp.testcluster.urrgt.mongodb.net
[2026-08-22 14:12:53] - [ERROR] => Restarting Mongo server
[2026-08-22 14:12:53] - [ERROR] => MongoDB connection error => querySrv ENOTFOUND _mongodb._tcp.testcluster.urrgt.mongodb.net
[2026-08-22 14:12:55] - [ERROR] => Restarting Mongo server
[2026-08-22 14:12:55] - [ERROR] => MongoDB connection error => querySrv ENOTFOUND _mongodb._tcp.testcluster.urrgt.mongodb.net
[2026-08-22 14:12:57] - [ERROR] => Restarting Mongo server
[2026-08-22 14:12:57] - [ERROR] => MongoDB connection error => querySrv ENOTFOUND _mongodb._tcp.testcluster.urrgt.mongodb.net
[2026-08-22 14:12:59] - [ERROR] => Restarting Mongo server
[2026-08-22 14:12:59] - [ERROR] => MongoDB connection error => querySrv ENOTFOUND _mongodb._tcp.testcluster.urrgt.mongodb.net
[2026-08-22 14:13:01] - [ERROR] => Restarting Mongo server
[2026-08-22 14:13:01] - [ERROR] => MongoDB connection error => querySrv ENOTFOUND _mongodb._tcp.testcluster.urrgt.mongodb.net
[2026-08-22 14:13:03] - [ERROR] => Restarting Mongo server
[2026-08-22 14:13:03] - [ERROR] => MongoDB connection error => querySrv ENOTFOUND _mongodb._tcp.testcluster.urrgt.mongodb.net
[2026-08-22 14:13:05] - [ERROR] => Restarting Mongo server
[2026-08-22 14:13:05] - [ERROR] => MongoDB connection error => querySrv ENOTFOUND _mongodb._tcp.testcluster.urrgt.mongodb.net
[2026-08-22 14:13:07] - [ERROR] => Restarting Mongo server
[2026-08-22 14:13:07] - [ERROR] => MongoDB connection error => querySrv ENOTFOUND _mongodb._tcp.testcluster.urrgt.mongodb.net
[2026-08-22 14:13:09] - [ERROR] => Restarting Mongo server
[2026-08-22 14:13:09] - [ERROR] => MongoDB connection error => querySrv ENOTFOUND _mongodb._tcp.testcluster.urrgt.mongodb.net
[2026-08-22 14:13:11] - [ERROR] => Restarting Mongo server
[2026-08-22 14:13:11] - [ERROR] => MongoDB connection error => querySrv ENOTFOUND _mongodb._tcp.testcluster.urrgt.mongodb.net
[2026-08-22 14:13:13] - [ERROR] => Restarting Mongo server
[2026-08-22 14:13:14] - [ERROR] => MongoDB connection error => querySrv ENOTFOUND _mongodb._tcp.testcluster.urrgt.mongodb.net
[2026-08-22 14:13:16] - [ERROR] => Restarting Mongo server
[2026-08-22 14:13:16] - [ERROR] => MongoDB connection error => querySrv ENOTFOUND _mongodb._tcp.testcluster.urrgt.mongodb.net
[2026-08-22 14:13:18] - [ERROR] => Restarting Mongo server
[2026-08-22 14:13:18] - [ERROR] => MongoDB connection error => querySrv ENOTFOUND _mongodb._tcp.testcluster.urrgt.mongodb.net
[2026-08-22 14:13:20] - [ERROR] => Restarting Mongo server
[2026-08-22 14:13:20] - [ERROR] => MongoDB connection error => querySrv ENOTFOUND _mongodb._tcp.testcluster.urrgt.mongodb.net
[2026-08-22 14:13:22] - [ERROR] => Restarting Mongo server
[2026-08-22 14:13:22] - [ERROR] => MongoDB connection error => querySrv ENOTFOUND _mongodb._tcp.testcluster.urrgt.mongodb.net
[2026-08-22 14:13:24] - [ERROR] => Restarting Mongo server
[2026-08-22 14:13:24] - [ERROR] => MongoDB connection error => querySrv ENOTFOUND _mongodb._tcp.testcluster.urrgt.mongodb.net
[2026-08-22 14:13:26] - [ERROR] => Restarting Mongo server
[2026-08-22 14:13:26] - [ERROR] => MongoDB connection error => querySrv ENOTFOUND _mongodb._tcp.testcluster.urrgt.mongodb.net
[2026-08-22 14:13:28] - [ERROR] => Restarting Mongo server
[2026-08-22 14:13:28] - [ERROR] => MongoDB connection error => querySrv ENOTFOUND _mongodb._tcp.testcluster.urrgt.mongodb.net
[2026-08-22 14:13:30] - [ERROR] => Restarting Mongo server
[2026-08-22 14:13:30] - [ERROR] => MongoDB connection error => querySrv ENOTFOUND _mongodb._tcp.testcluster.urrgt.mongodb.net
[2026-08-22 14:13:32] - [ERROR] => Restarting Mongo server
[2026-08-22 14:13:32] - [ERROR] => MongoDB connection error => querySrv ENOTFOUND _mongodb._tcp.testcluster.urrgt.mongodb.net
[2026-08-22 14:13:34] - [ERROR] => Restarting Mongo server
[2026-08-22 14:13:34] - [ERROR] => MongoDB connection error => querySrv ENOTFOUND _mongodb._tcp.testcluster.urrgt.mongodb.net
[2026-08-22 14:13:36] - [ERROR] => Restarting Mongo server
[2026-08-22 14:13:36] - [ERROR] => MongoDB connection error => querySrv ENOTFOUND _mongodb._tcp.testcluster.urrgt.mongodb.net
[2026-08-22 14:13:38] - [ERROR] => Restarting Mongo server
[2026-08-22 14:13:38] - [ERROR] => MongoDB connection error => querySrv ENOTFOUND _mongodb._tcp.testcluster.urrgt.mongodb.net
[2026-08-22 14:13:40] - [ERROR] => Restarting Mongo server
[2026-08-22 14:13:40] - [ERROR] => MongoDB connection error => querySrv ENOTFOUND _mongodb._tcp.testcluster.urrgt.mongodb.net
[2026-08-22 14:13:42] - [ERROR] => Restarting Mongo server
[2026-08-22 14:13:42] - [ERROR] => MongoDB connection error => querySrv ENOTFOUND _mongodb._tcp.testcluster.urrgt.mongodb.net
[2026-08-22 14:13:44] - [ERROR] => Restarting Mongo server
[2026-08-22 14:13:44] - [ERROR] => MongoDB connection error => querySrv ENOTFOUND _mongodb._tcp.testcluster.urrgt.mongodb.net
[2026-08-22 14:13:46] - [ERROR] => Restarting Mongo server
[2026-08-22 14:13:46] - [ERROR] => MongoDB connection error => querySrv ENOTFOUND _mongodb._tcp.testcluster.urrgt.mongodb.net
[2026-08-22 14:13:48] - [ERROR] => Restarting Mongo server
[2026-08-22 14:13:48] - [ERROR] => MongoDB connection error => querySrv ENOTFOUND _mongodb._tcp.testcluster.urrgt.mongodb.net
[2026-08-22 14:13:50] - [ERROR] => Restarting Mongo server
[2026-08-22 14:13:50] - [ERROR] => MongoDB connection error => querySrv ENOTFOUND _mongodb._tcp.testcluster.urrgt.mongodb.net
[2026-08-22 14:13:52] - [ERROR] => Restarting Mongo server
[2026-08-22 14:13:52] - [ERROR] => MongoDB connection error => querySrv ENOTFOUND _mongodb._tcp.testcluster.urrgt.mongodb.net
[2026-08-22 14:13:54] - [ERROR] => Restarting Mongo server
[2026-08-22 14:13:54] - [ERROR] => MongoDB connection error => querySrv ENOTFOUND _mongodb._tcp.testcluster.urrgt.mongodb.net
[2026-08-22 14:13:56] - [ERROR] => Restarting Mongo server
[2026-08-22 14:13:56] - [ERROR] => MongoDB connection error => querySrv ENOTFOUND _mongodb._tcp.testcluster.urrgt.mongodb.net
[2026-08-22 14:13:58] - [ERROR] => Restarting Mongo server
[2026-08-22 14:13:58] - [ERROR] => MongoDB connection error => querySrv ENOTFOUND _mongodb._tcp.testcluster.urrgt.mongodb.net
[2026-08-22 14:14:00] - [ERROR] => Restarting Mongo server
[2026-08-22 14:14:00] - [ERROR] => MongoDB connection error => querySrv ENOTFOUND _mongodb._tcp.testcluster.urrgt.mongodb.net
[2026-08-22 14:14:02] - [ERROR] => Restarting Mongo server
[2026-08-22 14:14:02] - [ERROR] => MongoDB connection error => querySrv ENOTFOUND _mongodb._tcp.testcluster.urrgt.mongodb.net
[2026-08-22 14:14:04] - [ERROR] => Restarting Mongo server
[2026-08-22 14:14:04] - [ERROR] => MongoDB connection error => querySrv ENOTFOUND _mongodb._tcp.testcluster.urrgt.mongodb.net
[2026-08-22 14:14:06] - [ERROR] => Restarting Mongo server
[2026-08-22 14:14:06] - [ERROR] => MongoDB connection error => querySrv ENOTFOUND _mongodb._tcp.testcluster.urrgt.mongodb.net
[2026-08-22 14:14:08] - [ERROR] => Restarting Mongo server
[2026-08-22 14:14:08] - [ERROR] => MongoDB connection error => querySrv ENOTFOUND _mongodb._tcp.testcluster.urrgt.mongodb.net
[2026-08-22 14:14:10] - [ERROR] => Restarting Mongo server
[2026-08-22 14:14:10] - [ERROR] => MongoDB connection error => querySrv ENOTFOUND _mongodb._tcp.testcluster.urrgt.mongodb.net
[2026-08-22 14:14:13] - [ERROR] => Restarting Mongo server
[2026-08-22 14:14:13] - [ERROR] => MongoDB connection error => querySrv ENOTFOUND _mongodb._tcp.testcluster.urrgt.mongodb.net
[2026-08-22 14:14:15] - [ERROR] => Restarting Mongo server
[2026-08-22 14:14:16] - [ERROR] => MongoDB connection error => querySrv ENOTFOUND _mongodb._tcp.testcluster.urrgt.mongodb.net
[2026-08-22 14:14:18] - [ERROR] => Restarting Mongo server
[2026-08-22 14:14:18] - [ERROR] => MongoDB connection error => querySrv ENOTFOUND _mongodb._tcp.testcluster.urrgt.mongodb.net
[2026-08-22 14:14:20] - [ERROR] => Restarting Mongo server
[2026-08-22 14:14:20] - [ERROR] => MongoDB connection error => querySrv ENOTFOUND _mongodb._tcp.testcluster.urrgt.mongodb.net
[2026-08-22 14:14:22] - [ERROR] => Restarting Mongo server
[2026-08-22 14:14:22] - [ERROR] => MongoDB connection error => querySrv ENOTFOUND _mongodb._tcp.testcluster.urrgt.mongodb.net
[2026-08-22 14:14:24] - [ERROR] => Restarting Mongo server
[2026-08-22 14:14:24] - [ERROR] => MongoDB connection error => querySrv ENOTFOUND _mongodb._tcp.testcluster.urrgt.mongodb.net
[2026-08-22 14:14:26] - [ERROR] => Restarting Mongo server
[2026-08-22 14:14:26] - [ERROR] => MongoDB connection error => querySrv ENOTFOUND _mongodb._tcp.testcluster.urrgt.mongodb.net
[2026-08-22 14:14:28] - [ERROR] => Restarting Mongo server
[2026-08-22 14:14:28] - [ERROR] => MongoDB connection error => querySrv ENOTFOUND _mongodb._tcp.testcluster.urrgt.mongodb.net
[2026-08-22 14:14:30] - [ERROR] => Restarting Mongo server
[2026-08-22 14:14:30] - [ERROR] => MongoDB connection error => querySrv ENOTFOUND _mongodb._tcp.testcluster.urrgt.mongodb.net
[2026-08-22 14:14:32] - [ERROR] => Restarting Mongo server
[2026-08-22 14:14:32] - [ERROR] => MongoDB connection error => querySrv ENOTFOUND _mongodb._tcp.testcluster.urrgt.mongodb.net
[2026-08-22 14:14:34] - [ERROR] => Restarting Mongo server
[2026-08-22 14:14:34] - [ERROR] => MongoDB connection error => querySrv ENOTFOUND _mongodb._tcp.testcluster.urrgt.mongodb.net
[2026-08-22 14:14:36] - [ERROR] => Restarting Mongo server
[2026-08-22 14:14:36] - [ERROR] => MongoDB connection error => querySrv ENOTFOUND _mongodb._tcp.testcluster.urrgt.mongodb.net
[2026-08-22 14:14:38] - [ERROR] => Restarting Mongo server
[2026-08-22 14:14:38] - [ERROR] => MongoDB connection error => querySrv ENOTFOUND _mongodb._tcp.testcluster.urrgt.mongodb.net
[2026-08-22 14:14:40] - [ERROR] => Restarting Mongo server
[2026-08-22 14:14:40] - [ERROR] => MongoDB connection error => querySrv ENOTFOUND _mongodb._tcp.testcluster.urrgt.mongodb.net
[2026-08-22 14:14:42] - [ERROR] => Restarting Mongo server
[2026-08-22 14:14:42] - [ERROR] => MongoDB connection error => querySrv ENOTFOUND _mongodb._tcp.testcluster.urrgt.mongodb.net
[2026-08-22 14:14:44] - [ERROR] => Restarting Mongo server
[2026-08-22 14:14:44] - [ERROR] => MongoDB connection error => querySrv ENOTFOUND _mongodb._tcp.testcluster.urrgt.mongodb.net
[2026-08-22 14:14:46] - [ERROR] => Restarting Mongo server
[2026-08-22 14:14:46] - [ERROR] => MongoDB connection error => querySrv ENOTFOUND _mongodb._tcp.testcluster.urrgt.mongodb.net
[2026-08-22 14:14:48] - [ERROR] => Restarting Mongo server
[2026-08-22 14:14:48] - [ERROR] => MongoDB connection error => querySrv ENOTFOUND _mongodb._tcp.testcluster.urrgt.mongodb.net
[2026-08-22 14:14:50] - [ERROR] => Restarting Mongo server
[2026-08-22 14:14:50] - [ERROR] => MongoDB connection error => querySrv ENOTFOUND _mongodb._tcp.testcluster.urrgt.mongodb.net
[2026-08-22 14:14:52] - [ERROR] => Restarting Mongo server
[2026-08-22 14:14:52] - [ERROR] => MongoDB connection error => querySrv ENOTFOUND _mongodb._tcp.testcluster.urrgt.mongodb.net
[2026-08-22 14:14:54] - [ERROR] => Restarting Mongo server
[2026-08-22 14:14:54] - [ERROR] => MongoDB connection error => querySrv ENOTFOUND _mongodb._tcp.testcluster.urrgt.mongodb.net
[2026-08-22 14:14:56] - [ERROR] => Restarting Mongo server
[2026-08-22 14:14:56] - [ERROR] => MongoDB connection error => querySrv ENOTFOUND _mongodb._tcp.testcluster.urrgt.mongodb.net
[2026-08-22 14:14:58] - [ERROR] => Restarting Mongo server
[2026-08-22 14:14:58] - [ERROR] => MongoDB connection error => querySrv ENOTFOUND _mongodb._tcp.testcluster.urrgt.mongodb.net
[2026-08-22 14:15:00] - [ERROR] => Restarting Mongo server
[2026-08-22 14:15:00] - [ERROR] => MongoDB connection error => querySrv ENOTFOUND _mongodb._tcp.testcluster.urrgt.mongodb.net
[2026-08-22 14:15:02] - [ERROR] => Restarting Mongo server
[2026-08-22 14:15:02] - [ERROR] => MongoDB connection error => querySrv ENOTFOUND _mongodb._tcp.testcluster.urrgt.mongodb.net
[2026-08-22 14:15:04] - [ERROR] => Restarting Mongo server
[2026-08-22 14:15:04] - [ERROR] => MongoDB connection error => querySrv ENOTFOUND _mongodb._tcp.testcluster.urrgt.mongodb.net
[2026-08-22 14:15:06] - [ERROR] => Restarting Mongo server
[2026-08-22 14:15:06] - [ERROR] => MongoDB connection error => querySrv ENOTFOUND _mongodb._tcp.testcluster.urrgt.mongodb.net
[2026-08-22 14:15:08] - [ERROR] => Restarting Mongo server
[2026-08-22 14:15:08] - [ERROR] => MongoDB connection error => querySrv ENOTFOUND _mongodb._tcp.testcluster.urrgt.mongodb.net
[2026-08-22 14:15:10] - [ERROR] => Restarting Mongo server
[2026-08-22 14:15:10] - [ERROR] => MongoDB connection error => querySrv ENOTFOUND _mongodb._tcp.testcluster.urrgt.mongodb.net
[2026-08-22 14:15:12] - [ERROR] => Restarting Mongo server
[2026-08-22 14:15:12] - [ERROR] => MongoDB connection error => querySrv ENOTFOUND _mongodb._tcp.testcluster.urrgt.mongodb.net
[2026-08-22 14:15:14] - [ERROR] => Restarting Mongo server
[2026-08-22 14:15:14] - [ERROR] => MongoDB connection error => querySrv ENOTFOUND _mongodb._tcp.testcluster.urrgt.mongodb.net
[2026-08-22 14:15:16] - [ERROR] => Restarting Mongo server
[2026-08-22 14:15:17] - [ERROR] => MongoDB connection error => querySrv ENOTFOUND _mongodb._tcp.testcluster.urrgt.mongodb.net
[2026-08-22 14:15:19] - [ERROR] => Restarting Mongo server
[2026-08-22 14:15:19] - [ERROR] => MongoDB connection error => querySrv ENOTFOUND _mongodb._tcp.testcluster.urrgt.mongodb.net
[2026-08-22 14:15:21] - [ERROR] => Restarting Mongo server
[2026-08-22 14:15:21] - [ERROR] => MongoDB connection error => querySrv ENOTFOUND _mongodb._tcp.testcluster.urrgt.mongodb.net
[2026-08-22 14:15:23] - [ERROR] => Restarting Mongo server
[2026-08-22 14:15:23] - [ERROR] => MongoDB connection error => querySrv ENOTFOUND _mongodb._tcp.testcluster.urrgt.mongodb.net
[2026-08-22 14:15:25] - [ERROR] => Restarting Mongo server
[2026-08-22 14:15:25] - [ERROR] => MongoDB connection error => querySrv ENOTFOUND _mongodb._tcp.testcluster.urrgt.mongodb.net
[2026-08-22 14:15:27] - [ERROR] => Restarting Mongo server
[2026-08-22 14:15:27] - [ERROR] => MongoDB connection error => querySrv ENOTFOUND _mongodb._tcp.testcluster.urrgt.mongodb.net
[2026-08-22 14:15:29] - [ERROR] => Restarting Mongo server
[2026-08-22 14:15:29] - [ERROR] => MongoDB connection error => querySrv ENOTFOUND _mongodb._tcp.testcluster.urrgt.mongodb.net
[2026-08-22 14:15:31] - [ERROR] => Restarting Mongo server
[2026-08-22 14:15:31] - [ERROR] => MongoDB connection error => querySrv ENOTFOUND _mongodb._tcp.testcluster.urrgt.mongodb.net
[2026-08-22 14:15:33] - [ERROR] => Restarting Mongo server
[2026-08-22 14:15:34] - [ERROR] => MongoDB connection error => querySrv ENOTFOUND _mongodb._tcp.testcluster.urrgt.mongodb.net
[2026-08-22 14:15:36] - [ERROR] => Restarting Mongo server
[2026-08-22 14:15:36] - [ERROR] => MongoDB connection error => querySrv ENOTFOUND _mongodb._tcp.testcluster.urrgt.mongodb.net
[2026-08-22 14:15:38] - [ERROR] => Restarting Mongo server
[2026-08-22 14:15:38] - [ERROR] => MongoDB connection error => querySrv ENOTFOUND _mongodb._tcp.testcluster.urrgt.mongodb.net
[2026-08-22 14:15:40] - [ERROR] => Restarting Mongo server
[2026-08-22 14:15:40] - [ERROR] => MongoDB connection error => querySrv ENOTFOUND _mongodb._tcp.testcluster.urrgt.mongodb.net
[2026-08-22 14:15:42] - [ERROR] => Restarting Mongo server
[2026-08-22 14:15:42] - [ERROR] => MongoDB connection error => querySrv ENOTFOUND _mongodb._tcp.testcluster.urrgt.mongodb.net
[2026-08-22 14:15:44] - [ERROR] => Restarting Mongo server
[2026-08-22 14:15:44] - [ERROR] => MongoDB connection error => querySrv ENOTFOUND _mongodb._tcp.testcluster.urrgt.mongodb.net
[2026-08-22 14:15:46] - [ERROR] => Restarting Mongo server
[2026-08-22 14:15:46] - [ERROR] => MongoDB connection error => querySrv ENOTFOUND _mongodb._tcp.testcluster.urrgt.mongodb.net
[2026-08-22 14:15:48] - [ERROR] => Restarting Mongo server
[2026-08-22 14:15:48] - [ERROR] => MongoDB connection error => querySrv ENOTFOUND _mongodb._tcp.testcluster.urrgt.mongodb.net
[2026-08-22 14:15:50] - [ERROR] => Restarting Mongo server
[2026-08-22 14:15:50] - [ERROR] => MongoDB connection error => querySrv ENOTFOUND _mongodb._tcp.testcluster.urrgt.mongodb.net
[2026-08-22 14:15:52] - [ERROR] => Restarting Mongo server
[2026-08-22 14:15:52] - [ERROR] => MongoDB connection error => querySrv ENOTFOUND _mongodb._tcp.testcluster.urrgt.mongodb.net
[2026-08-22 14:15:54] - [ERROR] => Restarting Mongo server
[2026-08-22 14:15:54] - [ERROR] => MongoDB connection error => querySrv ENOTFOUND _mongodb._tcp.testcluster.urrgt.mongodb.net
[2026-08-22 14:15:56] - [ERROR] => Restarting Mongo server
[2026-08-22 14:15:56] - [ERROR] => MongoDB connection error => querySrv ENOTFOUND _mongodb._tcp.testcluster.urrgt.mongodb.net
[2026-08-22 14:15:58] - [ERROR] => Restarting Mongo server
[2026-08-22 14:15:58] - [ERROR] => MongoDB connection error => querySrv ENOTFOUND _mongodb._tcp.testcluster.urrgt.mongodb.net
[2026-08-22 14:16:00] - [ERROR] => Restarting Mongo server
[2026-08-22 14:16:00] - [ERROR] => MongoDB connection error => querySrv ENOTFOUND _mongodb._tcp.testcluster.urrgt.mongodb.net
[2026-08-22 14:16:02] - [ERROR] => Restarting Mongo server
[2026-08-22 14:16:02] - [ERROR] => MongoDB connection error => querySrv ENOTFOUND _mongodb._tcp.testcluster.urrgt.mongodb.net
[2026-08-22 14:16:04] - [ERROR] => Restarting Mongo server
[2026-08-22 14:16:04] - [ERROR] => MongoDB connection error => querySrv ENOTFOUND _mongodb._tcp.testcluster.urrgt.mongodb.net
[2026-08-22 14:16:06] - [ERROR] => Restarting Mongo server
[2026-08-22 14:16:06] - [ERROR] => MongoDB connection error => querySrv ENOTFOUND _mongodb._tcp.testcluster.urrgt.mongodb.net
[2026-08-22 14:16:08] - [ERROR] => Restarting Mongo server
[2026-08-22 14:16:08] - [ERROR] => MongoDB connection error => querySrv ENOTFOUND _mongodb._tcp.testcluster.urrgt.mongodb.net
[2026-08-22 14:16:10] - [ERROR] => Restarting Mongo server
[2026-08-22 14:16:10] - [ERROR] => MongoDB connection error => querySrv ENOTFOUND _mongodb._tcp.testcluster.urrgt.mongodb.net
[2026-08-22 14:16:12] - [ERROR] => Restarting Mongo server
[2026-08-22 14:16:12] - [ERROR] => MongoDB connection error => querySrv ENOTFOUND _mongodb._tcp.testcluster.urrgt.mongodb.net
[2026-08-22 14:16:14] - [ERROR] => Restarting Mongo server
[2026-08-22 14:16:14] - [ERROR] => MongoDB connection error => querySrv ENOTFOUND _mongodb._tcp.testcluster.urrgt.mongodb.net
[2026-08-22 14:16:16] - [ERROR] => Restarting Mongo server
[2026-08-22 14:16:16] - [ERROR] => MongoDB connection error => querySrv ENOTFOUND _mongodb._tcp.testcluster.urrgt.mongodb.net
[2026-08-22 14:16:18] - [ERROR] => Restarting Mongo server
[2026-08-22 14:16:19] - [ERROR] => MongoDB connection error => querySrv ENOTFOUND _mongodb._tcp.testcluster.urrgt.mongodb.net
[2026-08-22 14:16:21] - [ERROR] => Restarting Mongo server
[2026-08-22 14:16:21] - [ERROR] => MongoDB connection error => querySrv ENOTFOUND _mongodb._tcp.testcluster.urrgt.mongodb.net
[2026-08-22 14:16:23] - [ERROR] => Restarting Mongo server
[2026-08-22 14:16:23] - [ERROR] => MongoDB connection error => querySrv ENOTFOUND _mongodb._tcp.testcluster.urrgt.mongodb.net
[2026-08-22 14:16:25] - [ERROR] => Restarting Mongo server
[2026-08-22 14:16:25] - [ERROR] => MongoDB connection error => querySrv ENOTFOUND _mongodb._tcp.testcluster.urrgt.mongodb.net
[2026-08-22 14:16:27] - [ERROR] => Restarting Mongo server
[2026-08-22 14:16:27] - [ERROR] => MongoDB connection error => querySrv ENOTFOUND _mongodb._tcp.testcluster.urrgt.mongodb.net
[2026-08-22 14:16:29] - [ERROR] => Restarting Mongo server
[2026-08-22 14:16:29] - [ERROR] => MongoDB connection error => querySrv ENOTFOUND _mongodb._tcp.testcluster.urrgt.mongodb.net
[2026-08-22 14:16:31] - [ERROR] => Restarting Mongo server
[2026-08-22 14:16:31] - [ERROR] => MongoDB connection error => querySrv ENOTFOUND _mongodb._tcp.testcluster.urrgt.mongodb.net
[2026-08-22 14:16:33] - [ERROR] => Restarting Mongo server
[2026-08-22 14:16:33] - [ERROR] => MongoDB connection error => querySrv ENOTFOUND _mongodb._tcp.testcluster.urrgt.mongodb.net
[2026-08-22 14:16:35] - [ERROR] => Restarting Mongo server
[2026-08-22 14:16:35] - [ERROR] => MongoDB connection error => querySrv ENOTFOUND _mongodb._tcp.testcluster.urrgt.mongodb.net
[2026-08-22 14:16:37] - [ERROR] => Restarting Mongo server
[2026-08-22 14:16:38] - [ERROR] => MongoDB connection error => querySrv ENOTFOUND _mongodb._tcp.testcluster.urrgt.mongodb.net
[2026-08-22 14:16:40] - [ERROR] => Restarting Mongo server
[2026-08-22 14:16:40] - [ERROR] => MongoDB connection error => querySrv ENOTFOUND _mongodb._tcp.testcluster.urrgt.mongodb.net
[2026-08-22 14:16:42] - [ERROR] => Restarting Mongo server
[2026-08-22 14:16:42] - [ERROR] => MongoDB connection error => querySrv ENOTFOUND _mongodb._tcp.testcluster.urrgt.mongodb.net
[2026-08-22 14:16:44] - [ERROR] => Restarting Mongo server
[2026-08-22 14:16:44] - [ERROR] => MongoDB connection error => querySrv ENOTFOUND _mongodb._tcp.testcluster.urrgt.mongodb.net
[2026-08-22 14:16:46] - [ERROR] => Restarting Mongo server
[2026-08-22 14:16:46] - [ERROR] => MongoDB connection error => querySrv ENOTFOUND _mongodb._tcp.testcluster.urrgt.mongodb.net
[2026-08-22 14:16:48] - [ERROR] => Restarting Mongo server
[2026-08-22 14:16:48] - [ERROR] => MongoDB connection error => querySrv ENOTFOUND _mongodb._tcp.testcluster.urrgt.mongodb.net
[2026-08-22 14:16:50] - [ERROR] => Restarting Mongo server
[2026-08-22 14:16:50] - [ERROR] => MongoDB connection error => querySrv ENOTFOUND _mongodb._tcp.testcluster.urrgt.mongodb.net
[2026-08-22 14:16:52] - [ERROR] => Restarting Mongo server
[2026-08-22 14:16:52] - [ERROR] => MongoDB connection error => querySrv ENOTFOUND _mongodb._tcp.testcluster.urrgt.mongodb.net
[2026-08-22 14:16:54] - [ERROR] => Restarting Mongo server
[2026-08-22 14:16:54] - [ERROR] => MongoDB connection error => querySrv ENOTFOUND _mongodb._tcp.testcluster.urrgt.mongodb.net
[2026-08-22 14:16:56] - [ERROR] => Restarting Mongo server
[2026-08-22 14:16:56] - [ERROR] => MongoDB connection error => querySrv ENOTFOUND _mongodb._tcp.testcluster.urrgt.mongodb.net
[2026-08-22 14:16:58] - [ERROR] => Restarting Mongo server
[2026-08-22 14:16:58] - [ERROR] => MongoDB connection error => querySrv ENOTFOUND _mongodb._tcp.testcluster.urrgt.mongodb.net
[2026-08-22 14:17:00] - [ERROR] => Restarting Mongo server
[2026-08-22 14:17:00] - [ERROR] => MongoDB connection error => querySrv ENOTFOUND _mongodb._tcp.testcluster.urrgt.mongodb.net
[2026-08-22 14:17:02] - [ERROR] => Restarting Mongo server
[2026-08-22 14:17:02] - [ERROR] => MongoDB connection error => querySrv ENOTFOUND _mongodb._tcp.testcluster.urrgt.mongodb.net
[2026-08-22 14:17:04] - [ERROR] => Restarting Mongo server
[2026-08-22 14:17:04] - [ERROR] => MongoDB connection error => querySrv ENOTFOUND _mongodb._tcp.testcluster.urrgt.mongodb.net
[2026-08-22 14:17:06] - [ERROR] => Restarting Mongo server
[2026-08-22 14:17:06] - [ERROR] => MongoDB connection error => querySrv ENOTFOUND _mongodb._tcp.testcluster.urrgt.mongodb.net
[2026-08-22 14:17:08] - [ERROR] => Restarting Mongo server
[2026-08-22 14:17:08] - [ERROR] => MongoDB connection error => querySrv ENOTFOUND _mongodb._tcp.testcluster.urrgt.mongodb.net
[2026-08-22 14:17:10] - [ERROR] => Restarting Mongo server
[2026-08-22 14:17:10] - [ERROR] => MongoDB connection error => querySrv ENOTFOUND _mongodb._tcp.testcluster.urrgt.mongodb.net
[2026-08-22 14:17:12] - [ERROR] => Restarting Mongo server
[2026-08-22 14:17:12] - [ERROR] => MongoDB connection error => querySrv ENOTFOUND _mongodb._tcp.testcluster.urrgt.mongodb.net
[2026-08-22 14:17:14] - [ERROR] => Restarting Mongo server
[2026-08-22 14:17:14] - [ERROR] => MongoDB connection error => querySrv ENOTFOUND _mongodb._tcp.testcluster.urrgt.mongodb.net
[2026-08-22 14:17:16] - [ERROR] => Restarting Mongo server
[2026-08-22 14:17:16] - [ERROR] => MongoDB connection error => querySrv ENOTFOUND _mongodb._tcp.testcluster.urrgt.mongodb.net
[2026-08-22 14:17:18] - [ERROR] => Restarting Mongo server
[2026-08-22 14:17:18] - [ERROR] => MongoDB connection error => querySrv ENOTFOUND _mongodb._tcp.testcluster.urrgt.mongodb.net
[2026-08-22 14:17:20] - [ERROR] => Restarting Mongo server
[2026-08-22 14:17:21] - [ERROR] => MongoDB connection error => querySrv ENOTFOUND _mongodb._tcp.testcluster.urrgt.mongodb.net
[2026-08-22 14:17:23] - [ERROR] => Restarting Mongo server
[2026-08-22 14:17:23] - [ERROR] => MongoDB connection error => querySrv ENOTFOUND _mongodb._tcp.testcluster.urrgt.mongodb.net
[2026-08-22 14:17:25] - [ERROR] => Restarting Mongo server
[2026-08-22 14:17:25] - [ERROR] => MongoDB connection error => querySrv ENOTFOUND _mongodb._tcp.testcluster.urrgt.mongodb.net
[2026-08-22 14:17:27] - [ERROR] => Restarting Mongo server
[2026-08-22 14:17:27] - [ERROR] => MongoDB connection error => querySrv ENOTFOUND _mongodb._tcp.testcluster.urrgt.mongodb.net
[2026-08-22 14:17:29] - [ERROR] => Restarting Mongo server
[2026-08-22 14:17:29] - [ERROR] => MongoDB connection error => querySrv ENOTFOUND _mongodb._tcp.testcluster.urrgt.mongodb.net
[2026-08-22 14:17:31] - [ERROR] => Restarting Mongo server
[2026-08-22 14:17:31] - [ERROR] => MongoDB connection error => querySrv ENOTFOUND _mongodb._tcp.testcluster.urrgt.mongodb.net
[2026-08-22 14:17:33] - [ERROR] => Restarting Mongo server
[2026-08-22 14:17:33] - [ERROR] => MongoDB connection error => querySrv ENOTFOUND _mongodb._tcp.testcluster.urrgt.mongodb.net
[2026-08-22 14:17:35] - [ERROR] => Restarting Mongo server
[2026-08-22 14:17:35] - [ERROR] => MongoDB connection error => querySrv ENOTFOUND _mongodb._tcp.testcluster.urrgt.mongodb.net
[2026-08-22 14:17:37] - [ERROR] => Restarting Mongo server
[2026-08-22 14:17:37] - [ERROR] => MongoDB connection error => querySrv ENOTFOUND _mongodb._tcp.testcluster.urrgt.mongodb.net
[2026-08-22 14:17:39] - [ERROR] => Restarting Mongo server
[2026-08-22 14:17:39] - [ERROR] => MongoDB connection error => querySrv ENOTFOUND _mongodb._tcp.testcluster.urrgt.mongodb.net
[2026-08-22 14:17:41] - [ERROR] => Restarting Mongo server
[2026-08-22 14:17:41] - [ERROR] => MongoDB connection error => querySrv ENOTFOUND _mongodb._tcp.testcluster.urrgt.mongodb.net
[2026-08-22 14:17:43] - [ERROR] => Restarting Mongo server
[2026-08-22 14:17:43] - [ERROR] => MongoDB connection error => querySrv ENOTFOUND _mongodb._tcp.testcluster.urrgt.mongodb.net
[2026-08-22 14:17:45] - [ERROR] => Restarting Mongo server
[2026-08-22 14:17:45] - [ERROR] => MongoDB connection error => querySrv ENOTFOUND _mongodb._tcp.testcluster.urrgt.mongodb.net
[2026-08-22 14:17:47] - [ERROR] => Restarting Mongo server
[2026-08-22 14:17:47] - [ERROR] => MongoDB connection error => querySrv ENOTFOUND _mongodb._tcp.testcluster.urrgt.mongodb.net
[2026-08-22 14:17:49] - [ERROR] => Restarting Mongo server
[2026-08-22 14:17:49] - [ERROR] => MongoDB connection error => querySrv ENOTFOUND _mongodb._tcp.testcluster.urrgt.mongodb.net
[2026-08-22 14:17:51] - [ERROR] => Restarting Mongo server
[2026-08-22 14:17:51] - [ERROR] => MongoDB connection error => querySrv ENOTFOUND _mongodb._tcp.testcluster.urrgt.mongodb.net
[2026-08-22 14:17:53] - [ERROR] => Restarting Mongo server
[2026-08-22 14:17:53] - [ERROR] => MongoDB connection error => querySrv ENOTFOUND _mongodb._tcp.testcluster.urrgt.mongodb.net
[2026-08-22 14:17:55] - [ERROR] => Restarting Mongo server
[2026-08-22 14:17:55] - [ERROR] => MongoDB connection error => querySrv ENOTFOUND _mongodb._tcp.testcluster.urrgt.mongodb.net
[2026-08-22 14:17:57] - [ERROR] => Restarting Mongo server
[2026-08-22 14:17:57] - [ERROR] => MongoDB connection error => querySrv ENOTFOUND _mongodb._tcp.testcluster.urrgt.mongodb.net
[2026-08-22 14:17:59] - [ERROR] => Restarting Mongo server
[2026-08-22 14:17:59] - [ERROR] => MongoDB connection error => querySrv ENOTFOUND _mongodb._tcp.testcluster.urrgt.mongodb.net
[2026-08-22 14:18:01] - [ERROR] => Restarting Mongo server
[2026-08-22 14:18:01] - [ERROR] => MongoDB connection error => querySrv ENOTFOUND _mongodb._tcp.testcluster.urrgt.mongodb.net
[2026-08-22 14:18:03] - [ERROR] => Restarting Mongo server
[2026-08-22 14:18:03] - [ERROR] => MongoDB connection error => querySrv ENOTFOUND _mongodb._tcp.testcluster.urrgt.mongodb.net
[2026-08-22 14:18:05] - [ERROR] => Restarting Mongo server
[2026-08-22 14:18:05] - [ERROR] => MongoDB connection error => querySrv ENOTFOUND _mongodb._tcp.testcluster.urrgt.mongodb.net
[2026-08-22 14:18:07] - [ERROR] => Restarting Mongo server
[2026-08-22 14:18:07] - [ERROR] => MongoDB connection error => querySrv ENOTFOUND _mongodb._tcp.testcluster.urrgt.mongodb.net
[2026-08-22 14:18:10] - [ERROR] => Restarting Mongo server
[2026-08-22 14:18:10] - [ERROR] => MongoDB connection error => querySrv ENOTFOUND _mongodb._tcp.testcluster.urrgt.mongodb.net
[2026-08-22 14:18:12] - [ERROR] => Restarting Mongo server
[2026-08-22 14:18:12] - [ERROR] => MongoDB connection error => querySrv ENOTFOUND _mongodb._tcp.testcluster.urrgt.mongodb.net
[2026-08-22 14:18:14] - [ERROR] => Restarting Mongo server
[2026-08-22 14:18:14] - [ERROR] => MongoDB connection error => querySrv ENOTFOUND _mongodb._tcp.testcluster.urrgt.mongodb.net
[2026-08-22 14:18:16] - [ERROR] => Restarting Mongo server
[2026-08-22 14:18:16] - [ERROR] => MongoDB connection error => querySrv ENOTFOUND _mongodb._tcp.testcluster.urrgt.mongodb.net
[2026-08-22 14:18:18] - [ERROR] => Restarting Mongo server
[2026-08-22 14:18:18] - [ERROR] => MongoDB connection error => querySrv ENOTFOUND _mongodb._tcp.testcluster.urrgt.mongodb.net
[2026-08-22 14:18:20] - [ERROR] => Restarting Mongo server
[2026-08-22 14:18:20] - [ERROR] => MongoDB connection error => querySrv ENOTFOUND _mongodb._tcp.testcluster.urrgt.mongodb.net
[2026-08-22 14:18:22] - [ERROR] => Restarting Mongo server
[2026-08-22 14:18:23] - [ERROR] => MongoDB connection error => querySrv ENOTFOUND _mongodb._tcp.testcluster.urrgt.mongodb.net
[2026-08-22 14:18:25] - [ERROR] => Restarting Mongo server
[2026-08-22 14:18:25] - [ERROR] => MongoDB connection error => querySrv ENOTFOUND _mongodb._tcp.testcluster.urrgt.mongodb.net
[2026-08-22 14:18:27] - [ERROR] => Restarting Mongo server
[2026-08-22 14:18:27] - [ERROR] => MongoDB connection error => querySrv ENOTFOUND _mongodb._tcp.testcluster.urrgt.mongodb.net
[2026-08-22 14:18:29] - [ERROR] => Restarting Mongo server
[2026-08-22 14:18:29] - [ERROR] => MongoDB connection error => querySrv ENOTFOUND _mongodb._tcp.testcluster.urrgt.mongodb.net
[2026-08-22 14:18:31] - [ERROR] => Restarting Mongo server
[2026-08-22 14:18:31] - [ERROR] => MongoDB connection error => querySrv ENOTFOUND _mongodb._tcp.testcluster.urrgt.mongodb.net
[2026-08-22 14:18:33] - [ERROR] => Restarting Mongo server
[2026-08-22 14:18:33] - [ERROR] => MongoDB connection error => querySrv ENOTFOUND _mongodb._tcp.testcluster.urrgt.mongodb.net
[2026-08-22 14:18:35] - [ERROR] => Restarting Mongo server
[2026-08-22 14:18:35] - [ERROR] => MongoDB connection error => querySrv ENOTFOUND _mongodb._tcp.testcluster.urrgt.mongodb.net
[2026-08-22 14:18:37] - [ERROR] => Restarting Mongo server
[2026-08-22 14:18:37] - [ERROR] => MongoDB connection error => querySrv ENOTFOUND _mongodb._tcp.testcluster.urrgt.mongodb.net
[2026-08-22 14:18:39] - [ERROR] => Restarting Mongo server
[2026-08-22 14:18:39] - [ERROR] => MongoDB connection error => querySrv ENOTFOUND _mongodb._tcp.testcluster.urrgt.mongodb.net
[2026-08-22 14:18:41] - [ERROR] => Restarting Mongo server
[2026-08-22 14:18:41] - [ERROR] => MongoDB connection error => querySrv ENOTFOUND _mongodb._tcp.testcluster.urrgt.mongodb.net
[2026-08-22 14:18:43] - [ERROR] => Restarting Mongo server
[2026-08-22 14:18:43] - [ERROR] => MongoDB connection error => querySrv ENOTFOUND _mongodb._tcp.testcluster.urrgt.mongodb.net
[2026-08-22 14:18:45] - [ERROR] => Restarting Mongo server
[2026-08-22 14:18:45] - [ERROR] => MongoDB connection error => querySrv ENOTFOUND _mongodb._tcp.testcluster.urrgt.mongodb.net
[2026-08-22 14:18:47] - [ERROR] => Restarting Mongo server
[2026-08-22 14:18:47] - [ERROR] => MongoDB connection error => querySrv ENOTFOUND _mongodb._tcp.testcluster.urrgt.mongodb.net
[2026-08-22 14:18:49] - [ERROR] => Restarting Mongo server
[2026-08-22 14:18:49] - [ERROR] => MongoDB connection error => querySrv ENOTFOUND _mongodb._tcp.testcluster.urrgt.mongodb.net
[2026-08-22 14:18:51] - [ERROR] => Restarting Mongo server
[2026-08-22 14:18:51] - [ERROR] => MongoDB connection error => querySrv ENOTFOUND _mongodb._tcp.testcluster.urrgt.mongodb.net
[2026-08-22 14:18:53] - [ERROR] => Restarting Mongo server
[2026-08-22 14:18:53] - [ERROR] => MongoDB connection error => querySrv ENOTFOUND _mongodb._tcp.testcluster.urrgt.mongodb.net
[2026-08-22 14:18:55] - [ERROR] => Restarting Mongo server
[2026-08-22 14:18:55] - [ERROR] => MongoDB connection error => querySrv ENOTFOUND _mongodb._tcp.testcluster.urrgt.mongodb.net
[2026-08-22 14:18:57] - [ERROR] => Restarting Mongo server
[2026-08-22 14:18:57] - [ERROR] => MongoDB connection error => querySrv ENOTFOUND _mongodb._tcp.testcluster.urrgt.mongodb.net
[2026-08-22 14:18:59] - [ERROR] => Restarting Mongo server
[2026-08-22 14:18:59] - [ERROR] => MongoDB connection error => querySrv ENOTFOUND _mongodb._tcp.testcluster.urrgt.mongodb.net
[2026-08-22 14:19:01] - [ERROR] => Restarting Mongo server
[2026-08-22 14:19:01] - [ERROR] => MongoDB connection error => querySrv ENOTFOUND _mongodb._tcp.testcluster.urrgt.mongodb.net
[2026-08-22 14:19:03] - [ERROR] => Restarting Mongo server
[2026-08-22 14:19:03] - [ERROR] => MongoDB connection error => querySrv ENOTFOUND _mongodb._tcp.testcluster.urrgt.mongodb.net
[2026-08-22 14:19:05] - [ERROR] => Restarting Mongo server
[2026-08-22 14:19:05] - [ERROR] => MongoDB connection error => querySrv ENOTFOUND _mongodb._tcp.testcluster.urrgt.mongodb.net
[2026-08-22 14:19:07] - [ERROR] => Restarting Mongo server
[2026-08-22 14:19:07] - [ERROR] => MongoDB connection error => querySrv ENOTFOUND _mongodb._tcp.testcluster.urrgt.mongodb.net
[2026-08-22 14:19:09] - [ERROR] => Restarting Mongo server
[2026-08-22 14:19:09] - [ERROR] => MongoDB connection error => querySrv ENOTFOUND _mongodb._tcp.testcluster.urrgt.mongodb.net
[2026-08-22 14:19:11] - [ERROR] => Restarting Mongo server
[2026-08-22 14:19:11] - [ERROR] => MongoDB connection error => querySrv ENOTFOUND _mongodb._tcp.testcluster.urrgt.mongodb.net
[2026-08-22 14:19:13] - [ERROR] => Restarting Mongo server
[2026-08-22 14:19:13] - [ERROR] => MongoDB connection error => querySrv ENOTFOUND _mongodb._tcp.testcluster.urrgt.mongodb.net
[2026-08-22 14:19:15] - [ERROR] => Restarting Mongo server
[2026-08-22 14:19:15] - [ERROR] => MongoDB connection error => querySrv ENOTFOUND _mongodb._tcp.testcluster.urrgt.mongodb.net
[2026-08-22 14:19:17] - [ERROR] => Restarting Mongo server
[2026-08-22 14:19:17] - [ERROR] => MongoDB connection error => querySrv ENOTFOUND _mongodb._tcp.testcluster.urrgt.mongodb.net
[2026-08-22 14:19:19] - [ERROR] => Restarting Mongo server
[2026-08-22 14:19:19] - [ERROR] => MongoDB connection error => querySrv ENOTFOUND _mongodb._tcp.testcluster.urrgt.mongodb.net
[2026-08-22 14:19:21] - [ERROR] => Restarting Mongo server
[2026-08-22 14:19:21] - [ERROR] => MongoDB connection error => querySrv ENOTFOUND _mongodb._tcp.testcluster.urrgt.mongodb.net
[2026-08-22 14:19:23] - [ERROR] => Restarting Mongo server
[2026-08-22 14:19:24] - [ERROR] => MongoDB connection error => querySrv ENOTFOUND _mongodb._tcp.testcluster.urrgt.mongodb.net
[2026-08-22 14:19:26] - [ERROR] => Restarting Mongo server
[2026-08-22 14:19:26] - [ERROR] => MongoDB connection error => querySrv ENOTFOUND _mongodb._tcp.testcluster.urrgt.mongodb.net
[2026-08-22 14:19:28] - [ERROR] => Restarting Mongo server
[2026-08-22 14:19:28] - [ERROR] => MongoDB connection error => querySrv ENOTFOUND _mongodb._tcp.testcluster.urrgt.mongodb.net
[2026-08-22 14:19:30] - [ERROR] => Restarting Mongo server
[2026-08-22 14:19:30] - [ERROR] => MongoDB connection error => querySrv ENOTFOUND _mongodb._tcp.testcluster.urrgt.mongodb.net
[2026-08-22 14:19:32] - [ERROR] => Restarting Mongo server
[2026-08-22 14:19:32] - [ERROR] => MongoDB connection error => querySrv ENOTFOUND _mongodb._tcp.testcluster.urrgt.mongodb.net
[2026-08-22 14:19:34] - [ERROR] => Restarting Mongo server
[2026-08-22 14:19:34] - [ERROR] => MongoDB connection error => querySrv ENOTFOUND _mongodb._tcp.testcluster.urrgt.mongodb.net
[2026-08-22 14:19:36] - [ERROR] => Restarting Mongo server
[2026-08-22 14:19:36] - [ERROR] => MongoDB connection error => querySrv ENOTFOUND _mongodb._tcp.testcluster.urrgt.mongodb.net
[2026-08-22 14:19:38] - [ERROR] => Restarting Mongo server
[2026-08-22 14:19:38] - [ERROR] => MongoDB connection error => querySrv ENOTFOUND _mongodb._tcp.testcluster.urrgt.mongodb.net
[2026-08-22 14:19:40] - [ERROR] => Restarting Mongo server
[2026-08-22 14:19:40] - [ERROR] => MongoDB connection error => querySrv ENOTFOUND _mongodb._tcp.testcluster.urrgt.mongodb.net
[2026-08-22 14:19:42] - [ERROR] => Restarting Mongo server
[2026-08-22 14:19:42] - [ERROR] => MongoDB connection error => querySrv ENOTFOUND _mongodb._tcp.testcluster.urrgt.mongodb.net
[2026-08-22 14:19:44] - [ERROR] => Restarting Mongo server
[2026-08-22 14:19:44] - [ERROR] => MongoDB connection error => querySrv ENOTFOUND _mongodb._tcp.testcluster.urrgt.mongodb.net
[2026-08-22 14:19:46] - [ERROR] => Restarting Mongo server
[2026-08-22 14:19:46] - [ERROR] => MongoDB connection error => querySrv ENOTFOUND _mongodb._tcp.testcluster.urrgt.mongodb.net
[2026-08-22 14:19:48] - [ERROR] => Restarting Mongo server
[2026-08-22 14:19:48] - [ERROR] => MongoDB connection error => querySrv ENOTFOUND _mongodb._tcp.testcluster.urrgt.mongodb.net
[2026-08-22 14:19:50] - [ERROR] => Restarting Mongo server
[2026-08-22 14:19:50] - [ERROR] => MongoDB connection error => querySrv ENOTFOUND _mongodb._tcp.testcluster.urrgt.mongodb.net
[2026-08-22 14:19:52] - [ERROR] => Restarting Mongo server
[2026-08-22 14:19:52] - [ERROR] => MongoDB connection error => querySrv ENOTFOUND _mongodb._tcp.testcluster.urrgt.mongodb.net
[2026-08-22 14:19:54] - [ERROR] => Restarting Mongo server
[2026-08-22 14:19:54] - [ERROR] => MongoDB connection error => querySrv ENOTFOUND _mongodb._tcp.testcluster.urrgt.mongodb.net
[2026-08-22 14:19:56] - [ERROR] => Restarting Mongo server
[2026-08-22 14:19:56] - [ERROR] => MongoDB connection error => querySrv ENOTFOUND _mongodb._tcp.testcluster.urrgt.mongodb.net
[2026-08-22 14:19:58] - [ERROR] => Restarting Mongo server
[2026-08-22 14:19:58] - [ERROR] => MongoDB connection error => querySrv ENOTFOUND _mongodb._tcp.testcluster.urrgt.mongodb.net
[2026-08-22 14:20:00] - [ERROR] => Restarting Mongo server
[2026-08-22 14:20:00] - [ERROR] => MongoDB connection error => querySrv ENOTFOUND _mongodb._tcp.testcluster.urrgt.mongodb.net
[2026-08-22 14:20:02] - [ERROR] => Restarting Mongo server
[2026-08-22 14:20:02] - [ERROR] => MongoDB connection error => querySrv ENOTFOUND _mongodb._tcp.testcluster.urrgt.mongodb.net
[2026-08-22 14:20:04] - [ERROR] => Restarting Mongo server
[2026-08-22 14:20:04] - [ERROR] => MongoDB connection error => querySrv ENOTFOUND _mongodb._tcp.testcluster.urrgt.mongodb.net
[2026-08-22 14:20:06] - [ERROR] => Restarting Mongo server
[2026-08-22 14:20:06] - [ERROR] => MongoDB connection error => querySrv ENOTFOUND _mongodb._tcp.testcluster.urrgt.mongodb.net
[2026-08-22 14:20:08] - [ERROR] => Restarting Mongo server
[2026-08-22 14:20:08] - [ERROR] => MongoDB connection error => querySrv ENOTFOUND _mongodb._tcp.testcluster.urrgt.mongodb.net
[2026-08-22 14:20:10] - [ERROR] => Restarting Mongo server
[2026-08-22 14:20:10] - [ERROR] => MongoDB connection error => querySrv ENOTFOUND _mongodb._tcp.testcluster.urrgt.mongodb.net
[2026-08-22 14:20:12] - [ERROR] => Restarting Mongo server
[2026-08-22 14:20:12] - [ERROR] => MongoDB connection error => querySrv ENOTFOUND _mongodb._tcp.testcluster.urrgt.mongodb.net
[2026-08-22 14:20:14] - [ERROR] => Restarting Mongo server
[2026-08-22 14:20:14] - [ERROR] => MongoDB connection error => querySrv ENOTFOUND _mongodb._tcp.testcluster.urrgt.mongodb.net
[2026-08-22 14:20:16] - [ERROR] => Restarting Mongo server
[2026-08-22 14:20:16] - [ERROR] => MongoDB connection error => querySrv ENOTFOUND _mongodb._tcp.testcluster.urrgt.mongodb.net
[2026-08-22 14:20:18] - [ERROR] => Restarting Mongo server
[2026-08-22 14:20:18] - [ERROR] => MongoDB connection error => querySrv ENOTFOUND _mongodb._tcp.testcluster.urrgt.mongodb.net
[2026-08-22 14:20:20] - [ERROR] => Restarting Mongo server
[2026-08-22 14:20:20] - [ERROR] => MongoDB connection error => querySrv ENOTFOUND _mongodb._tcp.testcluster.urrgt.mongodb.net
[2026-08-22 14:20:22] - [ERROR] => Restarting Mongo server
[2026-08-22 14:20:22] - [ERROR] => MongoDB connection error => querySrv ENOTFOUND _mongodb._tcp.testcluster.urrgt.mongodb.net
[2026-08-22 14:20:24] - [ERROR] => Restarting Mongo server
[2026-08-22 14:20:25] - [ERROR] => MongoDB connection error => querySrv ENOTFOUND _mongodb._tcp.testcluster.urrgt.mongodb.net
[2026-08-22 14:20:27] - [ERROR] => Restarting Mongo server
[2026-08-22 14:20:27] - [ERROR] => MongoDB connection error => querySrv ENOTFOUND _mongodb._tcp.testcluster.urrgt.mongodb.net
[2026-08-22 14:20:29] - [ERROR] => Restarting Mongo server
[2026-08-22 14:20:29] - [ERROR] => MongoDB connection error => querySrv ENOTFOUND _mongodb._tcp.testcluster.urrgt.mongodb.net
[2026-08-22 14:20:31] - [ERROR] => Restarting Mongo server
[2026-08-22 14:20:32] - [ERROR] => MongoDB connection error => querySrv ENOTFOUND _mongodb._tcp.testcluster.urrgt.mongodb.net
[2026-08-22 14:20:34] - [ERROR] => Restarting Mongo server
[2026-08-22 14:20:34] - [ERROR] => MongoDB connection error => querySrv ENOTFOUND _mongodb._tcp.testcluster.urrgt.mongodb.net
[2026-08-22 14:20:36] - [ERROR] => Restarting Mongo server
[2026-08-22 14:20:36] - [ERROR] => MongoDB connection error => querySrv ENOTFOUND _mongodb._tcp.testcluster.urrgt.mongodb.net
[2026-08-22 14:20:38] - [ERROR] => Restarting Mongo server
[2026-08-22 14:20:38] - [ERROR] => MongoDB connection error => querySrv ENOTFOUND _mongodb._tcp.testcluster.urrgt.mongodb.net
[2026-08-22 14:20:40] - [ERROR] => Restarting Mongo server
[2026-08-22 14:20:40] - [ERROR] => MongoDB connection error => querySrv ENOTFOUND _mongodb._tcp.testcluster.urrgt.mongodb.net
[2026-08-22 14:20:42] - [ERROR] => Restarting Mongo server
[2026-08-22 14:20:42] - [ERROR] => MongoDB connection error => querySrv ENOTFOUND _mongodb._tcp.testcluster.urrgt.mongodb.net
[2026-08-22 14:20:44] - [ERROR] => Restarting Mongo server
[2026-08-22 14:20:44] - [ERROR] => MongoDB connection error => querySrv ENOTFOUND _mongodb._tcp.testcluster.urrgt.mongodb.net
[2026-08-22 14:20:46] - [ERROR] => Restarting Mongo server
[2026-08-22 14:20:46] - [ERROR] => MongoDB connection error => querySrv ENOTFOUND _mongodb._tcp.testcluster.urrgt.mongodb.net
[2026-08-22 14:20:48] - [ERROR] => Restarting Mongo server
[2026-08-22 14:20:48] - [ERROR] => MongoDB connection error => querySrv ENOTFOUND _mongodb._tcp.testcluster.urrgt.mongodb.net
[2026-08-22 14:20:50] - [ERROR] => Restarting Mongo server
[2026-08-22 14:20:50] - [ERROR] => MongoDB connection error => querySrv ENOTFOUND _mongodb._tcp.testcluster.urrgt.mongodb.net
[2026-08-22 14:20:52] - [ERROR] => Restarting Mongo server
[2026-08-22 14:20:52] - [ERROR] => MongoDB connection error => querySrv ENOTFOUND _mongodb._tcp.testcluster.urrgt.mongodb.net
[2026-08-22 14:20:54] - [ERROR] => Restarting Mongo server
[2026-08-22 14:20:54] - [ERROR] => MongoDB connection error => querySrv ENOTFOUND _mongodb._tcp.testcluster.urrgt.mongodb.net
[2026-08-22 14:20:56] - [ERROR] => Restarting Mongo server
[2026-08-22 14:20:56] - [ERROR] => MongoDB connection error => querySrv ENOTFOUND _mongodb._tcp.testcluster.urrgt.mongodb.net
[2026-08-22 14:20:58] - [ERROR] => Restarting Mongo server
[2026-08-22 14:20:58] - [ERROR] => MongoDB connection error => querySrv ENOTFOUND _mongodb._tcp.testcluster.urrgt.mongodb.net
[2026-08-22 14:21:00] - [ERROR] => Restarting Mongo server
[2026-08-22 14:21:00] - [ERROR] => MongoDB connection error => querySrv ENOTFOUND _mongodb._tcp.testcluster.urrgt.mongodb.net
[2026-08-22 14:21:02] - [ERROR] => Restarting Mongo server
[2026-08-22 14:21:02] - [ERROR] => MongoDB connection error => querySrv ENOTFOUND _mongodb._tcp.testcluster.urrgt.mongodb.net
[2026-08-22 14:21:04] - [ERROR] => Restarting Mongo server
[2026-08-22 14:21:04] - [ERROR] => MongoDB connection error => querySrv ENOTFOUND _mongodb._tcp.testcluster.urrgt.mongodb.net
[2026-08-22 14:21:06] - [ERROR] => Restarting Mongo server
[2026-08-22 14:21:06] - [ERROR] => MongoDB connection error => querySrv ENOTFOUND _mongodb._tcp.testcluster.urrgt.mongodb.net
[2026-08-22 14:21:08] - [ERROR] => Restarting Mongo server
[2026-08-22 14:21:08] - [ERROR] => MongoDB connection error => querySrv ENOTFOUND _mongodb._tcp.testcluster.urrgt.mongodb.net
[2026-08-22 14:21:10] - [ERROR] => Restarting Mongo server
[2026-08-22 14:21:10] - [ERROR] => MongoDB connection error => querySrv ENOTFOUND _mongodb._tcp.testcluster.urrgt.mongodb.net
[2026-08-22 14:21:12] - [ERROR] => Restarting Mongo server
[2026-08-22 14:21:12] - [ERROR] => MongoDB connection error => querySrv ENOTFOUND _mongodb._tcp.testcluster.urrgt.mongodb.net
[2026-08-22 14:21:14] - [ERROR] => Restarting Mongo server
[2026-08-22 14:21:14] - [ERROR] => MongoDB connection error => querySrv ENOTFOUND _mongodb._tcp.testcluster.urrgt.mongodb.net
[2026-08-22 14:21:16] - [ERROR] => Restarting Mongo server
[2026-08-22 14:21:16] - [ERROR] => MongoDB connection error => querySrv ENOTFOUND _mongodb._tcp.testcluster.urrgt.mongodb.net
[2026-08-22 14:21:18] - [ERROR] => Restarting Mongo server
[2026-08-22 14:21:18] - [ERROR] => MongoDB connection error => querySrv ENOTFOUND _mongodb._tcp.testcluster.urrgt.mongodb.net
[2026-08-22 14:21:20] - [ERROR] => Restarting Mongo server
[2026-08-22 14:21:20] - [ERROR] => MongoDB connection error => querySrv ENOTFOUND _mongodb._tcp.testcluster.urrgt.mongodb.net
[2026-08-22 14:21:22] - [ERROR] => Restarting Mongo server
[2026-08-22 14:21:22] - [ERROR] => MongoDB connection error => querySrv ENOTFOUND _mongodb._tcp.testcluster.urrgt.mongodb.net
[2026-08-22 14:21:24] - [ERROR] => Restarting Mongo server
[2026-08-22 14:21:24] - [ERROR] => MongoDB connection error => querySrv ENOTFOUND _mongodb._tcp.testcluster.urrgt.mongodb.net
[2026-08-22 14:21:26] - [ERROR] => Restarting Mongo server
[2026-08-22 14:21:27] - [ERROR] => MongoDB connection error => querySrv ENOTFOUND _mongodb._tcp.testcluster.urrgt.mongodb.net
[2026-08-22 14:21:29] - [ERROR] => Restarting Mongo server
[2026-08-22 14:21:29] - [ERROR] => MongoDB connection error => querySrv ENOTFOUND _mongodb._tcp.testcluster.urrgt.mongodb.net
[2026-08-22 14:21:31] - [ERROR] => Restarting Mongo server
[2026-08-22 14:21:31] - [ERROR] => MongoDB connection error => querySrv ENOTFOUND _mongodb._tcp.testcluster.urrgt.mongodb.net
[2026-08-22 14:21:33] - [ERROR] => Restarting Mongo server
[2026-08-22 14:21:33] - [ERROR] => MongoDB connection error => querySrv ENOTFOUND _mongodb._tcp.testcluster.urrgt.mongodb.net
[2026-08-22 14:21:35] - [ERROR] => Restarting Mongo server
[2026-08-22 14:21:35] - [ERROR] => MongoDB connection error => querySrv ENOTFOUND _mongodb._tcp.testcluster.urrgt.mongodb.net
[2026-08-22 14:21:37] - [ERROR] => Restarting Mongo server
[2026-08-22 14:21:37] - [ERROR] => MongoDB connection error => querySrv ENOTFOUND _mongodb._tcp.testcluster.urrgt.mongodb.net
[2026-08-22 14:21:39] - [ERROR] => Restarting Mongo server
[2026-08-22 14:21:39] - [ERROR] => MongoDB connection error => querySrv ENOTFOUND _mongodb._tcp.testcluster.urrgt.mongodb.net
[2026-08-22 14:21:41] - [ERROR] => Restarting Mongo server
[2026-08-22 14:21:41] - [ERROR] => MongoDB connection error => querySrv ENOTFOUND _mongodb._tcp.testcluster.urrgt.mongodb.net
[2026-08-22 14:21:43] - [ERROR] => Restarting Mongo server
[2026-08-22 14:21:43] - [ERROR] => MongoDB connection error => querySrv ENOTFOUND _mongodb._tcp.testcluster.urrgt.mongodb.net
[2026-08-22 14:21:45] - [ERROR] => Restarting Mongo server
[2026-08-22 14:21:45] - [ERROR] => MongoDB connection error => querySrv ENOTFOUND _mongodb._tcp.testcluster.urrgt.mongodb.net
[2026-08-22 14:21:47] - [ERROR] => Restarting Mongo server
[2026-08-22 14:21:47] - [ERROR] => MongoDB connection error => querySrv ENOTFOUND _mongodb._tcp.testcluster.urrgt.mongodb.net
[2026-08-22 14:21:49] - [ERROR] => Restarting Mongo server
[2026-08-22 14:21:49] - [ERROR] => MongoDB connection error => querySrv ENOTFOUND _mongodb._tcp.testcluster.urrgt.mongodb.net
[2026-08-22 14:21:51] - [ERROR] => Restarting Mongo server
[2026-08-22 14:21:51] - [ERROR] => MongoDB connection error => querySrv ENOTFOUND _mongodb._tcp.testcluster.urrgt.mongodb.net
[2026-08-22 14:21:53] - [ERROR] => Restarting Mongo server
[2026-08-22 14:21:53] - [ERROR] => MongoDB connection error => querySrv ENOTFOUND _mongodb._tcp.testcluster.urrgt.mongodb.net
[2026-08-22 14:21:55] - [ERROR] => Restarting Mongo server
[2026-08-22 14:21:55] - [ERROR] => MongoDB connection error => querySrv ENOTFOUND _mongodb._tcp.testcluster.urrgt.mongodb.net
[2026-08-22 14:21:57] - [ERROR] => Restarting Mongo server
[2026-08-22 14:21:57] - [ERROR] => MongoDB connection error => querySrv ENOTFOUND _mongodb._tcp.testcluster.urrgt.mongodb.net
[2026-08-22 14:21:59] - [ERROR] => Restarting Mongo server
[2026-08-22 14:21:59] - [ERROR] => MongoDB connection error => querySrv ENOTFOUND _mongodb._tcp.testcluster.urrgt.mongodb.net
[2026-08-22 14:22:01] - [ERROR] => Restarting Mongo server
[2026-08-22 14:22:01] - [ERROR] => MongoDB connection error => querySrv ENOTFOUND _mongodb._tcp.testcluster.urrgt.mongodb.net
[2026-08-22 14:22:03] - [ERROR] => Restarting Mongo server
[2026-08-22 14:22:03] - [ERROR] => MongoDB connection error => querySrv ENOTFOUND _mongodb._tcp.testcluster.urrgt.mongodb.net
[2026-08-22 14:22:05] - [ERROR] => Restarting Mongo server
[2026-08-22 14:22:05] - [ERROR] => MongoDB connection error => querySrv ENOTFOUND _mongodb._tcp.testcluster.urrgt.mongodb.net
[2026-08-22 14:22:07] - [ERROR] => Restarting Mongo server
[2026-08-22 14:22:07] - [ERROR] => MongoDB connection error => querySrv ENOTFOUND _mongodb._tcp.testcluster.urrgt.mongodb.net
[2026-08-22 14:22:09] - [ERROR] => Restarting Mongo server
[2026-08-22 14:22:09] - [ERROR] => MongoDB connection error => querySrv ENOTFOUND _mongodb._tcp.testcluster.urrgt.mongodb.net
[2026-08-22 14:22:11] - [ERROR] => Restarting Mongo server
[2026-08-22 14:22:11] - [ERROR] => MongoDB connection error => querySrv ENOTFOUND _mongodb._tcp.testcluster.urrgt.mongodb.net
[2026-08-22 14:22:13] - [ERROR] => Restarting Mongo server
[2026-08-22 14:22:13] - [ERROR] => MongoDB connection error => querySrv ENOTFOUND _mongodb._tcp.testcluster.urrgt.mongodb.net
[2026-08-22 14:22:15] - [ERROR] => Restarting Mongo server
[2026-08-22 14:22:15] - [ERROR] => MongoDB connection error => querySrv ENOTFOUND _mongodb._tcp.testcluster.urrgt.mongodb.net
[2026-08-22 14:22:17] - [ERROR] => Restarting Mongo server
[2026-08-22 14:22:17] - [ERROR] => MongoDB connection error => querySrv ENOTFOUND _mongodb._tcp.testcluster.urrgt.mongodb.net
[2026-08-22 14:22:19] - [ERROR] => Restarting Mongo server
[2026-08-22 14:22:19] - [ERROR] => MongoDB connection error => querySrv ENOTFOUND _mongodb._tcp.testcluster.urrgt.mongodb.net
[2026-08-22 14:22:21] - [ERROR] => Restarting Mongo server
[2026-08-22 14:22:21] - [ERROR] => MongoDB connection error => querySrv ENOTFOUND _mongodb._tcp.testcluster.urrgt.mongodb.net
[2026-08-22 14:22:23] - [ERROR] => Restarting Mongo server
[2026-08-22 14:22:23] - [ERROR] => MongoDB connection error => querySrv ENOTFOUND _mongodb._tcp.testcluster.urrgt.mongodb.net
[2026-08-22 14:22:25] - [ERROR] => Restarting Mongo server
[2026-08-22 14:22:25] - [ERROR] => MongoDB connection error => querySrv ENOTFOUND _mongodb._tcp.testcluster.urrgt.mongodb.net
[2026-08-22 14:22:27] - [ERROR] => Restarting Mongo server
[2026-08-22 14:22:29] - [ERROR] => MongoDB connection error => querySrv ENOTFOUND _mongodb._tcp.testcluster.urrgt.mongodb.net
[2026-08-22 14:22:31] - [ERROR] => Restarting Mongo server
[2026-08-22 14:22:31] - [ERROR] => MongoDB connection error => querySrv ENOTFOUND _mongodb._tcp.testcluster.urrgt.mongodb.net
[2026-08-22 14:22:33] - [ERROR] => Restarting Mongo server
[2026-08-22 14:22:33] - [ERROR] => MongoDB connection error => querySrv ENOTFOUND _mongodb._tcp.testcluster.urrgt.mongodb.net
[2026-08-22 14:22:35] - [ERROR] => Restarting Mongo server
[2026-08-22 14:22:35] - [ERROR] => MongoDB connection error => querySrv ENOTFOUND _mongodb._tcp.testcluster.urrgt.mongodb.net
[2026-08-22 14:22:37] - [ERROR] => Restarting Mongo server
[2026-08-22 14:22:37] - [ERROR] => MongoDB connection error => querySrv ENOTFOUND _mongodb._tcp.testcluster.urrgt.mongodb.net
[2026-08-22 14:22:39] - [ERROR] => Restarting Mongo server
[2026-08-22 14:22:39] - [ERROR] => MongoDB connection error => querySrv ENOTFOUND _mongodb._tcp.testcluster.urrgt.mongodb.net
[2026-08-22 14:22:41] - [ERROR] => Restarting Mongo server
[2026-08-22 14:22:41] - [ERROR] => MongoDB connection error => querySrv ENOTFOUND _mongodb._tcp.testcluster.urrgt.mongodb.net
[2026-08-22 14:22:43] - [ERROR] => Restarting Mongo server
[2026-08-22 14:22:43] - [ERROR] => MongoDB connection error => querySrv ENOTFOUND _mongodb._tcp.testcluster.urrgt.mongodb.net
[2026-08-22 14:22:45] - [ERROR] => Restarting Mongo server
[2026-08-22 14:22:45] - [ERROR] => MongoDB connection error => querySrv ENOTFOUND _mongodb._tcp.testcluster.urrgt.mongodb.net
[2026-08-22 14:22:47] - [ERROR] => Restarting Mongo server
[2026-08-22 14:22:47] - [ERROR] => MongoDB connection error => querySrv ENOTFOUND _mongodb._tcp.testcluster.urrgt.mongodb.net
[2026-08-22 14:22:49] - [ERROR] => Restarting Mongo server
[2026-08-22 14:22:49] - [ERROR] => MongoDB connection error => querySrv ENOTFOUND _mongodb._tcp.testcluster.urrgt.mongodb.net
[2026-08-22 14:22:51] - [ERROR] => Restarting Mongo server
[2026-08-22 14:22:51] - [ERROR] => MongoDB connection error => querySrv ENOTFOUND _mongodb._tcp.testcluster.urrgt.mongodb.net
[2026-08-22 14:22:53] - [ERROR] => Restarting Mongo server
[2026-08-22 14:22:53] - [ERROR] => MongoDB connection error => querySrv ENOTFOUND _mongodb._tcp.testcluster.urrgt.mongodb.net
[2026-08-22 14:22:55] - [ERROR] => Restarting Mongo server
[2026-08-22 14:22:55] - [ERROR] => MongoDB connection error => querySrv ENOTFOUND _mongodb._tcp.testcluster.urrgt.mongodb.net
[2026-08-22 14:22:57] - [ERROR] => Restarting Mongo server
[2026-08-22 14:22:57] - [ERROR] => MongoDB connection error => querySrv ENOTFOUND _mongodb._tcp.testcluster.urrgt.mongodb.net
[2026-08-22 14:22:59] - [ERROR] => Restarting Mongo server
[2026-08-22 14:22:59] - [ERROR] => MongoDB connection error => querySrv ENOTFOUND _mongodb._tcp.testcluster.urrgt.mongodb.net
[2026-08-22 14:23:02] - [ERROR] => Restarting Mongo server
[2026-08-22 14:23:02] - [ERROR] => MongoDB connection error => querySrv ENOTFOUND _mongodb._tcp.testcluster.urrgt.mongodb.net
[2026-08-22 14:23:04] - [ERROR] => Restarting Mongo server
[2026-08-22 14:23:04] - [ERROR] => MongoDB connection error => querySrv ENOTFOUND _mongodb._tcp.testcluster.urrgt.mongodb.net
[2026-08-22 14:23:06] - [ERROR] => Restarting Mongo server
[2026-08-22 14:23:06] - [ERROR] => MongoDB connection error => querySrv ENOTFOUND _mongodb._tcp.testcluster.urrgt.mongodb.net
[2026-08-22 14:23:08] - [ERROR] => Restarting Mongo server
[2026-08-22 14:23:08] - [ERROR] => MongoDB connection error => querySrv ENOTFOUND _mongodb._tcp.testcluster.urrgt.mongodb.net
[2026-08-22 14:23:10] - [ERROR] => Restarting Mongo server
[2026-08-22 14:23:10] - [ERROR] => MongoDB connection error => querySrv ENOTFOUND _mongodb._tcp.testcluster.urrgt.mongodb.net
[2026-08-22 14:23:12] - [ERROR] => Restarting Mongo server
[2026-08-22 14:23:12] - [ERROR] => MongoDB connection error => querySrv ENOTFOUND _mongodb._tcp.testcluster.urrgt.mongodb.net
[2026-08-22 14:23:14] - [ERROR] => Restarting Mongo server
[2026-08-22 14:23:14] - [ERROR] => MongoDB connection error => querySrv ENOTFOUND _mongodb._tcp.testcluster.urrgt.mongodb.net
[2026-08-22 14:23:16] - [ERROR] => Restarting Mongo server
[2026-08-22 14:23:16] - [ERROR] => MongoDB connection error => querySrv ENOTFOUND _mongodb._tcp.testcluster.urrgt.mongodb.net
[2026-08-22 14:23:18] - [ERROR] => Restarting Mongo server
[2026-08-22 14:23:18] - [ERROR] => MongoDB connection error => querySrv ENOTFOUND _mongodb._tcp.testcluster.urrgt.mongodb.net
[2026-08-22 14:23:20] - [ERROR] => Restarting Mongo server
[2026-08-22 14:23:20] - [ERROR] => MongoDB connection error => querySrv ENOTFOUND _mongodb._tcp.testcluster.urrgt.mongodb.net
[2026-08-22 14:23:22] - [ERROR] => Restarting Mongo server
[2026-08-22 14:23:22] - [ERROR] => MongoDB connection error => querySrv ENOTFOUND _mongodb._tcp.testcluster.urrgt.mongodb.net
[2026-08-22 14:23:24] - [ERROR] => Restarting Mongo server
[2026-08-22 14:23:24] - [ERROR] => MongoDB connection error => querySrv ENOTFOUND _mongodb._tcp.testcluster.urrgt.mongodb.net
[2026-08-22 14:23:26] - [ERROR] => Restarting Mongo server
[2026-08-22 14:23:26] - [ERROR] => MongoDB connection error => querySrv ENOTFOUND _mongodb._tcp.testcluster.urrgt.mongodb.net
[2026-08-22 14:23:28] - [ERROR] => Restarting Mongo server
[2026-08-22 14:23:28] - [ERROR] => MongoDB connection error => querySrv ENOTFOUND _mongodb._tcp.testcluster.urrgt.mongodb.net
[2026-08-22 14:23:30] - [ERROR] => Restarting Mongo server
[2026-08-22 14:23:31] - [ERROR] => MongoDB connection error => querySrv ENOTFOUND _mongodb._tcp.testcluster.urrgt.mongodb.net
[2026-08-22 14:23:33] - [ERROR] => Restarting Mongo server
[2026-08-22 14:23:33] - [ERROR] => MongoDB connection error => querySrv ENOTFOUND _mongodb._tcp.testcluster.urrgt.mongodb.net
[2026-08-22 14:23:35] - [ERROR] => Restarting Mongo server
[2026-08-22 14:23:35] - [ERROR] => MongoDB connection error => querySrv ENOTFOUND _mongodb._tcp.testcluster.urrgt.mongodb.net
[2026-08-22 14:23:37] - [ERROR] => Restarting Mongo server
[2026-08-22 14:23:37] - [ERROR] => MongoDB connection error => querySrv ENOTFOUND _mongodb._tcp.testcluster.urrgt.mongodb.net
[2026-08-22 14:23:39] - [ERROR] => Restarting Mongo server
[2026-08-22 14:23:39] - [ERROR] => MongoDB connection error => querySrv ENOTFOUND _mongodb._tcp.testcluster.urrgt.mongodb.net
[2026-08-22 14:23:41] - [ERROR] => Restarting Mongo server
[2026-08-22 14:23:41] - [ERROR] => MongoDB connection error => querySrv ENOTFOUND _mongodb._tcp.testcluster.urrgt.mongodb.net
[2026-08-22 14:23:43] - [ERROR] => Restarting Mongo server
[2026-08-22 14:23:43] - [ERROR] => MongoDB connection error => querySrv ENOTFOUND _mongodb._tcp.testcluster.urrgt.mongodb.net
[2026-08-22 14:23:45] - [ERROR] => Restarting Mongo server
[2026-08-22 14:23:45] - [ERROR] => MongoDB connection error => querySrv ENOTFOUND _mongodb._tcp.testcluster.urrgt.mongodb.net
[2026-08-22 14:23:47] - [ERROR] => Restarting Mongo server
[2026-08-22 14:23:47] - [ERROR] => MongoDB connection error => querySrv ENOTFOUND _mongodb._tcp.testcluster.urrgt.mongodb.net
[2026-08-22 14:23:49] - [ERROR] => Restarting Mongo server
[2026-08-22 14:23:49] - [ERROR] => MongoDB connection error => querySrv ENOTFOUND _mongodb._tcp.testcluster.urrgt.mongodb.net
[2026-08-22 14:23:51] - [ERROR] => Restarting Mongo server
[2026-08-22 14:23:51] - [ERROR] => MongoDB connection error => querySrv ENOTFOUND _mongodb._tcp.testcluster.urrgt.mongodb.net
[2026-08-22 14:23:53] - [ERROR] => Restarting Mongo server
[2026-08-22 14:23:53] - [ERROR] => MongoDB connection error => querySrv ENOTFOUND _mongodb._tcp.testcluster.urrgt.mongodb.net
[2026-08-22 14:23:55] - [ERROR] => Restarting Mongo server
[2026-08-22 14:23:55] - [ERROR] => MongoDB connection error => querySrv ENOTFOUND _mongodb._tcp.testcluster.urrgt.mongodb.net
[2026-08-22 14:23:57] - [ERROR] => Restarting Mongo server
[2026-08-22 14:23:57] - [ERROR] => MongoDB connection error => querySrv ENOTFOUND _mongodb._tcp.testcluster.urrgt.mongodb.net
[2026-08-22 14:23:59] - [ERROR] => Restarting Mongo server
[2026-08-22 14:23:59] - [ERROR] => MongoDB connection error => querySrv ENOTFOUND _mongodb._tcp.testcluster.urrgt.mongodb.net
[2026-08-22 14:24:01] - [ERROR] => Restarting Mongo server
[2026-08-22 14:24:01] - [ERROR] => MongoDB connection error => querySrv ENOTFOUND _mongodb._tcp.testcluster.urrgt.mongodb.net
[2026-08-22 14:24:03] - [ERROR] => Restarting Mongo server
[2026-08-22 14:24:03] - [ERROR] => MongoDB connection error => querySrv ENOTFOUND _mongodb._tcp.testcluster.urrgt.mongodb.net
[2026-08-22 14:24:05] - [ERROR] => Restarting Mongo server
[2026-08-22 14:24:05] - [ERROR] => MongoDB connection error => querySrv ENOTFOUND _mongodb._tcp.testcluster.urrgt.mongodb.net
[2026-08-22 14:24:07] - [ERROR] => Restarting Mongo server
[2026-08-22 14:24:07] - [ERROR] => MongoDB connection error => querySrv ENOTFOUND _mongodb._tcp.testcluster.urrgt.mongodb.net
[2026-08-22 14:24:09] - [ERROR] => Restarting Mongo server
[2026-08-22 14:24:09] - [ERROR] => MongoDB connection error => querySrv ENOTFOUND _mongodb._tcp.testcluster.urrgt.mongodb.net
[2026-08-22 14:24:11] - [ERROR] => Restarting Mongo server
[2026-08-22 14:24:11] - [ERROR] => MongoDB connection error => querySrv ENOTFOUND _mongodb._tcp.testcluster.urrgt.mongodb.net
[2026-08-22 14:24:13] - [ERROR] => Restarting Mongo server
[2026-08-22 14:24:13] - [ERROR] => MongoDB connection error => querySrv ENOTFOUND _mongodb._tcp.testcluster.urrgt.mongodb.net
[2026-08-22 14:24:15] - [ERROR] => Restarting Mongo server
[2026-08-22 14:24:15] - [ERROR] => MongoDB connection error => querySrv ENOTFOUND _mongodb._tcp.testcluster.urrgt.mongodb.net
[2026-08-22 14:24:17] - [ERROR] => Restarting Mongo server
[2026-08-22 14:24:17] - [ERROR] => MongoDB connection error => querySrv ENOTFOUND _mongodb._tcp.testcluster.urrgt.mongodb.net
[2026-08-22 14:24:19] - [ERROR] => Restarting Mongo server
[2026-08-22 14:24:19] - [ERROR] => MongoDB connection error => querySrv ENOTFOUND _mongodb._tcp.testcluster.urrgt.mongodb.net
[2026-08-22 14:24:21] - [ERROR] => Restarting Mongo server
[2026-08-22 14:24:21] - [ERROR] => MongoDB connection error => querySrv ENOTFOUND _mongodb._tcp.testcluster.urrgt.mongodb.net
[2026-08-22 14:24:23] - [ERROR] => Restarting Mongo server
[2026-08-22 14:24:23] - [ERROR] => MongoDB connection error => querySrv ENOTFOUND _mongodb._tcp.testcluster.urrgt.mongodb.net
[2026-08-22 14:24:25] - [ERROR] => Restarting Mongo server
[2026-08-22 14:24:25] - [ERROR] => MongoDB connection error => querySrv ENOTFOUND _mongodb._tcp.testcluster.urrgt.mongodb.net
[2026-08-22 14:24:27] - [ERROR] => Restarting Mongo server
[2026-08-22 14:24:27] - [ERROR] => MongoDB connection error => querySrv ENOTFOUND _mongodb._tcp.testcluster.urrgt.mongodb.net
[2026-08-22 14:24:29] - [ERROR] => Restarting Mongo server
[2026-08-22 14:24:29] - [ERROR] => MongoDB connection error => querySrv ENOTFOUND _mongodb._tcp.testcluster.urrgt.mongodb.net
[2026-08-22 14:24:31] - [ERROR] => Restarting Mongo server
[2026-08-22 14:24:32] - [ERROR] => MongoDB connection error => querySrv ENOTFOUND _mongodb._tcp.testcluster.urrgt.mongodb.net
[2026-08-22 14:24:34] - [ERROR] => Restarting Mongo server
[2026-08-22 14:24:34] - [ERROR] => MongoDB connection error => querySrv ENOTFOUND _mongodb._tcp.testcluster.urrgt.mongodb.net
[2026-08-22 14:24:36] - [ERROR] => Restarting Mongo server
[2026-08-22 14:24:36] - [ERROR] => MongoDB connection error => querySrv ENOTFOUND _mongodb._tcp.testcluster.urrgt.mongodb.net
[2026-08-22 14:24:38] - [ERROR] => Restarting Mongo server
[2026-08-22 14:24:38] - [ERROR] => MongoDB connection error => querySrv ENOTFOUND _mongodb._tcp.testcluster.urrgt.mongodb.net
[2026-08-22 14:24:40] - [ERROR] => Restarting Mongo server
[2026-08-22 14:24:40] - [ERROR] => MongoDB connection error => querySrv ENOTFOUND _mongodb._tcp.testcluster.urrgt.mongodb.net
[2026-08-22 14:24:42] - [ERROR] => Restarting Mongo server
[2026-08-22 14:24:42] - [ERROR] => MongoDB connection error => querySrv ENOTFOUND _mongodb._tcp.testcluster.urrgt.mongodb.net
[2026-08-22 14:24:44] - [ERROR] => Restarting Mongo server
[2026-08-22 14:24:44] - [ERROR] => MongoDB connection error => querySrv ENOTFOUND _mongodb._tcp.testcluster.urrgt.mongodb.net
[2026-08-22 14:24:47] - [ERROR] => Restarting Mongo server
[2026-08-22 14:24:47] - [ERROR] => MongoDB connection error => querySrv ENOTFOUND _mongodb._tcp.testcluster.urrgt.mongodb.net
[2026-08-22 14:24:49] - [ERROR] => Restarting Mongo server
[2026-08-22 14:24:49] - [ERROR] => MongoDB connection error => querySrv ENOTFOUND _mongodb._tcp.testcluster.urrgt.mongodb.net
[2026-08-22 14:24:51] - [ERROR] => Restarting Mongo server
[2026-08-22 14:24:51] - [ERROR] => MongoDB connection error => querySrv ENOTFOUND _mongodb._tcp.testcluster.urrgt.mongodb.net
[2026-08-22 14:24:53] - [ERROR] => Restarting Mongo server
[2026-08-22 14:24:53] - [ERROR] => MongoDB connection error => querySrv ENOTFOUND _mongodb._tcp.testcluster.urrgt.mongodb.net
[2026-08-22 14:24:55] - [ERROR] => Restarting Mongo server
[2026-08-22 14:24:55] - [ERROR] => MongoDB connection error => querySrv ENOTFOUND _mongodb._tcp.testcluster.urrgt.mongodb.net
[2026-08-22 14:24:57] - [ERROR] => Restarting Mongo server
[2026-08-22 14:24:57] - [ERROR] => MongoDB connection error => querySrv ENOTFOUND _mongodb._tcp.testcluster.urrgt.mongodb.net
[2026-08-22 14:24:59] - [ERROR] => Restarting Mongo server
[2026-08-22 14:24:59] - [ERROR] => MongoDB connection error => querySrv ENOTFOUND _mongodb._tcp.testcluster.urrgt.mongodb.net
[2026-08-22 14:25:01] - [ERROR] => Restarting Mongo server
[2026-08-22 14:25:01] - [ERROR] => MongoDB connection error => querySrv ENOTFOUND _mongodb._tcp.testcluster.urrgt.mongodb.net
[2026-08-22 14:25:03] - [ERROR] => Restarting Mongo server
[2026-08-22 14:25:03] - [ERROR] => MongoDB connection error => querySrv ENOTFOUND _mongodb._tcp.testcluster.urrgt.mongodb.net
[2026-08-22 14:25:05] - [ERROR] => Restarting Mongo server
[2026-08-22 14:25:05] - [ERROR] => MongoDB connection error => querySrv ENOTFOUND _mongodb._tcp.testcluster.urrgt.mongodb.net
[2026-08-22 14:25:07] - [ERROR] => Restarting Mongo server
[2026-08-22 14:25:07] - [ERROR] => MongoDB connection error => querySrv ENOTFOUND _mongodb._tcp.testcluster.urrgt.mongodb.net
[2026-08-22 14:25:09] - [ERROR] => Restarting Mongo server
[2026-08-22 14:25:09] - [ERROR] => MongoDB connection error => querySrv ENOTFOUND _mongodb._tcp.testcluster.urrgt.mongodb.net
[2026-08-22 14:25:11] - [ERROR] => Restarting Mongo server
[2026-08-22 14:25:11] - [ERROR] => MongoDB connection error => querySrv ENOTFOUND _mongodb._tcp.testcluster.urrgt.mongodb.net
[2026-08-22 14:25:13] - [ERROR] => Restarting Mongo server
[2026-08-22 14:25:13] - [ERROR] => MongoDB connection error => querySrv ENOTFOUND _mongodb._tcp.testcluster.urrgt.mongodb.net
[2026-08-22 14:25:15] - [ERROR] => Restarting Mongo server
[2026-08-22 14:25:15] - [ERROR] => MongoDB connection error => querySrv ENOTFOUND _mongodb._tcp.testcluster.urrgt.mongodb.net
[2026-08-22 14:25:17] - [ERROR] => Restarting Mongo server
[2026-08-22 14:25:17] - [ERROR] => MongoDB connection error => querySrv ENOTFOUND _mongodb._tcp.testcluster.urrgt.mongodb.net
[2026-08-22 14:25:19] - [ERROR] => Restarting Mongo server
[2026-08-22 14:25:19] - [ERROR] => MongoDB connection error => querySrv ENOTFOUND _mongodb._tcp.testcluster.urrgt.mongodb.net
[2026-08-22 14:25:21] - [ERROR] => Restarting Mongo server
[2026-08-22 14:25:21] - [ERROR] => MongoDB connection error => querySrv ENOTFOUND _mongodb._tcp.testcluster.urrgt.mongodb.net
[2026-08-22 14:25:23] - [ERROR] => Restarting Mongo server
[2026-08-22 14:25:23] - [ERROR] => MongoDB connection error => querySrv ENOTFOUND _mongodb._tcp.testcluster.urrgt.mongodb.net
[2026-08-22 14:25:25] - [ERROR] => Restarting Mongo server
[2026-08-22 14:25:25] - [ERROR] => MongoDB connection error => querySrv ENOTFOUND _mongodb._tcp.testcluster.urrgt.mongodb.net
[2026-08-22 14:25:27] - [ERROR] => Restarting Mongo server
[2026-08-22 14:25:27] - [ERROR] => MongoDB connection error => querySrv ENOTFOUND _mongodb._tcp.testcluster.urrgt.mongodb.net
[2026-08-22 14:25:29] - [ERROR] => Restarting Mongo server
[2026-08-22 14:25:29] - [ERROR] => MongoDB connection error => querySrv ENOTFOUND _mongodb._tcp.testcluster.urrgt.mongodb.net
[2026-08-22 14:25:31] - [ERROR] => Restarting Mongo server
[2026-08-22 14:25:31] - [ERROR] => MongoDB connection error => querySrv ENOTFOUND _mongodb._tcp.testcluster.urrgt.mongodb.net
[2026-08-22 14:25:33] - [ERROR] => Restarting Mongo server
[2026-08-22 14:25:34] - [ERROR] => MongoDB connection error => querySrv ENOTFOUND _mongodb._tcp.testcluster.urrgt.mongodb.net
[2026-08-22 14:25:36] - [ERROR] => Restarting Mongo server
[2026-08-22 14:25:36] - [ERROR] => MongoDB connection error => querySrv ENOTFOUND _mongodb._tcp.testcluster.urrgt.mongodb.net
[2026-08-22 14:25:38] - [ERROR] => Restarting Mongo server
[2026-08-22 14:25:38] - [ERROR] => MongoDB connection error => querySrv ENOTFOUND _mongodb._tcp.testcluster.urrgt.mongodb.net
[2026-08-22 14:25:40] - [ERROR] => Restarting Mongo server
[2026-08-22 14:25:40] - [ERROR] => MongoDB connection error => querySrv ENOTFOUND _mongodb._tcp.testcluster.urrgt.mongodb.net
[2026-08-22 14:25:42] - [ERROR] => Restarting Mongo server
[2026-08-22 14:25:42] - [ERROR] => MongoDB connection error => querySrv ENOTFOUND _mongodb._tcp.testcluster.urrgt.mongodb.net
[2026-08-22 14:25:44] - [ERROR] => Restarting Mongo server
[2026-08-22 14:25:44] - [ERROR] => MongoDB connection error => querySrv ENOTFOUND _mongodb._tcp.testcluster.urrgt.mongodb.net
[2026-08-22 14:25:46] - [ERROR] => Restarting Mongo server
[2026-08-22 14:25:46] - [ERROR] => MongoDB connection error => querySrv ENOTFOUND _mongodb._tcp.testcluster.urrgt.mongodb.net
[2026-08-22 14:25:48] - [ERROR] => Restarting Mongo server
[2026-08-22 14:25:48] - [ERROR] => MongoDB connection error => querySrv ENOTFOUND _mongodb._tcp.testcluster.urrgt.mongodb.net
[2026-08-22 14:25:50] - [ERROR] => Restarting Mongo server
[2026-08-22 14:25:50] - [ERROR] => MongoDB connection error => querySrv ENOTFOUND _mongodb._tcp.testcluster.urrgt.mongodb.net
[2026-08-22 14:25:52] - [ERROR] => Restarting Mongo server
[2026-08-22 14:25:52] - [ERROR] => MongoDB connection error => querySrv ENOTFOUND _mongodb._tcp.testcluster.urrgt.mongodb.net
[2026-08-22 14:25:54] - [ERROR] => Restarting Mongo server
[2026-08-22 14:25:54] - [ERROR] => MongoDB connection error => querySrv ENOTFOUND _mongodb._tcp.testcluster.urrgt.mongodb.net
[2026-08-22 14:25:56] - [ERROR] => Restarting Mongo server
[2026-08-22 14:25:56] - [ERROR] => MongoDB connection error => querySrv ENOTFOUND _mongodb._tcp.testcluster.urrgt.mongodb.net
[2026-08-22 14:25:58] - [ERROR] => Restarting Mongo server
[2026-08-22 14:25:58] - [ERROR] => MongoDB connection error => querySrv ENOTFOUND _mongodb._tcp.testcluster.urrgt.mongodb.net
[2026-08-22 14:26:00] - [ERROR] => Restarting Mongo server
[2026-08-22 14:26:00] - [ERROR] => MongoDB connection error => querySrv ENOTFOUND _mongodb._tcp.testcluster.urrgt.mongodb.net
[2026-08-22 14:26:02] - [ERROR] => Restarting Mongo server
[2026-08-22 14:26:02] - [ERROR] => MongoDB connection error => querySrv ENOTFOUND _mongodb._tcp.testcluster.urrgt.mongodb.net
[2026-08-22 14:26:04] - [ERROR] => Restarting Mongo server
[2026-08-22 14:26:04] - [ERROR] => MongoDB connection error => querySrv ENOTFOUND _mongodb._tcp.testcluster.urrgt.mongodb.net
[2026-08-22 14:26:06] - [ERROR] => Restarting Mongo server
[2026-08-22 14:26:06] - [ERROR] => MongoDB connection error => querySrv ENOTFOUND _mongodb._tcp.testcluster.urrgt.mongodb.net
[2026-08-22 14:26:08] - [ERROR] => Restarting Mongo server
[2026-08-22 14:26:08] - [ERROR] => MongoDB connection error => querySrv ENOTFOUND _mongodb._tcp.testcluster.urrgt.mongodb.net
[2026-08-22 14:26:10] - [ERROR] => Restarting Mongo server
[2026-08-22 14:26:10] - [ERROR] => MongoDB connection error => querySrv ENOTFOUND _mongodb._tcp.testcluster.urrgt.mongodb.net
[2026-08-22 14:26:12] - [ERROR] => Restarting Mongo server
[2026-08-22 14:26:12] - [ERROR] => MongoDB connection error => querySrv ENOTFOUND _mongodb._tcp.testcluster.urrgt.mongodb.net
[2026-08-22 14:26:14] - [ERROR] => Restarting Mongo server
[2026-08-22 14:26:14] - [ERROR] => MongoDB connection error => querySrv ENOTFOUND _mongodb._tcp.testcluster.urrgt.mongodb.net
[2026-08-22 14:26:16] - [ERROR] => Restarting Mongo server
[2026-08-22 14:26:16] - [ERROR] => MongoDB connection error => querySrv ENOTFOUND _mongodb._tcp.testcluster.urrgt.mongodb.net
[2026-08-22 14:26:18] - [ERROR] => Restarting Mongo server
[2026-08-22 14:26:18] - [ERROR] => MongoDB connection error => querySrv ENOTFOUND _mongodb._tcp.testcluster.urrgt.mongodb.net
[2026-08-22 14:26:20] - [ERROR] => Restarting Mongo server
[2026-08-22 14:26:20] - [ERROR] => MongoDB connection error => querySrv ENOTFOUND _mongodb._tcp.testcluster.urrgt.mongodb.net
[2026-08-22 14:26:22] - [ERROR] => Restarting Mongo server
[2026-08-22 14:26:22] - [ERROR] => MongoDB connection error => querySrv ENOTFOUND _mongodb._tcp.testcluster.urrgt.mongodb.net
[2026-08-22 14:26:24] - [ERROR] => Restarting Mongo server
[2026-08-22 14:26:24] - [ERROR] => MongoDB connection error => querySrv ENOTFOUND _mongodb._tcp.testcluster.urrgt.mongodb.net
[2026-08-22 14:26:26] - [ERROR] => Restarting Mongo server
[2026-08-22 14:26:26] - [ERROR] => MongoDB connection error => querySrv ENOTFOUND _mongodb._tcp.testcluster.urrgt.mongodb.net
[2026-08-22 14:26:28] - [ERROR] => Restarting Mongo server
[2026-08-22 14:26:28] - [ERROR] => MongoDB connection error => querySrv ENOTFOUND _mongodb._tcp.testcluster.urrgt.mongodb.net
[2026-08-22 14:26:30] - [ERROR] => Restarting Mongo server
[2026-08-22 14:26:30] - [ERROR] => MongoDB connection error => querySrv ENOTFOUND _mongodb._tcp.testcluster.urrgt.mongodb.net
[2026-08-22 14:26:32] - [ERROR] => Restarting Mongo server
[2026-08-22 14:26:32] - [ERROR] => MongoDB connection error => querySrv ENOTFOUND _mongodb._tcp.testcluster.urrgt.mongodb.net
[2026-08-22 14:26:34] - [ERROR] => Restarting Mongo server
[2026-08-22 14:26:35] - [ERROR] => MongoDB connection error => querySrv ENOTFOUND _mongodb._tcp.testcluster.urrgt.mongodb.net
[2026-08-22 14:26:37] - [ERROR] => Restarting Mongo server
[2026-08-22 14:26:37] - [ERROR] => MongoDB connection error => querySrv ENOTFOUND _mongodb._tcp.testcluster.urrgt.mongodb.net
[2026-08-22 14:26:39] - [ERROR] => Restarting Mongo server
[2026-08-22 14:26:39] - [ERROR] => MongoDB connection error => querySrv ENOTFOUND _mongodb._tcp.testcluster.urrgt.mongodb.net
[2026-08-22 14:26:41] - [ERROR] => Restarting Mongo server
[2026-08-22 14:26:41] - [ERROR] => MongoDB connection error => querySrv ENOTFOUND _mongodb._tcp.testcluster.urrgt.mongodb.net
[2026-08-22 14:26:43] - [ERROR] => Restarting Mongo server
[2026-08-22 14:26:43] - [ERROR] => MongoDB connection error => querySrv ENOTFOUND _mongodb._tcp.testcluster.urrgt.mongodb.net
[2026-08-22 14:26:45] - [ERROR] => Restarting Mongo server
[2026-08-22 14:26:45] - [ERROR] => MongoDB connection error => querySrv ENOTFOUND _mongodb._tcp.testcluster.urrgt.mongodb.net
[2026-08-22 14:26:47] - [ERROR] => Restarting Mongo server
[2026-08-22 14:26:47] - [ERROR] => MongoDB connection error => querySrv ENOTFOUND _mongodb._tcp.testcluster.urrgt.mongodb.net
[2026-08-22 14:26:49] - [ERROR] => Restarting Mongo server
[2026-08-22 14:26:49] - [ERROR] => MongoDB connection error => querySrv ENOTFOUND _mongodb._tcp.testcluster.urrgt.mongodb.net
[2026-08-22 14:26:51] - [ERROR] => Restarting Mongo server
[2026-08-22 14:26:51] - [ERROR] => MongoDB connection error => querySrv ENOTFOUND _mongodb._tcp.testcluster.urrgt.mongodb.net
[2026-08-22 14:26:53] - [ERROR] => Restarting Mongo server
[2026-08-22 14:26:53] - [ERROR] => MongoDB connection error => querySrv ENOTFOUND _mongodb._tcp.testcluster.urrgt.mongodb.net
[2026-08-22 14:26:55] - [ERROR] => Restarting Mongo server
[2026-08-22 14:26:55] - [ERROR] => MongoDB connection error => querySrv ENOTFOUND _mongodb._tcp.testcluster.urrgt.mongodb.net
[2026-08-22 14:26:57] - [ERROR] => Restarting Mongo server
[2026-08-22 14:26:57] - [ERROR] => MongoDB connection error => querySrv ENOTFOUND _mongodb._tcp.testcluster.urrgt.mongodb.net
[2026-08-22 14:26:59] - [ERROR] => Restarting Mongo server
[2026-08-22 14:26:59] - [ERROR] => MongoDB connection error => querySrv ENOTFOUND _mongodb._tcp.testcluster.urrgt.mongodb.net
[2026-08-22 14:27:01] - [ERROR] => Restarting Mongo server
[2026-08-22 14:27:01] - [ERROR] => MongoDB connection error => querySrv ENOTFOUND _mongodb._tcp.testcluster.urrgt.mongodb.net
[2026-08-22 14:27:03] - [ERROR] => Restarting Mongo server
[2026-08-22 14:27:03] - [ERROR] => MongoDB connection error => querySrv ENOTFOUND _mongodb._tcp.testcluster.urrgt.mongodb.net
[2026-08-22 14:27:05] - [ERROR] => Restarting Mongo server
[2026-08-22 14:27:05] - [ERROR] => MongoDB connection error => querySrv ENOTFOUND _mongodb._tcp.testcluster.urrgt.mongodb.net
[2026-08-22 14:27:07] - [ERROR] => Restarting Mongo server
[2026-08-22 14:27:07] - [ERROR] => MongoDB connection error => querySrv ENOTFOUND _mongodb._tcp.testcluster.urrgt.mongodb.net
[2026-08-22 14:27:09] - [ERROR] => Restarting Mongo server
[2026-08-22 14:27:09] - [ERROR] => MongoDB connection error => querySrv ENOTFOUND _mongodb._tcp.testcluster.urrgt.mongodb.net
[2026-08-22 14:27:11] - [ERROR] => Restarting Mongo server
[2026-08-22 14:27:11] - [ERROR] => MongoDB connection error => querySrv ENOTFOUND _mongodb._tcp.testcluster.urrgt.mongodb.net
[2026-08-22 14:27:13] - [ERROR] => Restarting Mongo server
[2026-08-22 14:27:13] - [ERROR] => MongoDB connection error => querySrv ENOTFOUND _mongodb._tcp.testcluster.urrgt.mongodb.net
[2026-08-22 14:27:15] - [ERROR] => Restarting Mongo server
[2026-08-22 14:27:15] - [ERROR] => MongoDB connection error => querySrv ENOTFOUND _mongodb._tcp.testcluster.urrgt.mongodb.net
[2026-08-22 14:27:17] - [ERROR] => Restarting Mongo server
[2026-08-22 14:27:17] - [ERROR] => MongoDB connection error => querySrv ENOTFOUND _mongodb._tcp.testcluster.urrgt.mongodb.net
[2026-08-22 14:27:19] - [ERROR] => Restarting Mongo server
[2026-08-22 14:27:19] - [ERROR] => MongoDB connection error => querySrv ENOTFOUND _mongodb._tcp.testcluster.urrgt.mongodb.net
[2026-08-22 14:27:21] - [ERROR] => Restarting Mongo server
[2026-08-22 14:27:21] - [ERROR] => MongoDB connection error => querySrv ENOTFOUND _mongodb._tcp.testcluster.urrgt.mongodb.net
[2026-08-22 14:27:23] - [ERROR] => Restarting Mongo server
[2026-08-22 14:27:23] - [ERROR] => MongoDB connection error => querySrv ENOTFOUND _mongodb._tcp.testcluster.urrgt.mongodb.net
[2026-08-22 14:27:25] - [ERROR] => Restarting Mongo server
[2026-08-22 14:27:25] - [ERROR] => MongoDB connection error => querySrv ENOTFOUND _mongodb._tcp.testcluster.urrgt.mongodb.net
[2026-08-22 14:27:27] - [ERROR] => Restarting Mongo server
[2026-08-22 14:27:27] - [ERROR] => MongoDB connection error => querySrv ENOTFOUND _mongodb._tcp.testcluster.urrgt.mongodb.net
[2026-08-22 14:27:29] - [ERROR] => Restarting Mongo server
[2026-08-22 14:27:29] - [ERROR] => MongoDB connection error => querySrv ENOTFOUND _mongodb._tcp.testcluster.urrgt.mongodb.net
[2026-08-22 14:27:31] - [ERROR] => Restarting Mongo server
[2026-08-22 14:27:31] - [ERROR] => MongoDB connection error => querySrv ENOTFOUND _mongodb._tcp.testcluster.urrgt.mongodb.net
[2026-08-22 14:27:33] - [ERROR] => Restarting Mongo server
[2026-08-22 14:27:33] - [ERROR] => MongoDB connection error => querySrv ENOTFOUND _mongodb._tcp.testcluster.urrgt.mongodb.net
[2026-08-22 14:27:35] - [ERROR] => Restarting Mongo server
[2026-08-22 14:27:36] - [ERROR] => MongoDB connection error => querySrv ENOTFOUND _mongodb._tcp.testcluster.urrgt.mongodb.net
[2026-08-22 14:27:38] - [ERROR] => Restarting Mongo server
[2026-08-22 14:27:38] - [ERROR] => MongoDB connection error => querySrv ENOTFOUND _mongodb._tcp.testcluster.urrgt.mongodb.net
[2026-08-22 14:27:41] - [ERROR] => Restarting Mongo server
[2026-08-22 14:27:41] - [ERROR] => MongoDB connection error => querySrv ENOTFOUND _mongodb._tcp.testcluster.urrgt.mongodb.net
[2026-08-22 14:27:43] - [ERROR] => Restarting Mongo server
[2026-08-22 14:27:43] - [ERROR] => MongoDB connection error => querySrv ENOTFOUND _mongodb._tcp.testcluster.urrgt.mongodb.net
[2026-08-22 14:27:45] - [ERROR] => Restarting Mongo server
[2026-08-22 14:27:45] - [ERROR] => MongoDB connection error => querySrv ENOTFOUND _mongodb._tcp.testcluster.urrgt.mongodb.net
[2026-08-22 14:27:47] - [ERROR] => Restarting Mongo server
[2026-08-22 14:27:47] - [ERROR] => MongoDB connection error => querySrv ENOTFOUND _mongodb._tcp.testcluster.urrgt.mongodb.net
[2026-08-22 14:27:49] - [ERROR] => Restarting Mongo server
[2026-08-22 14:27:49] - [ERROR] => MongoDB connection error => querySrv ENOTFOUND _mongodb._tcp.testcluster.urrgt.mongodb.net
[2026-08-22 14:27:51] - [ERROR] => Restarting Mongo server
[2026-08-22 14:27:51] - [ERROR] => MongoDB connection error => querySrv ENOTFOUND _mongodb._tcp.testcluster.urrgt.mongodb.net
[2026-08-22 14:27:53] - [ERROR] => Restarting Mongo server
[2026-08-22 14:27:53] - [ERROR] => MongoDB connection error => querySrv ENOTFOUND _mongodb._tcp.testcluster.urrgt.mongodb.net
[2026-08-22 14:27:55] - [ERROR] => Restarting Mongo server
[2026-08-22 14:27:55] - [ERROR] => MongoDB connection error => querySrv ENOTFOUND _mongodb._tcp.testcluster.urrgt.mongodb.net
[2026-08-22 14:27:57] - [ERROR] => Restarting Mongo server
[2026-08-22 14:27:57] - [ERROR] => MongoDB connection error => querySrv ENOTFOUND _mongodb._tcp.testcluster.urrgt.mongodb.net
[2026-08-22 14:27:59] - [ERROR] => Restarting Mongo server
[2026-08-22 14:27:59] - [ERROR] => MongoDB connection error => querySrv ENOTFOUND _mongodb._tcp.testcluster.urrgt.mongodb.net
[2026-08-22 14:28:01] - [ERROR] => Restarting Mongo server
[2026-08-22 14:28:01] - [ERROR] => MongoDB connection error => querySrv ENOTFOUND _mongodb._tcp.testcluster.urrgt.mongodb.net
[2026-08-22 14:28:03] - [ERROR] => Restarting Mongo server
[2026-08-22 14:28:03] - [ERROR] => MongoDB connection error => querySrv ENOTFOUND _mongodb._tcp.testcluster.urrgt.mongodb.net
[2026-08-22 14:28:05] - [ERROR] => Restarting Mongo server
[2026-08-22 14:28:05] - [ERROR] => MongoDB connection error => querySrv ENOTFOUND _mongodb._tcp.testcluster.urrgt.mongodb.net
[2026-08-22 14:28:07] - [ERROR] => Restarting Mongo server
[2026-08-22 14:28:07] - [ERROR] => MongoDB connection error => querySrv ENOTFOUND _mongodb._tcp.testcluster.urrgt.mongodb.net
[2026-08-22 14:28:09] - [ERROR] => Restarting Mongo server
[2026-08-22 14:28:09] - [ERROR] => MongoDB connection error => querySrv ENOTFOUND _mongodb._tcp.testcluster.urrgt.mongodb.net
[2026-08-22 14:28:11] - [ERROR] => Restarting Mongo server
[2026-08-22 14:28:11] - [ERROR] => MongoDB connection error => querySrv ENOTFOUND _mongodb._tcp.testcluster.urrgt.mongodb.net
[2026-08-22 14:28:13] - [ERROR] => Restarting Mongo server
[2026-08-22 14:28:13] - [ERROR] => MongoDB connection error => querySrv ENOTFOUND _mongodb._tcp.testcluster.urrgt.mongodb.net
[2026-08-22 14:28:15] - [ERROR] => Restarting Mongo server
[2026-08-22 14:28:15] - [ERROR] => MongoDB connection error => querySrv ENOTFOUND _mongodb._tcp.testcluster.urrgt.mongodb.net
[2026-08-22 14:28:17] - [ERROR] => Restarting Mongo server
[2026-08-22 14:28:17] - [ERROR] => MongoDB connection error => querySrv ENOTFOUND _mongodb._tcp.testcluster.urrgt.mongodb.net
[2026-08-22 14:28:19] - [ERROR] => Restarting Mongo server
[2026-08-22 14:28:19] - [ERROR] => MongoDB connection error => querySrv ENOTFOUND _mongodb._tcp.testcluster.urrgt.mongodb.net
[2026-08-22 14:28:21] - [ERROR] => Restarting Mongo server
[2026-08-22 14:28:21] - [ERROR] => MongoDB connection error => querySrv ENOTFOUND _mongodb._tcp.testcluster.urrgt.mongodb.net
[2026-08-22 14:28:23] - [ERROR] => Restarting Mongo server
[2026-08-22 14:28:23] - [ERROR] => MongoDB connection error => querySrv ENOTFOUND _mongodb._tcp.testcluster.urrgt.mongodb.net
[2026-08-22 14:28:25] - [ERROR] => Restarting Mongo server
[2026-08-22 14:28:25] - [ERROR] => MongoDB connection error => querySrv ENOTFOUND _mongodb._tcp.testcluster.urrgt.mongodb.net
[2026-08-22 14:28:27] - [ERROR] => Restarting Mongo server
[2026-08-22 14:28:27] - [ERROR] => MongoDB connection error => querySrv ENOTFOUND _mongodb._tcp.testcluster.urrgt.mongodb.net
[2026-08-22 14:28:29] - [ERROR] => Restarting Mongo server
[2026-08-22 14:28:29] - [ERROR] => MongoDB connection error => querySrv ENOTFOUND _mongodb._tcp.testcluster.urrgt.mongodb.net
[2026-08-22 14:28:31] - [ERROR] => Restarting Mongo server
[2026-08-22 14:28:31] - [ERROR] => MongoDB connection error => querySrv ENOTFOUND _mongodb._tcp.testcluster.urrgt.mongodb.net
[2026-08-22 14:28:33] - [ERROR] => Restarting Mongo server
[2026-08-22 14:28:33] - [ERROR] => MongoDB connection error => querySrv ENOTFOUND _mongodb._tcp.testcluster.urrgt.mongodb.net
[2026-08-22 14:28:35] - [ERROR] => Restarting Mongo server
[2026-08-22 14:28:35] - [ERROR] => MongoDB connection error => querySrv ENOTFOUND _mongodb._tcp.testcluster.urrgt.mongodb.net
[2026-08-22 14:28:37] - [ERROR] => Restarting Mongo server
[2026-08-22 14:28:38] - [ERROR] => MongoDB connection error => querySrv ENOTFOUND _mongodb._tcp.testcluster.urrgt.mongodb.net
[2026-08-22 14:28:40] - [ERROR] => Restarting Mongo server
[2026-08-22 14:28:40] - [ERROR] => MongoDB connection error => querySrv ENOTFOUND _mongodb._tcp.testcluster.urrgt.mongodb.net
[2026-08-22 14:28:42] - [ERROR] => Restarting Mongo server
[2026-08-22 14:28:42] - [ERROR] => MongoDB connection error => querySrv ENOTFOUND _mongodb._tcp.testcluster.urrgt.mongodb.net
[2026-08-22 14:28:44] - [ERROR] => Restarting Mongo server
[2026-08-22 14:28:44] - [ERROR] => MongoDB connection error => querySrv ENOTFOUND _mongodb._tcp.testcluster.urrgt.mongodb.net
[2026-08-22 14:28:46] - [ERROR] => Restarting Mongo server
[2026-08-22 14:28:46] - [ERROR] => MongoDB connection error => querySrv ENOTFOUND _mongodb._tcp.testcluster.urrgt.mongodb.net
[2026-08-22 14:28:48] - [ERROR] => Restarting Mongo server
[2026-08-22 14:28:48] - [ERROR] => MongoDB connection error => querySrv ENOTFOUND _mongodb._tcp.testcluster.urrgt.mongodb.net
[2026-08-22 14:28:50] - [ERROR] => Restarting Mongo server
[2026-08-22 14:28:50] - [ERROR] => MongoDB connection error => querySrv ENOTFOUND _mongodb._tcp.testcluster.urrgt.mongodb.net
[2026-08-22 14:28:52] - [ERROR] => Restarting Mongo server
[2026-08-22 14:28:52] - [ERROR] => MongoDB connection error => querySrv ENOTFOUND _mongodb._tcp.testcluster.urrgt.mongodb.net
[2026-08-22 14:28:54] - [ERROR] => Restarting Mongo server
[2026-08-22 14:28:54] - [ERROR] => MongoDB connection error => querySrv ENOTFOUND _mongodb._tcp.testcluster.urrgt.mongodb.net
[2026-08-22 14:28:56] - [ERROR] => Restarting Mongo server
[2026-08-22 14:28:56] - [ERROR] => MongoDB connection error => querySrv ENOTFOUND _mongodb._tcp.testcluster.urrgt.mongodb.net
[2026-08-22 14:28:58] - [ERROR] => Restarting Mongo server
[2026-08-22 14:28:58] - [ERROR] => MongoDB connection error => querySrv ENOTFOUND _mongodb._tcp.testcluster.urrgt.mongodb.net
[2026-08-22 14:29:00] - [ERROR] => Restarting Mongo server
[2026-08-22 14:29:00] - [ERROR] => MongoDB connection error => querySrv ENOTFOUND _mongodb._tcp.testcluster.urrgt.mongodb.net
[2026-08-22 14:29:02] - [ERROR] => Restarting Mongo server
[2026-08-22 14:29:02] - [ERROR] => MongoDB connection error => querySrv ENOTFOUND _mongodb._tcp.testcluster.urrgt.mongodb.net
[2026-08-22 14:29:04] - [ERROR] => Restarting Mongo server
[2026-08-22 14:29:04] - [ERROR] => MongoDB connection error => querySrv ENOTFOUND _mongodb._tcp.testcluster.urrgt.mongodb.net
[2026-08-22 14:29:06] - [ERROR] => Restarting Mongo server
[2026-08-22 14:29:06] - [ERROR] => MongoDB connection error => querySrv ENOTFOUND _mongodb._tcp.testcluster.urrgt.mongodb.net
[2026-08-22 14:29:08] - [ERROR] => Restarting Mongo server
[2026-08-22 14:29:08] - [ERROR] => MongoDB connection error => querySrv ENOTFOUND _mongodb._tcp.testcluster.urrgt.mongodb.net
[2026-08-22 14:29:10] - [ERROR] => Restarting Mongo server
[2026-08-22 14:29:10] - [ERROR] => MongoDB connection error => querySrv ENOTFOUND _mongodb._tcp.testcluster.urrgt.mongodb.net
[2026-08-22 14:29:12] - [ERROR] => Restarting Mongo server
[2026-08-22 14:29:12] - [ERROR] => MongoDB connection error => querySrv ENOTFOUND _mongodb._tcp.testcluster.urrgt.mongodb.net
[2026-08-22 14:29:14] - [ERROR] => Restarting Mongo server
[2026-08-22 14:29:14] - [ERROR] => MongoDB connection error => querySrv ENOTFOUND _mongodb._tcp.testcluster.urrgt.mongodb.net
[2026-08-22 14:29:16] - [ERROR] => Restarting Mongo server
[2026-08-22 14:29:16] - [ERROR] => MongoDB connection error => querySrv ENOTFOUND _mongodb._tcp.testcluster.urrgt.mongodb.net
[2026-08-22 14:29:18] - [ERROR] => Restarting Mongo server
[2026-08-22 14:29:18] - [ERROR] => MongoDB connection error => querySrv ENOTFOUND _mongodb._tcp.testcluster.urrgt.mongodb.net
[2026-08-22 14:29:20] - [ERROR] => Restarting Mongo server
[2026-08-22 14:29:20] - [ERROR] => MongoDB connection error => querySrv ENOTFOUND _mongodb._tcp.testcluster.urrgt.mongodb.net
[2026-08-22 14:29:22] - [ERROR] => Restarting Mongo server
[2026-08-22 14:29:22] - [ERROR] => MongoDB connection error => querySrv ENOTFOUND _mongodb._tcp.testcluster.urrgt.mongodb.net
[2026-08-22 14:29:24] - [ERROR] => Restarting Mongo server
[2026-08-22 14:29:24] - [ERROR] => MongoDB connection error => querySrv ENOTFOUND _mongodb._tcp.testcluster.urrgt.mongodb.net
[2026-08-22 14:29:26] - [ERROR] => Restarting Mongo server
[2026-08-22 14:29:26] - [ERROR] => MongoDB connection error => querySrv ENOTFOUND _mongodb._tcp.testcluster.urrgt.mongodb.net
[2026-08-22 14:29:28] - [ERROR] => Restarting Mongo server
[2026-08-22 14:29:29] - [ERROR] => MongoDB connection error => querySrv ENOTFOUND _mongodb._tcp.testcluster.urrgt.mongodb.net
[2026-08-22 14:29:31] - [ERROR] => Restarting Mongo server
[2026-08-22 14:29:31] - [ERROR] => MongoDB connection error => querySrv ENOTFOUND _mongodb._tcp.testcluster.urrgt.mongodb.net
[2026-08-22 14:29:33] - [ERROR] => Restarting Mongo server
[2026-08-22 14:29:33] - [ERROR] => MongoDB connection error => querySrv ENOTFOUND _mongodb._tcp.testcluster.urrgt.mongodb.net
[2026-08-22 14:29:35] - [ERROR] => Restarting Mongo server
[2026-08-22 14:29:35] - [ERROR] => MongoDB connection error => querySrv ENOTFOUND _mongodb._tcp.testcluster.urrgt.mongodb.net
[2026-08-22 14:29:37] - [ERROR] => Restarting Mongo server
[2026-08-22 14:29:37] - [ERROR] => MongoDB connection error => querySrv ENOTFOUND _mongodb._tcp.testcluster.urrgt.mongodb.net
[2026-08-22 14:29:39] - [ERROR] => Restarting Mongo server
[2026-08-22 14:29:40] - [ERROR] => MongoDB connection error => querySrv ENOTFOUND _mongodb._tcp.testcluster.urrgt.mongodb.net
[2026-08-22 14:29:42] - [ERROR] => Restarting Mongo server
[2026-08-22 14:29:42] - [ERROR] => MongoDB connection error => querySrv ENOTFOUND _mongodb._tcp.testcluster.urrgt.mongodb.net
[2026-08-22 14:29:44] - [ERROR] => Restarting Mongo server
[2026-08-22 14:29:44] - [ERROR] => MongoDB connection error => querySrv ENOTFOUND _mongodb._tcp.testcluster.urrgt.mongodb.net
[2026-08-22 14:29:46] - [ERROR] => Restarting Mongo server
[2026-08-22 14:29:46] - [ERROR] => MongoDB connection error => querySrv ENOTFOUND _mongodb._tcp.testcluster.urrgt.mongodb.net
[2026-08-22 14:29:48] - [ERROR] => Restarting Mongo server
[2026-08-22 14:29:48] - [ERROR] => MongoDB connection error => querySrv ENOTFOUND _mongodb._tcp.testcluster.urrgt.mongodb.net
[2026-08-22 14:29:50] - [ERROR] => Restarting Mongo server
[2026-08-22 14:29:50] - [ERROR] => MongoDB connection error => querySrv ENOTFOUND _mongodb._tcp.testcluster.urrgt.mongodb.net
[2026-08-22 14:29:52] - [ERROR] => Restarting Mongo server
[2026-08-22 14:29:52] - [ERROR] => MongoDB connection error => querySrv ENOTFOUND _mongodb._tcp.testcluster.urrgt.mongodb.net
[2026-08-22 14:29:54] - [ERROR] => Restarting Mongo server
[2026-08-22 14:29:54] - [ERROR] => MongoDB connection error => querySrv ENOTFOUND _mongodb._tcp.testcluster.urrgt.mongodb.net
[2026-08-22 14:29:56] - [ERROR] => Restarting Mongo server
[2026-08-22 14:29:56] - [ERROR] => MongoDB connection error => querySrv ENOTFOUND _mongodb._tcp.testcluster.urrgt.mongodb.net
[2026-08-22 14:29:58] - [ERROR] => Restarting Mongo server
[2026-08-22 14:29:58] - [ERROR] => MongoDB connection error => querySrv ENOTFOUND _mongodb._tcp.testcluster.urrgt.mongodb.net
[2026-08-22 14:30:00] - [ERROR] => Restarting Mongo server
[2026-08-22 14:30:00] - [ERROR] => MongoDB connection error => querySrv ENOTFOUND _mongodb._tcp.testcluster.urrgt.mongodb.net
[2026-08-22 14:30:02] - [ERROR] => Restarting Mongo server
[2026-08-22 14:30:02] - [ERROR] => MongoDB connection error => querySrv ENOTFOUND _mongodb._tcp.testcluster.urrgt.mongodb.net
[2026-08-22 14:30:04] - [ERROR] => Restarting Mongo server
[2026-08-22 14:30:04] - [ERROR] => MongoDB connection error => querySrv ENOTFOUND _mongodb._tcp.testcluster.urrgt.mongodb.net
[2026-08-22 14:30:06] - [ERROR] => Restarting Mongo server
[2026-08-22 14:30:06] - [ERROR] => MongoDB connection error => querySrv ENOTFOUND _mongodb._tcp.testcluster.urrgt.mongodb.net
[2026-08-22 14:30:08] - [ERROR] => Restarting Mongo server
[2026-08-22 14:30:08] - [ERROR] => MongoDB connection error => querySrv ENOTFOUND _mongodb._tcp.testcluster.urrgt.mongodb.net
[2026-08-22 14:30:10] - [ERROR] => Restarting Mongo server
[2026-08-22 14:30:10] - [ERROR] => MongoDB connection error => querySrv ENOTFOUND _mongodb._tcp.testcluster.urrgt.mongodb.net
[2026-08-22 14:30:12] - [ERROR] => Restarting Mongo server
[2026-08-22 14:30:12] - [ERROR] => MongoDB connection error => querySrv ENOTFOUND _mongodb._tcp.testcluster.urrgt.mongodb.net
[2026-08-22 14:30:14] - [ERROR] => Restarting Mongo server
[2026-08-22 14:30:14] - [ERROR] => MongoDB connection error => querySrv ENOTFOUND _mongodb._tcp.testcluster.urrgt.mongodb.net
[2026-08-22 14:30:16] - [ERROR] => Restarting Mongo server
[2026-08-22 14:30:16] - [ERROR] => MongoDB connection error => querySrv ENOTFOUND _mongodb._tcp.testcluster.urrgt.mongodb.net
[2026-08-22 14:30:18] - [ERROR] => Restarting Mongo server
[2026-08-22 14:30:18] - [ERROR] => MongoDB connection error => querySrv ENOTFOUND _mongodb._tcp.testcluster.urrgt.mongodb.net
[2026-08-22 14:30:20] - [ERROR] => Restarting Mongo server
[2026-08-22 14:30:20] - [ERROR] => MongoDB connection error => querySrv ENOTFOUND _mongodb._tcp.testcluster.urrgt.mongodb.net
[2026-08-22 14:30:22] - [ERROR] => Restarting Mongo server
[2026-08-22 14:30:22] - [ERROR] => MongoDB connection error => querySrv ENOTFOUND _mongodb._tcp.testcluster.urrgt.mongodb.net
[2026-08-22 14:30:24] - [ERROR] => Restarting Mongo server
[2026-08-22 14:30:24] - [ERROR] => MongoDB connection error => querySrv ENOTFOUND _mongodb._tcp.testcluster.urrgt.mongodb.net
[2026-08-22 14:30:26] - [ERROR] => Restarting Mongo server
[2026-08-22 14:30:26] - [ERROR] => MongoDB connection error => querySrv ENOTFOUND _mongodb._tcp.testcluster.urrgt.mongodb.net
[2026-08-22 14:30:28] - [ERROR] => Restarting Mongo server
[2026-08-22 14:30:28] - [ERROR] => MongoDB connection error => querySrv ENOTFOUND _mongodb._tcp.testcluster.urrgt.mongodb.net
[2026-08-22 14:30:30] - [ERROR] => Restarting Mongo server
[2026-08-22 14:30:31] - [ERROR] => MongoDB connection error => querySrv ENOTFOUND _mongodb._tcp.testcluster.urrgt.mongodb.net
[2026-08-22 14:30:33] - [ERROR] => Restarting Mongo server
[2026-08-22 14:30:33] - [ERROR] => MongoDB connection error => querySrv ENOTFOUND _mongodb._tcp.testcluster.urrgt.mongodb.net
[2026-08-22 14:30:35] - [ERROR] => Restarting Mongo server
[2026-08-22 14:30:35] - [ERROR] => MongoDB connection error => querySrv ENOTFOUND _mongodb._tcp.testcluster.urrgt.mongodb.net
[2026-08-22 14:30:37] - [ERROR] => Restarting Mongo server
[2026-08-22 14:30:37] - [ERROR] => MongoDB connection error => querySrv ENOTFOUND _mongodb._tcp.testcluster.urrgt.mongodb.net
[2026-08-22 14:30:39] - [ERROR] => Restarting Mongo server
[2026-08-22 14:30:39] - [ERROR] => MongoDB connection error => querySrv ENOTFOUND _mongodb._tcp.testcluster.urrgt.mongodb.net
[2026-08-22 14:30:41] - [ERROR] => Restarting Mongo server
[2026-08-22 14:30:42] - [ERROR] => MongoDB connection error => querySrv ENOTFOUND _mongodb._tcp.testcluster.urrgt.mongodb.net
[2026-08-22 14:30:44] - [ERROR] => Restarting Mongo server
[2026-08-22 14:30:44] - [ERROR] => MongoDB connection error => querySrv ENOTFOUND _mongodb._tcp.testcluster.urrgt.mongodb.net
[2026-08-22 14:30:46] - [ERROR] => Restarting Mongo server
[2026-08-22 14:30:46] - [ERROR] => MongoDB connection error => querySrv ENOTFOUND _mongodb._tcp.testcluster.urrgt.mongodb.net
[2026-08-22 14:30:48] - [ERROR] => Restarting Mongo server
[2026-08-22 14:30:48] - [ERROR] => MongoDB connection error => querySrv ENOTFOUND _mongodb._tcp.testcluster.urrgt.mongodb.net
[2026-08-22 14:30:50] - [ERROR] => Restarting Mongo server
[2026-08-22 14:30:50] - [ERROR] => MongoDB connection error => querySrv ENOTFOUND _mongodb._tcp.testcluster.urrgt.mongodb.net
[2026-08-22 14:30:52] - [ERROR] => Restarting Mongo server
[2026-08-22 14:30:52] - [ERROR] => MongoDB connection error => querySrv ENOTFOUND _mongodb._tcp.testcluster.urrgt.mongodb.net
[2026-08-22 14:30:54] - [ERROR] => Restarting Mongo server
[2026-08-22 14:30:54] - [ERROR] => MongoDB connection error => querySrv ENOTFOUND _mongodb._tcp.testcluster.urrgt.mongodb.net
[2026-08-22 14:30:56] - [ERROR] => Restarting Mongo server
[2026-08-22 14:30:56] - [ERROR] => MongoDB connection error => querySrv ENOTFOUND _mongodb._tcp.testcluster.urrgt.mongodb.net
[2026-08-22 14:30:58] - [ERROR] => Restarting Mongo server
[2026-08-22 14:30:58] - [ERROR] => MongoDB connection error => querySrv ENOTFOUND _mongodb._tcp.testcluster.urrgt.mongodb.net
[2026-08-22 14:31:00] - [ERROR] => Restarting Mongo server
[2026-08-22 14:31:00] - [ERROR] => MongoDB connection error => querySrv ENOTFOUND _mongodb._tcp.testcluster.urrgt.mongodb.net
[2026-08-22 14:31:02] - [ERROR] => Restarting Mongo server
[2026-08-22 14:31:02] - [ERROR] => MongoDB connection error => querySrv ENOTFOUND _mongodb._tcp.testcluster.urrgt.mongodb.net
[2026-08-22 14:31:04] - [ERROR] => Restarting Mongo server
[2026-08-22 14:31:04] - [ERROR] => MongoDB connection error => querySrv ENOTFOUND _mongodb._tcp.testcluster.urrgt.mongodb.net
[2026-08-22 14:31:06] - [ERROR] => Restarting Mongo server
[2026-08-22 14:31:06] - [ERROR] => MongoDB connection error => querySrv ENOTFOUND _mongodb._tcp.testcluster.urrgt.mongodb.net
[2026-08-22 14:31:08] - [ERROR] => Restarting Mongo server
[2026-08-22 14:31:08] - [ERROR] => MongoDB connection error => querySrv ENOTFOUND _mongodb._tcp.testcluster.urrgt.mongodb.net
[2026-08-22 14:31:10] - [ERROR] => Restarting Mongo server
[2026-08-22 14:31:10] - [ERROR] => MongoDB connection error => querySrv ENOTFOUND _mongodb._tcp.testcluster.urrgt.mongodb.net
[2026-08-22 14:31:12] - [ERROR] => Restarting Mongo server
[2026-08-22 14:31:12] - [ERROR] => MongoDB connection error => querySrv ENOTFOUND _mongodb._tcp.testcluster.urrgt.mongodb.net
[2026-08-22 14:31:14] - [ERROR] => Restarting Mongo server
[2026-08-22 14:31:14] - [ERROR] => MongoDB connection error => querySrv ENOTFOUND _mongodb._tcp.testcluster.urrgt.mongodb.net
[2026-08-22 14:31:16] - [ERROR] => Restarting Mongo server
[2026-08-22 14:31:16] - [ERROR] => MongoDB connection error => querySrv ENOTFOUND _mongodb._tcp.testcluster.urrgt.mongodb.net
[2026-08-22 14:31:18] - [ERROR] => Restarting Mongo server
[2026-08-22 14:31:18] - [ERROR] => MongoDB connection error => querySrv ENOTFOUND _mongodb._tcp.testcluster.urrgt.mongodb.net
[2026-08-22 14:31:20] - [ERROR] => Restarting Mongo server
[2026-08-22 14:31:20] - [ERROR] => MongoDB connection error => querySrv ENOTFOUND _mongodb._tcp.testcluster.urrgt.mongodb.net
[2026-08-22 14:31:22] - [ERROR] => Restarting Mongo server
[2026-08-22 14:31:22] - [ERROR] => MongoDB connection error => querySrv ENOTFOUND _mongodb._tcp.testcluster.urrgt.mongodb.net
[2026-08-22 14:31:24] - [ERROR] => Restarting Mongo server
[2026-08-22 14:31:24] - [ERROR] => MongoDB connection error => querySrv ENOTFOUND _mongodb._tcp.testcluster.urrgt.mongodb.net
[2026-08-22 14:31:26] - [ERROR] => Restarting Mongo server
[2026-08-22 14:31:26] - [ERROR] => MongoDB connection error => querySrv ENOTFOUND _mongodb._tcp.testcluster.urrgt.mongodb.net
[2026-08-22 14:31:28] - [ERROR] => Restarting Mongo server
[2026-08-22 14:31:28] - [ERROR] => MongoDB connection error => querySrv ENOTFOUND _mongodb._tcp.testcluster.urrgt.mongodb.net
[2026-08-22 14:31:30] - [ERROR] => Restarting Mongo server
[2026-08-22 14:31:30] - [ERROR] => MongoDB connection error => querySrv ENOTFOUND _mongodb._tcp.testcluster.urrgt.mongodb.net
[2026-08-22 14:31:32] - [ERROR] => Restarting Mongo server
[2026-08-22 14:31:32] - [ERROR] => MongoDB connection error => querySrv ENOTFOUND _mongodb._tcp.testcluster.urrgt.mongodb.net
[2026-08-22 14:31:34] - [ERROR] => Restarting Mongo server
[2026-08-22 14:31:34] - [ERROR] => MongoDB connection error => querySrv ENOTFOUND _mongodb._tcp.testcluster.urrgt.mongodb.net
[2026-08-22 14:31:36] - [ERROR] => Restarting Mongo server
[2026-08-22 14:31:36] - [ERROR] => MongoDB connection error => querySrv ENOTFOUND _mongodb._tcp.testcluster.urrgt.mongodb.net
[2026-08-22 14:31:38] - [ERROR] => Restarting Mongo server
[2026-08-22 14:31:38] - [ERROR] => MongoDB connection error => querySrv ENOTFOUND _mongodb._tcp.testcluster.urrgt.mongodb.net
[2026-08-22 14:31:40] - [ERROR] => Restarting Mongo server
[2026-08-22 14:31:40] - [ERROR] => MongoDB connection error => querySrv ENOTFOUND _mongodb._tcp.testcluster.urrgt.mongodb.net
[2026-08-22 14:31:42] - [ERROR] => Restarting Mongo server
[2026-08-22 14:31:43] - [ERROR] => MongoDB connection error => querySrv ENOTFOUND _mongodb._tcp.testcluster.urrgt.mongodb.net
[2026-08-22 14:31:45] - [ERROR] => Restarting Mongo server
[2026-08-22 14:31:45] - [ERROR] => MongoDB connection error => querySrv ENOTFOUND _mongodb._tcp.testcluster.urrgt.mongodb.net
[2026-08-22 14:31:47] - [ERROR] => Restarting Mongo server
[2026-08-22 14:31:47] - [ERROR] => MongoDB connection error => querySrv ENOTFOUND _mongodb._tcp.testcluster.urrgt.mongodb.net
[2026-08-22 14:31:49] - [ERROR] => Restarting Mongo server
[2026-08-22 14:31:49] - [ERROR] => MongoDB connection error => querySrv ENOTFOUND _mongodb._tcp.testcluster.urrgt.mongodb.net
[2026-08-22 14:31:51] - [ERROR] => Restarting Mongo server
[2026-08-22 14:31:51] - [ERROR] => MongoDB connection error => querySrv ENOTFOUND _mongodb._tcp.testcluster.urrgt.mongodb.net
[2026-08-22 14:31:53] - [ERROR] => Restarting Mongo server
[2026-08-22 14:31:53] - [ERROR] => MongoDB connection error => querySrv ENOTFOUND _mongodb._tcp.testcluster.urrgt.mongodb.net
[2026-08-22 14:31:55] - [ERROR] => Restarting Mongo server
[2026-08-22 14:31:55] - [ERROR] => MongoDB connection error => querySrv ENOTFOUND _mongodb._tcp.testcluster.urrgt.mongodb.net
[2026-08-22 14:31:57] - [ERROR] => Restarting Mongo server
[2026-08-22 14:31:57] - [ERROR] => MongoDB connection error => querySrv ENOTFOUND _mongodb._tcp.testcluster.urrgt.mongodb.net
[2026-08-22 14:31:59] - [ERROR] => Restarting Mongo server
[2026-08-22 14:31:59] - [ERROR] => MongoDB connection error => querySrv ENOTFOUND _mongodb._tcp.testcluster.urrgt.mongodb.net
[2026-08-22 14:32:01] - [ERROR] => Restarting Mongo server
[2026-08-22 14:32:01] - [ERROR] => MongoDB connection error => querySrv ENOTFOUND _mongodb._tcp.testcluster.urrgt.mongodb.net
[2026-08-22 14:32:03] - [ERROR] => Restarting Mongo server
[2026-08-22 14:32:03] - [ERROR] => MongoDB connection error => querySrv ENOTFOUND _mongodb._tcp.testcluster.urrgt.mongodb.net
[2026-08-22 14:32:05] - [ERROR] => Restarting Mongo server
[2026-08-22 14:32:05] - [ERROR] => MongoDB connection error => querySrv ENOTFOUND _mongodb._tcp.testcluster.urrgt.mongodb.net
[2026-08-22 14:32:07] - [ERROR] => Restarting Mongo server
[2026-08-22 14:32:07] - [ERROR] => MongoDB connection error => querySrv ENOTFOUND _mongodb._tcp.testcluster.urrgt.mongodb.net
[2026-08-22 14:32:09] - [ERROR] => Restarting Mongo server
[2026-08-22 14:32:09] - [ERROR] => MongoDB connection error => querySrv ENOTFOUND _mongodb._tcp.testcluster.urrgt.mongodb.net
[2026-08-22 14:32:11] - [ERROR] => Restarting Mongo server
[2026-08-22 14:32:11] - [ERROR] => MongoDB connection error => querySrv ENOTFOUND _mongodb._tcp.testcluster.urrgt.mongodb.net
[2026-08-22 14:32:13] - [ERROR] => Restarting Mongo server
[2026-08-22 14:32:13] - [ERROR] => MongoDB connection error => querySrv ENOTFOUND _mongodb._tcp.testcluster.urrgt.mongodb.net
[2026-08-22 14:32:15] - [ERROR] => Restarting Mongo server
[2026-08-22 14:32:15] - [ERROR] => MongoDB connection error => querySrv ENOTFOUND _mongodb._tcp.testcluster.urrgt.mongodb.net
[2026-08-22 14:32:17] - [ERROR] => Restarting Mongo server
[2026-08-22 14:32:17] - [ERROR] => MongoDB connection error => querySrv ENOTFOUND _mongodb._tcp.testcluster.urrgt.mongodb.net
[2026-08-22 14:32:19] - [ERROR] => Restarting Mongo server
[2026-08-22 14:32:19] - [ERROR] => MongoDB connection error => querySrv ENOTFOUND _mongodb._tcp.testcluster.urrgt.mongodb.net
[2026-08-22 14:32:21] - [ERROR] => Restarting Mongo server
[2026-08-22 14:32:21] - [ERROR] => MongoDB connection error => querySrv ENOTFOUND _mongodb._tcp.testcluster.urrgt.mongodb.net
[2026-08-22 14:32:23] - [ERROR] => Restarting Mongo server
[2026-08-22 14:32:23] - [ERROR] => MongoDB connection error => querySrv ENOTFOUND _mongodb._tcp.testcluster.urrgt.mongodb.net
[2026-08-22 14:32:25] - [ERROR] => Restarting Mongo server
[2026-08-22 14:32:25] - [ERROR] => MongoDB connection error => querySrv ENOTFOUND _mongodb._tcp.testcluster.urrgt.mongodb.net
[2026-08-22 14:32:27] - [ERROR] => Restarting Mongo server
[2026-08-22 14:32:27] - [ERROR] => MongoDB connection error => querySrv ENOTFOUND _mongodb._tcp.testcluster.urrgt.mongodb.net
[2026-08-22 14:32:29] - [ERROR] => Restarting Mongo server
[2026-08-22 14:32:29] - [ERROR] => MongoDB connection error => querySrv ENOTFOUND _mongodb._tcp.testcluster.urrgt.mongodb.net
[2026-08-22 14:32:31] - [ERROR] => Restarting Mongo server
[2026-08-22 14:32:31] - [ERROR] => MongoDB connection error => querySrv ENOTFOUND _mongodb._tcp.testcluster.urrgt.mongodb.net
[2026-08-22 14:32:33] - [ERROR] => Restarting Mongo server
[2026-08-22 14:32:33] - [ERROR] => MongoDB connection error => querySrv ENOTFOUND _mongodb._tcp.testcluster.urrgt.mongodb.net
[2026-08-22 14:32:35] - [ERROR] => Restarting Mongo server
[2026-08-22 14:32:35] - [ERROR] => MongoDB connection error => querySrv ENOTFOUND _mongodb._tcp.testcluster.urrgt.mongodb.net
[2026-08-22 14:32:37] - [ERROR] => Restarting Mongo server
[2026-08-22 14:32:37] - [ERROR] => MongoDB connection error => querySrv ENOTFOUND _mongodb._tcp.testcluster.urrgt.mongodb.net
[2026-08-22 14:32:39] - [ERROR] => Restarting Mongo server
[2026-08-22 14:32:39] - [ERROR] => MongoDB connection error => querySrv ENOTFOUND _mongodb._tcp.testcluster.urrgt.mongodb.net
[2026-08-22 14:32:41] - [ERROR] => Restarting Mongo server
[2026-08-22 14:32:42] - [ERROR] => MongoDB connection error => querySrv ENOTFOUND _mongodb._tcp.testcluster.urrgt.mongodb.net
[2026-08-22 14:32:44] - [ERROR] => Restarting Mongo server
[2026-08-22 14:32:45] - [ERROR] => MongoDB connection error => querySrv ENOTFOUND _mongodb._tcp.testcluster.urrgt.mongodb.net
[2026-08-22 14:32:47] - [ERROR] => Restarting Mongo server
[2026-08-22 14:32:47] - [ERROR] => MongoDB connection error => querySrv ENOTFOUND _mongodb._tcp.testcluster.urrgt.mongodb.net
[2026-08-22 14:32:49] - [ERROR] => Restarting Mongo server
[2026-08-22 14:32:49] - [ERROR] => MongoDB connection error => querySrv ENOTFOUND _mongodb._tcp.testcluster.urrgt.mongodb.net
[2026-08-22 14:32:51] - [ERROR] => Restarting Mongo server
[2026-08-22 14:32:51] - [ERROR] => MongoDB connection error => querySrv ENOTFOUND _mongodb._tcp.testcluster.urrgt.mongodb.net
[2026-08-22 14:32:53] - [ERROR] => Restarting Mongo server
[2026-08-22 14:32:53] - [ERROR] => MongoDB connection error => querySrv ENOTFOUND _mongodb._tcp.testcluster.urrgt.mongodb.net
[2026-08-22 14:32:55] - [ERROR] => Restarting Mongo server
[2026-08-22 14:32:55] - [ERROR] => MongoDB connection error => querySrv ENOTFOUND _mongodb._tcp.testcluster.urrgt.mongodb.net
[2026-08-22 14:32:57] - [ERROR] => Restarting Mongo server
[2026-08-22 14:32:57] - [ERROR] => MongoDB connection error => querySrv ENOTFOUND _mongodb._tcp.testcluster.urrgt.mongodb.net
[2026-08-22 14:32:59] - [ERROR] => Restarting Mongo server
[2026-08-22 14:32:59] - [ERROR] => MongoDB connection error => querySrv ENOTFOUND _mongodb._tcp.testcluster.urrgt.mongodb.net
[2026-08-22 14:33:01] - [ERROR] => Restarting Mongo server
[2026-08-22 14:33:01] - [ERROR] => MongoDB connection error => querySrv ENOTFOUND _mongodb._tcp.testcluster.urrgt.mongodb.net
[2026-08-22 14:33:03] - [ERROR] => Restarting Mongo server
[2026-08-22 14:33:03] - [ERROR] => MongoDB connection error => querySrv ENOTFOUND _mongodb._tcp.testcluster.urrgt.mongodb.net
[2026-08-22 14:33:05] - [ERROR] => Restarting Mongo server
[2026-08-22 14:33:05] - [ERROR] => MongoDB connection error => querySrv ENOTFOUND _mongodb._tcp.testcluster.urrgt.mongodb.net
[2026-08-22 14:33:07] - [ERROR] => Restarting Mongo server
[2026-08-22 14:33:07] - [ERROR] => MongoDB connection error => querySrv ENOTFOUND _mongodb._tcp.testcluster.urrgt.mongodb.net
[2026-08-22 14:33:09] - [ERROR] => Restarting Mongo server
[2026-08-22 14:33:09] - [ERROR] => MongoDB connection error => querySrv ENOTFOUND _mongodb._tcp.testcluster.urrgt.mongodb.net
[2026-08-22 14:33:11] - [ERROR] => Restarting Mongo server
[2026-08-22 14:33:11] - [ERROR] => MongoDB connection error => querySrv ENOTFOUND _mongodb._tcp.testcluster.urrgt.mongodb.net
[2026-08-22 14:33:13] - [ERROR] => Restarting Mongo server
[2026-08-22 14:33:13] - [ERROR] => MongoDB connection error => querySrv ENOTFOUND _mongodb._tcp.testcluster.urrgt.mongodb.net
[2026-08-22 14:33:15] - [ERROR] => Restarting Mongo server
[2026-08-22 14:33:15] - [ERROR] => MongoDB connection error => querySrv ENOTFOUND _mongodb._tcp.testcluster.urrgt.mongodb.net
[2026-08-22 14:33:17] - [ERROR] => Restarting Mongo server
[2026-08-22 14:33:17] - [ERROR] => MongoDB connection error => querySrv ENOTFOUND _mongodb._tcp.testcluster.urrgt.mongodb.net
[2026-08-22 14:33:19] - [ERROR] => Restarting Mongo server
[2026-08-22 14:33:19] - [ERROR] => MongoDB connection error => querySrv ENOTFOUND _mongodb._tcp.testcluster.urrgt.mongodb.net
[2026-08-22 14:33:21] - [ERROR] => Restarting Mongo server
[2026-08-22 14:33:21] - [ERROR] => MongoDB connection error => querySrv ENOTFOUND _mongodb._tcp.testcluster.urrgt.mongodb.net
[2026-08-22 14:33:23] - [ERROR] => Restarting Mongo server
[2026-08-22 14:33:23] - [ERROR] => MongoDB connection error => querySrv ENOTFOUND _mongodb._tcp.testcluster.urrgt.mongodb.net
[2026-08-22 14:33:25] - [ERROR] => Restarting Mongo server
[2026-08-22 14:33:25] - [ERROR] => MongoDB connection error => querySrv ENOTFOUND _mongodb._tcp.testcluster.urrgt.mongodb.net
[2026-08-22 14:33:27] - [ERROR] => Restarting Mongo server
[2026-08-22 14:33:27] - [ERROR] => MongoDB connection error => querySrv ENOTFOUND _mongodb._tcp.testcluster.urrgt.mongodb.net
[2026-08-22 14:33:29] - [ERROR] => Restarting Mongo server
[2026-08-22 14:33:29] - [ERROR] => MongoDB connection error => querySrv ENOTFOUND _mongodb._tcp.testcluster.urrgt.mongodb.net
[2026-08-22 14:33:31] - [ERROR] => Restarting Mongo server
[2026-08-22 14:33:31] - [ERROR] => MongoDB connection error => querySrv ENOTFOUND _mongodb._tcp.testcluster.urrgt.mongodb.net
[2026-08-22 14:33:33] - [ERROR] => Restarting Mongo server
[2026-08-22 14:33:33] - [ERROR] => MongoDB connection error => querySrv ENOTFOUND _mongodb._tcp.testcluster.urrgt.mongodb.net
[2026-08-22 14:33:35] - [ERROR] => Restarting Mongo server
[2026-08-22 14:33:35] - [ERROR] => MongoDB connection error => querySrv ENOTFOUND _mongodb._tcp.testcluster.urrgt.mongodb.net
[2026-08-22 14:33:37] - [ERROR] => Restarting Mongo server
[2026-08-22 14:33:37] - [ERROR] => MongoDB connection error => querySrv ENOTFOUND _mongodb._tcp.testcluster.urrgt.mongodb.net
[2026-08-22 14:33:39] - [ERROR] => Restarting Mongo server
[2026-08-22 14:33:39] - [ERROR] => MongoDB connection error => querySrv ENOTFOUND _mongodb._tcp.testcluster.urrgt.mongodb.net
[2026-08-22 14:33:41] - [ERROR] => Restarting Mongo server
[2026-08-22 14:33:41] - [ERROR] => MongoDB connection error => querySrv ENOTFOUND _mongodb._tcp.testcluster.urrgt.mongodb.net
[2026-08-22 14:33:43] - [ERROR] => Restarting Mongo server
[2026-08-22 14:33:43] - [ERROR] => MongoDB connection error => querySrv ENOTFOUND _mongodb._tcp.testcluster.urrgt.mongodb.net
[2026-08-22 14:33:45] - [ERROR] => Restarting Mongo server
[2026-08-22 14:33:46] - [ERROR] => MongoDB connection error => querySrv ENOTFOUND _mongodb._tcp.testcluster.urrgt.mongodb.net
[2026-08-22 14:33:48] - [ERROR] => Restarting Mongo server
[2026-08-22 14:33:48] - [ERROR] => MongoDB connection error => querySrv ENOTFOUND _mongodb._tcp.testcluster.urrgt.mongodb.net
[2026-08-22 14:33:50] - [ERROR] => Restarting Mongo server
[2026-08-22 14:33:50] - [ERROR] => MongoDB connection error => querySrv ENOTFOUND _mongodb._tcp.testcluster.urrgt.mongodb.net
[2026-08-22 14:33:52] - [ERROR] => Restarting Mongo server
[2026-08-22 14:33:52] - [ERROR] => MongoDB connection error => querySrv ENOTFOUND _mongodb._tcp.testcluster.urrgt.mongodb.net
[2026-08-22 14:33:54] - [ERROR] => Restarting Mongo server
[2026-08-22 14:33:54] - [ERROR] => MongoDB connection error => querySrv ENOTFOUND _mongodb._tcp.testcluster.urrgt.mongodb.net
[2026-08-22 14:33:56] - [ERROR] => Restarting Mongo server
[2026-08-22 14:33:56] - [ERROR] => MongoDB connection error => querySrv ENOTFOUND _mongodb._tcp.testcluster.urrgt.mongodb.net
[2026-08-22 14:33:58] - [ERROR] => Restarting Mongo server
[2026-08-22 14:33:58] - [ERROR] => MongoDB connection error => querySrv ENOTFOUND _mongodb._tcp.testcluster.urrgt.mongodb.net
[2026-08-22 14:34:00] - [ERROR] => Restarting Mongo server
[2026-08-22 14:34:00] - [ERROR] => MongoDB connection error => querySrv ENOTFOUND _mongodb._tcp.testcluster.urrgt.mongodb.net
[2026-08-22 14:34:02] - [ERROR] => Restarting Mongo server
[2026-08-22 14:34:02] - [ERROR] => MongoDB connection error => querySrv ENOTFOUND _mongodb._tcp.testcluster.urrgt.mongodb.net
[2026-08-22 14:34:04] - [ERROR] => Restarting Mongo server
[2026-08-22 14:34:04] - [ERROR] => MongoDB connection error => querySrv ENOTFOUND _mongodb._tcp.testcluster.urrgt.mongodb.net
[2026-08-22 14:34:06] - [ERROR] => Restarting Mongo server
[2026-08-22 14:34:06] - [ERROR] => MongoDB connection error => querySrv ENOTFOUND _mongodb._tcp.testcluster.urrgt.mongodb.net
[2026-08-22 14:34:08] - [ERROR] => Restarting Mongo server
[2026-08-22 14:34:08] - [ERROR] => MongoDB connection error => querySrv ENOTFOUND _mongodb._tcp.testcluster.urrgt.mongodb.net
[2026-08-22 14:34:10] - [ERROR] => Restarting Mongo server
[2026-08-22 14:34:10] - [ERROR] => MongoDB connection error => querySrv ENOTFOUND _mongodb._tcp.testcluster.urrgt.mongodb.net
[2026-08-22 14:34:12] - [ERROR] => Restarting Mongo server
[2026-08-22 14:34:12] - [ERROR] => MongoDB connection error => querySrv ENOTFOUND _mongodb._tcp.testcluster.urrgt.mongodb.net
[2026-08-22 14:34:14] - [ERROR] => Restarting Mongo server
[2026-08-22 14:34:14] - [ERROR] => MongoDB connection error => querySrv ENOTFOUND _mongodb._tcp.testcluster.urrgt.mongodb.net
[2026-08-22 14:34:17] - [ERROR] => Restarting Mongo server
[2026-08-22 14:34:17] - [ERROR] => MongoDB connection error => querySrv ENOTFOUND _mongodb._tcp.testcluster.urrgt.mongodb.net
[2026-08-22 14:34:19] - [ERROR] => Restarting Mongo server
[2026-08-22 14:34:19] - [ERROR] => MongoDB connection error => querySrv ENOTFOUND _mongodb._tcp.testcluster.urrgt.mongodb.net
[2026-08-22 14:34:21] - [ERROR] => Restarting Mongo server
[2026-08-22 14:34:21] - [ERROR] => MongoDB connection error => querySrv ENOTFOUND _mongodb._tcp.testcluster.urrgt.mongodb.net
[2026-08-22 14:34:23] - [ERROR] => Restarting Mongo server
[2026-08-22 14:34:23] - [ERROR] => MongoDB connection error => querySrv ENOTFOUND _mongodb._tcp.testcluster.urrgt.mongodb.net
[2026-08-22 14:34:25] - [ERROR] => Restarting Mongo server
[2026-08-22 14:34:25] - [ERROR] => MongoDB connection error => querySrv ENOTFOUND _mongodb._tcp.testcluster.urrgt.mongodb.net
[2026-08-22 14:34:27] - [ERROR] => Restarting Mongo server
[2026-08-22 14:34:27] - [ERROR] => MongoDB connection error => querySrv ENOTFOUND _mongodb._tcp.testcluster.urrgt.mongodb.net
[2026-08-22 14:34:29] - [ERROR] => Restarting Mongo server
[2026-08-22 14:34:29] - [ERROR] => MongoDB connection error => querySrv ENOTFOUND _mongodb._tcp.testcluster.urrgt.mongodb.net
[2026-08-22 14:34:31] - [ERROR] => Restarting Mongo server
[2026-08-22 14:34:31] - [ERROR] => MongoDB connection error => querySrv ENOTFOUND _mongodb._tcp.testcluster.urrgt.mongodb.net
[2026-08-22 14:34:33] - [ERROR] => Restarting Mongo server
[2026-08-22 14:34:33] - [ERROR] => MongoDB connection error => querySrv ENOTFOUND _mongodb._tcp.testcluster.urrgt.mongodb.net
[2026-08-22 14:34:35] - [ERROR] => Restarting Mongo server
[2026-08-22 14:34:35] - [ERROR] => MongoDB connection error => querySrv ENOTFOUND _mongodb._tcp.testcluster.urrgt.mongodb.net
[2026-08-22 14:34:37] - [ERROR] => Restarting Mongo server
[2026-08-22 14:34:37] - [ERROR] => MongoDB connection error => querySrv ENOTFOUND _mongodb._tcp.testcluster.urrgt.mongodb.net
[2026-08-22 14:34:39] - [ERROR] => Restarting Mongo server
[2026-08-22 14:34:39] - [ERROR] => MongoDB connection error => querySrv ENOTFOUND _mongodb._tcp.testcluster.urrgt.mongodb.net
[2026-08-22 14:34:41] - [ERROR] => Restarting Mongo server
[2026-08-22 14:34:41] - [ERROR] => MongoDB connection error => querySrv ENOTFOUND _mongodb._tcp.testcluster.urrgt.mongodb.net
[2026-08-22 14:34:43] - [ERROR] => Restarting Mongo server
[2026-08-22 14:34:43] - [ERROR] => MongoDB connection error => querySrv ENOTFOUND _mongodb._tcp.testcluster.urrgt.mongodb.net
[2026-08-22 14:34:45] - [ERROR] => Restarting Mongo server
[2026-08-22 14:34:45] - [ERROR] => MongoDB connection error => querySrv ENOTFOUND _mongodb._tcp.testcluster.urrgt.mongodb.net
[2026-08-22 14:34:47] - [ERROR] => Restarting Mongo server
[2026-08-22 14:34:48] - [ERROR] => MongoDB connection error => querySrv ENOTFOUND _mongodb._tcp.testcluster.urrgt.mongodb.net
[2026-08-22 14:34:50] - [ERROR] => Restarting Mongo server
[2026-08-22 14:34:50] - [ERROR] => MongoDB connection error => querySrv ENOTFOUND _mongodb._tcp.testcluster.urrgt.mongodb.net
[2026-08-22 14:34:52] - [ERROR] => Restarting Mongo server
[2026-08-22 14:34:52] - [ERROR] => MongoDB connection error => querySrv ENOTFOUND _mongodb._tcp.testcluster.urrgt.mongodb.net
[2026-08-22 14:34:54] - [ERROR] => Restarting Mongo server
[2026-08-22 14:34:54] - [ERROR] => MongoDB connection error => querySrv ENOTFOUND _mongodb._tcp.testcluster.urrgt.mongodb.net
[2026-08-22 14:34:56] - [ERROR] => Restarting Mongo server
[2026-08-22 14:34:56] - [ERROR] => MongoDB connection error => querySrv ENOTFOUND _mongodb._tcp.testcluster.urrgt.mongodb.net
[2026-08-22 14:34:58] - [ERROR] => Restarting Mongo server
[2026-08-22 14:34:58] - [ERROR] => MongoDB connection error => querySrv ENOTFOUND _mongodb._tcp.testcluster.urrgt.mongodb.net
[2026-08-22 14:35:00] - [ERROR] => Restarting Mongo server
[2026-08-22 14:35:00] - [ERROR] => MongoDB connection error => querySrv ENOTFOUND _mongodb._tcp.testcluster.urrgt.mongodb.net
[2026-08-22 14:35:02] - [ERROR] => Restarting Mongo server
[2026-08-22 14:35:02] - [ERROR] => MongoDB connection error => querySrv ENOTFOUND _mongodb._tcp.testcluster.urrgt.mongodb.net
[2026-08-22 14:35:04] - [ERROR] => Restarting Mongo server
[2026-08-22 14:35:04] - [ERROR] => MongoDB connection error => querySrv ENOTFOUND _mongodb._tcp.testcluster.urrgt.mongodb.net
[2026-08-22 14:35:06] - [ERROR] => Restarting Mongo server
[2026-08-22 14:35:06] - [ERROR] => MongoDB connection error => querySrv ENOTFOUND _mongodb._tcp.testcluster.urrgt.mongodb.net
[2026-08-22 14:35:08] - [ERROR] => Restarting Mongo server
[2026-08-22 14:35:08] - [ERROR] => MongoDB connection error => querySrv ENOTFOUND _mongodb._tcp.testcluster.urrgt.mongodb.net
[2026-08-22 14:35:10] - [ERROR] => Restarting Mongo server
[2026-08-22 14:35:10] - [ERROR] => MongoDB connection error => querySrv ENOTFOUND _mongodb._tcp.testcluster.urrgt.mongodb.net
[2026-08-22 14:35:12] - [ERROR] => Restarting Mongo server
[2026-08-22 14:35:12] - [ERROR] => MongoDB connection error => querySrv ENOTFOUND _mongodb._tcp.testcluster.urrgt.mongodb.net
[2026-08-22 14:35:14] - [ERROR] => Restarting Mongo server
[2026-08-22 14:35:14] - [ERROR] => MongoDB connection error => querySrv ENOTFOUND _mongodb._tcp.testcluster.urrgt.mongodb.net
[2026-08-22 14:35:16] - [ERROR] => Restarting Mongo server
[2026-08-22 14:35:16] - [ERROR] => MongoDB connection error => querySrv ENOTFOUND _mongodb._tcp.testcluster.urrgt.mongodb.net
[2026-08-22 14:35:18] - [ERROR] => Restarting Mongo server
[2026-08-22 14:35:19] - [ERROR] => MongoDB connection error => querySrv ENOTFOUND _mongodb._tcp.testcluster.urrgt.mongodb.net
[2026-08-22 14:35:21] - [ERROR] => Restarting Mongo server
[2026-08-22 14:35:21] - [ERROR] => MongoDB connection error => querySrv ENOTFOUND _mongodb._tcp.testcluster.urrgt.mongodb.net
[2026-08-22 14:35:23] - [ERROR] => Restarting Mongo server
[2026-08-22 14:35:23] - [ERROR] => MongoDB connection error => querySrv ENOTFOUND _mongodb._tcp.testcluster.urrgt.mongodb.net
[2026-08-22 14:35:25] - [ERROR] => Restarting Mongo server
[2026-08-22 14:35:25] - [ERROR] => MongoDB connection error => querySrv ENOTFOUND _mongodb._tcp.testcluster.urrgt.mongodb.net
[2026-08-22 14:35:27] - [ERROR] => Restarting Mongo server
[2026-08-22 14:35:27] - [ERROR] => MongoDB connection error => querySrv ENOTFOUND _mongodb._tcp.testcluster.urrgt.mongodb.net
[2026-08-22 14:35:29] - [ERROR] => Restarting Mongo server
[2026-08-22 14:35:29] - [ERROR] => MongoDB connection error => querySrv ENOTFOUND _mongodb._tcp.testcluster.urrgt.mongodb.net
[2026-08-22 14:35:31] - [ERROR] => Restarting Mongo server
[2026-08-22 14:35:31] - [ERROR] => MongoDB connection error => querySrv ENOTFOUND _mongodb._tcp.testcluster.urrgt.mongodb.net
[2026-08-22 14:35:33] - [ERROR] => Restarting Mongo server
[2026-08-22 14:35:33] - [ERROR] => MongoDB connection error => querySrv ENOTFOUND _mongodb._tcp.testcluster.urrgt.mongodb.net
[2026-08-22 14:35:35] - [ERROR] => Restarting Mongo server
[2026-08-22 14:35:35] - [ERROR] => MongoDB connection error => querySrv ENOTFOUND _mongodb._tcp.testcluster.urrgt.mongodb.net
[2026-08-22 14:35:37] - [ERROR] => Restarting Mongo server
[2026-08-22 14:35:37] - [ERROR] => MongoDB connection error => querySrv ENOTFOUND _mongodb._tcp.testcluster.urrgt.mongodb.net
[2026-08-22 14:35:39] - [ERROR] => Restarting Mongo server
[2026-08-22 14:35:39] - [ERROR] => MongoDB connection error => querySrv ENOTFOUND _mongodb._tcp.testcluster.urrgt.mongodb.net
[2026-08-22 14:35:41] - [ERROR] => Restarting Mongo server
[2026-08-22 14:35:41] - [ERROR] => MongoDB connection error => querySrv ENOTFOUND _mongodb._tcp.testcluster.urrgt.mongodb.net
[2026-08-22 14:35:43] - [ERROR] => Restarting Mongo server
[2026-08-22 14:35:43] - [ERROR] => MongoDB connection error => querySrv ENOTFOUND _mongodb._tcp.testcluster.urrgt.mongodb.net
[2026-08-22 14:35:45] - [ERROR] => Restarting Mongo server
[2026-08-22 14:35:45] - [ERROR] => MongoDB connection error => querySrv ENOTFOUND _mongodb._tcp.testcluster.urrgt.mongodb.net
[2026-08-22 14:35:47] - [ERROR] => Restarting Mongo server
[2026-08-22 14:35:47] - [ERROR] => MongoDB connection error => querySrv ENOTFOUND _mongodb._tcp.testcluster.urrgt.mongodb.net
[2026-08-22 14:35:49] - [ERROR] => Restarting Mongo server
[2026-08-22 14:35:50] - [ERROR] => MongoDB connection error => querySrv ENOTFOUND _mongodb._tcp.testcluster.urrgt.mongodb.net
[2026-08-22 14:35:52] - [ERROR] => Restarting Mongo server
[2026-08-22 14:35:52] - [ERROR] => MongoDB connection error => querySrv ENOTFOUND _mongodb._tcp.testcluster.urrgt.mongodb.net
[2026-08-22 14:35:54] - [ERROR] => Restarting Mongo server
[2026-08-22 14:35:54] - [ERROR] => MongoDB connection error => querySrv ENOTFOUND _mongodb._tcp.testcluster.urrgt.mongodb.net
[2026-08-22 14:35:56] - [ERROR] => Restarting Mongo server
[2026-08-22 14:35:56] - [ERROR] => MongoDB connection error => querySrv ENOTFOUND _mongodb._tcp.testcluster.urrgt.mongodb.net
[2026-08-22 14:35:58] - [ERROR] => Restarting Mongo server
[2026-08-22 14:35:58] - [ERROR] => MongoDB connection error => querySrv ENOTFOUND _mongodb._tcp.testcluster.urrgt.mongodb.net
[2026-08-22 14:36:00] - [ERROR] => Restarting Mongo server
[2026-08-22 14:36:00] - [ERROR] => MongoDB connection error => querySrv ENOTFOUND _mongodb._tcp.testcluster.urrgt.mongodb.net
[2026-08-22 14:36:02] - [ERROR] => Restarting Mongo server
[2026-08-22 14:36:02] - [ERROR] => MongoDB connection error => querySrv ENOTFOUND _mongodb._tcp.testcluster.urrgt.mongodb.net
[2026-08-22 14:36:04] - [ERROR] => Restarting Mongo server
[2026-08-22 14:36:04] - [ERROR] => MongoDB connection error => querySrv ENOTFOUND _mongodb._tcp.testcluster.urrgt.mongodb.net
[2026-08-22 14:36:06] - [ERROR] => Restarting Mongo server
[2026-08-22 14:36:06] - [ERROR] => MongoDB connection error => querySrv ENOTFOUND _mongodb._tcp.testcluster.urrgt.mongodb.net
[2026-08-22 14:36:08] - [ERROR] => Restarting Mongo server
[2026-08-22 14:36:08] - [ERROR] => MongoDB connection error => querySrv ENOTFOUND _mongodb._tcp.testcluster.urrgt.mongodb.net
[2026-08-22 14:36:10] - [ERROR] => Restarting Mongo server
[2026-08-22 14:36:10] - [ERROR] => MongoDB connection error => querySrv ENOTFOUND _mongodb._tcp.testcluster.urrgt.mongodb.net
[2026-08-22 14:36:12] - [ERROR] => Restarting Mongo server
[2026-08-22 14:36:12] - [ERROR] => MongoDB connection error => querySrv ENOTFOUND _mongodb._tcp.testcluster.urrgt.mongodb.net
[2026-08-22 14:36:14] - [ERROR] => Restarting Mongo server
[2026-08-22 14:36:14] - [ERROR] => MongoDB connection error => querySrv ENOTFOUND _mongodb._tcp.testcluster.urrgt.mongodb.net
[2026-08-22 14:36:16] - [ERROR] => Restarting Mongo server
[2026-08-22 14:36:16] - [ERROR] => MongoDB connection error => querySrv ENOTFOUND _mongodb._tcp.testcluster.urrgt.mongodb.net
[2026-08-22 14:36:18] - [ERROR] => Restarting Mongo server
[2026-08-22 14:36:18] - [ERROR] => MongoDB connection error => querySrv ENOTFOUND _mongodb._tcp.testcluster.urrgt.mongodb.net
[2026-08-22 14:36:20] - [ERROR] => Restarting Mongo server
[2026-08-22 14:36:20] - [ERROR] => MongoDB connection error => querySrv ENOTFOUND _mongodb._tcp.testcluster.urrgt.mongodb.net
[2026-08-22 14:36:22] - [ERROR] => Restarting Mongo server
[2026-08-22 14:36:22] - [ERROR] => MongoDB connection error => querySrv ENOTFOUND _mongodb._tcp.testcluster.urrgt.mongodb.net
[2026-08-22 14:36:24] - [ERROR] => Restarting Mongo server
[2026-08-22 14:36:24] - [ERROR] => MongoDB connection error => querySrv ENOTFOUND _mongodb._tcp.testcluster.urrgt.mongodb.net
[2026-08-22 14:36:26] - [ERROR] => Restarting Mongo server
[2026-08-22 14:36:26] - [ERROR] => MongoDB connection error => querySrv ENOTFOUND _mongodb._tcp.testcluster.urrgt.mongodb.net
[2026-08-22 14:36:28] - [ERROR] => Restarting Mongo server
[2026-08-22 14:36:29] - [ERROR] => MongoDB connection error => querySrv ENOTFOUND _mongodb._tcp.testcluster.urrgt.mongodb.net
[2026-08-22 14:36:31] - [ERROR] => Restarting Mongo server
[2026-08-22 14:36:31] - [ERROR] => MongoDB connection error => querySrv ENOTFOUND _mongodb._tcp.testcluster.urrgt.mongodb.net
[2026-08-22 14:36:33] - [ERROR] => Restarting Mongo server
[2026-08-22 14:36:33] - [ERROR] => MongoDB connection error => querySrv ENOTFOUND _mongodb._tcp.testcluster.urrgt.mongodb.net
[2026-08-22 14:36:35] - [ERROR] => Restarting Mongo server
[2026-08-22 14:36:35] - [ERROR] => MongoDB connection error => querySrv ENOTFOUND _mongodb._tcp.testcluster.urrgt.mongodb.net
[2026-08-22 14:36:37] - [ERROR] => Restarting Mongo server
[2026-08-22 14:36:37] - [ERROR] => MongoDB connection error => querySrv ENOTFOUND _mongodb._tcp.testcluster.urrgt.mongodb.net
[2026-08-22 14:36:39] - [ERROR] => Restarting Mongo server
[2026-08-22 14:36:39] - [ERROR] => MongoDB connection error => querySrv ENOTFOUND _mongodb._tcp.testcluster.urrgt.mongodb.net
[2026-08-22 14:36:41] - [ERROR] => Restarting Mongo server
[2026-08-22 14:36:41] - [ERROR] => MongoDB connection error => querySrv ENOTFOUND _mongodb._tcp.testcluster.urrgt.mongodb.net
[2026-08-22 14:36:43] - [ERROR] => Restarting Mongo server
[2026-08-22 14:36:43] - [ERROR] => MongoDB connection error => querySrv ENOTFOUND _mongodb._tcp.testcluster.urrgt.mongodb.net
[2026-08-22 14:36:45] - [ERROR] => Restarting Mongo server
[2026-08-22 14:36:45] - [ERROR] => MongoDB connection error => querySrv ENOTFOUND _mongodb._tcp.testcluster.urrgt.mongodb.net
[2026-08-22 14:36:47] - [ERROR] => Restarting Mongo server
[2026-08-22 14:36:47] - [ERROR] => MongoDB connection error => querySrv ENOTFOUND _mongodb._tcp.testcluster.urrgt.mongodb.net
[2026-08-22 14:36:49] - [ERROR] => Restarting Mongo server
[2026-08-22 14:36:49] - [ERROR] => MongoDB connection error => querySrv ENOTFOUND _mongodb._tcp.testcluster.urrgt.mongodb.net
[2026-08-22 14:36:51] - [ERROR] => Restarting Mongo server
[2026-08-22 14:36:53] - [ERROR] => MongoDB connection error => querySrv ENOTFOUND _mongodb._tcp.testcluster.urrgt.mongodb.net
[2026-08-22 14:36:55] - [ERROR] => Restarting Mongo server
[2026-08-22 14:36:55] - [ERROR] => MongoDB connection error => querySrv ENOTFOUND _mongodb._tcp.testcluster.urrgt.mongodb.net
[2026-08-22 14:36:57] - [ERROR] => Restarting Mongo server
[2026-08-22 14:36:57] - [ERROR] => MongoDB connection error => querySrv ENOTFOUND _mongodb._tcp.testcluster.urrgt.mongodb.net
[2026-08-22 14:36:59] - [ERROR] => Restarting Mongo server
[2026-08-22 14:36:59] - [ERROR] => MongoDB connection error => querySrv ENOTFOUND _mongodb._tcp.testcluster.urrgt.mongodb.net
[2026-08-22 14:37:01] - [ERROR] => Restarting Mongo server
[2026-08-22 14:37:01] - [ERROR] => MongoDB connection error => querySrv ENOTFOUND _mongodb._tcp.testcluster.urrgt.mongodb.net
[2026-08-22 14:37:03] - [ERROR] => Restarting Mongo server
[2026-08-22 14:37:03] - [ERROR] => MongoDB connection error => querySrv ENOTFOUND _mongodb._tcp.testcluster.urrgt.mongodb.net
[2026-08-22 14:37:05] - [ERROR] => Restarting Mongo server
[2026-08-22 14:37:05] - [ERROR] => MongoDB connection error => querySrv ENOTFOUND _mongodb._tcp.testcluster.urrgt.mongodb.net
[2026-08-22 14:37:07] - [ERROR] => Restarting Mongo server
[2026-08-22 14:37:07] - [ERROR] => MongoDB connection error => querySrv ENOTFOUND _mongodb._tcp.testcluster.urrgt.mongodb.net
[2026-08-22 14:37:09] - [ERROR] => Restarting Mongo server
[2026-08-22 14:37:09] - [ERROR] => MongoDB connection error => querySrv ENOTFOUND _mongodb._tcp.testcluster.urrgt.mongodb.net
[2026-08-22 14:37:11] - [ERROR] => Restarting Mongo server
[2026-08-22 14:37:11] - [ERROR] => MongoDB connection error => querySrv ENOTFOUND _mongodb._tcp.testcluster.urrgt.mongodb.net
[2026-08-22 14:37:13] - [ERROR] => Restarting Mongo server
[2026-08-22 14:37:13] - [ERROR] => MongoDB connection error => querySrv ENOTFOUND _mongodb._tcp.testcluster.urrgt.mongodb.net
[2026-08-22 14:37:15] - [ERROR] => Restarting Mongo server
[2026-08-22 14:37:15] - [ERROR] => MongoDB connection error => querySrv ENOTFOUND _mongodb._tcp.testcluster.urrgt.mongodb.net
[2026-08-22 14:37:17] - [ERROR] => Restarting Mongo server
[2026-08-22 14:37:17] - [ERROR] => MongoDB connection error => querySrv ENOTFOUND _mongodb._tcp.testcluster.urrgt.mongodb.net
[2026-08-22 14:37:19] - [ERROR] => Restarting Mongo server
[2026-08-22 14:37:19] - [ERROR] => MongoDB connection error => querySrv ENOTFOUND _mongodb._tcp.testcluster.urrgt.mongodb.net
[2026-08-22 14:37:21] - [ERROR] => Restarting Mongo server
[2026-08-22 14:37:21] - [ERROR] => MongoDB connection error => querySrv ENOTFOUND _mongodb._tcp.testcluster.urrgt.mongodb.net
[2026-08-22 14:37:23] - [ERROR] => Restarting Mongo server
[2026-08-22 14:37:23] - [ERROR] => MongoDB connection error => querySrv ENOTFOUND _mongodb._tcp.testcluster.urrgt.mongodb.net
[2026-08-22 14:37:25] - [ERROR] => Restarting Mongo server
[2026-08-22 14:37:25] - [ERROR] => MongoDB connection error => querySrv ENOTFOUND _mongodb._tcp.testcluster.urrgt.mongodb.net
[2026-08-22 14:37:27] - [ERROR] => Restarting Mongo server
[2026-08-22 14:37:28] - [ERROR] => MongoDB connection error => querySrv ENOTFOUND _mongodb._tcp.testcluster.urrgt.mongodb.net
[2026-08-22 14:37:30] - [ERROR] => Restarting Mongo server
[2026-08-22 14:37:30] - [ERROR] => MongoDB connection error => querySrv ENOTFOUND _mongodb._tcp.testcluster.urrgt.mongodb.net
[2026-08-22 14:37:32] - [ERROR] => Restarting Mongo server
[2026-08-22 14:37:32] - [ERROR] => MongoDB connection error => querySrv ENOTFOUND _mongodb._tcp.testcluster.urrgt.mongodb.net
[2026-08-22 14:37:34] - [ERROR] => Restarting Mongo server
[2026-08-22 14:37:34] - [ERROR] => MongoDB connection error => querySrv ENOTFOUND _mongodb._tcp.testcluster.urrgt.mongodb.net
[2026-08-22 14:37:36] - [ERROR] => Restarting Mongo server
[2026-08-22 14:37:36] - [ERROR] => MongoDB connection error => querySrv ENOTFOUND _mongodb._tcp.testcluster.urrgt.mongodb.net
[2026-08-22 14:37:38] - [ERROR] => Restarting Mongo server
[2026-08-22 14:37:38] - [ERROR] => MongoDB connection error => querySrv ENOTFOUND _mongodb._tcp.testcluster.urrgt.mongodb.net
[2026-08-22 14:37:40] - [ERROR] => Restarting Mongo server
[2026-08-22 14:37:40] - [ERROR] => MongoDB connection error => querySrv ENOTFOUND _mongodb._tcp.testcluster.urrgt.mongodb.net
[2026-08-22 14:37:42] - [ERROR] => Restarting Mongo server
[2026-08-22 14:37:42] - [ERROR] => MongoDB connection error => querySrv ENOTFOUND _mongodb._tcp.testcluster.urrgt.mongodb.net
[2026-08-22 14:37:44] - [ERROR] => Restarting Mongo server
[2026-08-22 14:37:44] - [ERROR] => MongoDB connection error => querySrv ENOTFOUND _mongodb._tcp.testcluster.urrgt.mongodb.net
[2026-08-22 14:37:46] - [ERROR] => Restarting Mongo server
[2026-08-22 14:37:46] - [ERROR] => MongoDB connection error => querySrv ENOTFOUND _mongodb._tcp.testcluster.urrgt.mongodb.net
[2026-08-22 14:37:48] - [ERROR] => Restarting Mongo server
[2026-08-22 14:37:48] - [ERROR] => MongoDB connection error => querySrv ENOTFOUND _mongodb._tcp.testcluster.urrgt.mongodb.net
[2026-08-22 14:37:50] - [ERROR] => Restarting Mongo server
[2026-08-22 14:37:50] - [ERROR] => MongoDB connection error => querySrv ENOTFOUND _mongodb._tcp.testcluster.urrgt.mongodb.net
[2026-08-22 14:37:52] - [ERROR] => Restarting Mongo server
[2026-08-22 14:37:52] - [ERROR] => MongoDB connection error => querySrv ENOTFOUND _mongodb._tcp.testcluster.urrgt.mongodb.net
[2026-08-22 14:37:54] - [ERROR] => Restarting Mongo server
[2026-08-22 14:37:55] - [ERROR] => MongoDB connection error => querySrv ENOTFOUND _mongodb._tcp.testcluster.urrgt.mongodb.net
[2026-08-22 14:37:57] - [ERROR] => Restarting Mongo server
[2026-08-22 14:37:57] - [ERROR] => MongoDB connection error => querySrv ENOTFOUND _mongodb._tcp.testcluster.urrgt.mongodb.net
[2026-08-22 14:37:59] - [ERROR] => Restarting Mongo server
[2026-08-22 14:37:59] - [ERROR] => MongoDB connection error => querySrv ENOTFOUND _mongodb._tcp.testcluster.urrgt.mongodb.net
[2026-08-22 14:38:01] - [ERROR] => Restarting Mongo server
[2026-08-22 14:38:01] - [ERROR] => MongoDB connection error => querySrv ENOTFOUND _mongodb._tcp.testcluster.urrgt.mongodb.net
[2026-08-22 14:38:03] - [ERROR] => Restarting Mongo server
[2026-08-22 14:38:03] - [ERROR] => MongoDB connection error => querySrv ENOTFOUND _mongodb._tcp.testcluster.urrgt.mongodb.net
[2026-08-22 14:38:05] - [ERROR] => Restarting Mongo server
[2026-08-22 14:38:05] - [ERROR] => MongoDB connection error => querySrv ENOTFOUND _mongodb._tcp.testcluster.urrgt.mongodb.net
[2026-08-22 14:38:07] - [ERROR] => Restarting Mongo server
[2026-08-22 14:38:07] - [ERROR] => MongoDB connection error => querySrv ENOTFOUND _mongodb._tcp.testcluster.urrgt.mongodb.net
[2026-08-22 14:38:09] - [ERROR] => Restarting Mongo server
[2026-08-22 14:38:09] - [ERROR] => MongoDB connection error => querySrv ENOTFOUND _mongodb._tcp.testcluster.urrgt.mongodb.net
[2026-08-22 14:38:11] - [ERROR] => Restarting Mongo server
[2026-08-22 14:38:11] - [ERROR] => MongoDB connection error => querySrv ENOTFOUND _mongodb._tcp.testcluster.urrgt.mongodb.net
[2026-08-22 14:38:13] - [ERROR] => Restarting Mongo server
[2026-08-22 14:38:13] - [ERROR] => MongoDB connection error => querySrv ENOTFOUND _mongodb._tcp.testcluster.urrgt.mongodb.net
[2026-08-22 14:38:15] - [ERROR] => Restarting Mongo server
[2026-08-22 14:38:15] - [ERROR] => MongoDB connection error => querySrv ENOTFOUND _mongodb._tcp.testcluster.urrgt.mongodb.net
[2026-08-22 14:38:17] - [ERROR] => Restarting Mongo server
[2026-08-22 14:38:17] - [ERROR] => MongoDB connection error => querySrv ENOTFOUND _mongodb._tcp.testcluster.urrgt.mongodb.net
[2026-08-22 14:38:19] - [ERROR] => Restarting Mongo server
[2026-08-22 14:38:19] - [ERROR] => MongoDB connection error => querySrv ENOTFOUND _mongodb._tcp.testcluster.urrgt.mongodb.net
[2026-08-22 14:38:21] - [ERROR] => Restarting Mongo server
[2026-08-22 14:38:21] - [ERROR] => MongoDB connection error => querySrv ENOTFOUND _mongodb._tcp.testcluster.urrgt.mongodb.net
[2026-08-22 14:38:23] - [ERROR] => Restarting Mongo server
[2026-08-22 14:38:23] - [ERROR] => MongoDB connection error => querySrv ENOTFOUND _mongodb._tcp.testcluster.urrgt.mongodb.net
[2026-08-22 14:38:25] - [ERROR] => Restarting Mongo server
[2026-08-22 14:38:25] - [ERROR] => MongoDB connection error => querySrv ENOTFOUND _mongodb._tcp.testcluster.urrgt.mongodb.net
[2026-08-22 14:38:27] - [ERROR] => Restarting Mongo server
[2026-08-22 14:38:27] - [ERROR] => MongoDB connection error => querySrv ENOTFOUND _mongodb._tcp.testcluster.urrgt.mongodb.net
[2026-08-22 14:38:29] - [ERROR] => Restarting Mongo server
[2026-08-22 14:38:29] - [ERROR] => MongoDB connection error => querySrv ENOTFOUND _mongodb._tcp.testcluster.urrgt.mongodb.net
[2026-08-22 14:38:31] - [ERROR] => Restarting Mongo server
[2026-08-22 14:38:31] - [ERROR] => MongoDB connection error => querySrv ENOTFOUND _mongodb._tcp.testcluster.urrgt.mongodb.net
[2026-08-22 14:38:33] - [ERROR] => Restarting Mongo server
[2026-08-22 14:38:33] - [ERROR] => MongoDB connection error => querySrv ENOTFOUND _mongodb._tcp.testcluster.urrgt.mongodb.net
[2026-08-22 14:38:35] - [ERROR] => Restarting Mongo server
[2026-08-22 14:38:35] - [ERROR] => MongoDB connection error => querySrv ENOTFOUND _mongodb._tcp.testcluster.urrgt.mongodb.net
[2026-08-22 14:38:37] - [ERROR] => Restarting Mongo server
[2026-08-22 14:38:37] - [ERROR] => MongoDB connection error => querySrv ENOTFOUND _mongodb._tcp.testcluster.urrgt.mongodb.net
[2026-08-22 14:38:39] - [ERROR] => Restarting Mongo server
[2026-08-22 14:38:39] - [ERROR] => MongoDB connection error => querySrv ENOTFOUND _mongodb._tcp.testcluster.urrgt.mongodb.net
[2026-08-22 14:38:41] - [ERROR] => Restarting Mongo server
[2026-08-22 14:38:41] - [ERROR] => MongoDB connection error => querySrv ENOTFOUND _mongodb._tcp.testcluster.urrgt.mongodb.net
[2026-08-22 14:38:43] - [ERROR] => Restarting Mongo server
[2026-08-22 14:38:43] - [ERROR] => MongoDB connection error => querySrv ENOTFOUND _mongodb._tcp.testcluster.urrgt.mongodb.net
[2026-08-22 14:38:45] - [ERROR] => Restarting Mongo server
[2026-08-22 14:38:45] - [ERROR] => MongoDB connection error => querySrv ENOTFOUND _mongodb._tcp.testcluster.urrgt.mongodb.net
[2026-08-22 14:38:47] - [ERROR] => Restarting Mongo server
[2026-08-22 14:38:47] - [ERROR] => MongoDB connection error => querySrv ENOTFOUND _mongodb._tcp.testcluster.urrgt.mongodb.net
[2026-08-22 14:38:49] - [ERROR] => Restarting Mongo server
[2026-08-22 14:38:49] - [ERROR] => MongoDB connection error => querySrv ENOTFOUND _mongodb._tcp.testcluster.urrgt.mongodb.net
[2026-08-22 14:38:51] - [ERROR] => Restarting Mongo server
[2026-08-22 14:38:51] - [ERROR] => MongoDB connection error => querySrv ENOTFOUND _mongodb._tcp.testcluster.urrgt.mongodb.net
[2026-08-22 14:38:53] - [ERROR] => Restarting Mongo server
[2026-08-22 14:38:53] - [ERROR] => MongoDB connection error => querySrv ENOTFOUND _mongodb._tcp.testcluster.urrgt.mongodb.net
[2026-08-22 14:38:55] - [ERROR] => Restarting Mongo server
[2026-08-22 14:38:56] - [ERROR] => MongoDB connection error => querySrv ENOTFOUND _mongodb._tcp.testcluster.urrgt.mongodb.net
[2026-08-22 14:38:58] - [ERROR] => Restarting Mongo server
[2026-08-22 14:38:59] - [ERROR] => MongoDB connection error => querySrv ENOTFOUND _mongodb._tcp.testcluster.urrgt.mongodb.net
[2026-08-22 14:39:01] - [ERROR] => Restarting Mongo server
[2026-08-22 14:39:01] - [ERROR] => MongoDB connection error => querySrv ENOTFOUND _mongodb._tcp.testcluster.urrgt.mongodb.net
[2026-08-22 14:39:03] - [ERROR] => Restarting Mongo server
[2026-08-22 14:39:03] - [ERROR] => MongoDB connection error => querySrv ENOTFOUND _mongodb._tcp.testcluster.urrgt.mongodb.net
[2026-08-22 14:39:05] - [ERROR] => Restarting Mongo server
[2026-08-22 14:39:05] - [ERROR] => MongoDB connection error => querySrv ENOTFOUND _mongodb._tcp.testcluster.urrgt.mongodb.net
[2026-08-22 14:39:07] - [ERROR] => Restarting Mongo server
[2026-08-22 14:39:07] - [ERROR] => MongoDB connection error => querySrv ENOTFOUND _mongodb._tcp.testcluster.urrgt.mongodb.net
[2026-08-22 14:39:09] - [ERROR] => Restarting Mongo server
[2026-08-22 14:39:09] - [ERROR] => MongoDB connection error => querySrv ENOTFOUND _mongodb._tcp.testcluster.urrgt.mongodb.net
[2026-08-22 14:39:11] - [ERROR] => Restarting Mongo server
[2026-08-22 14:39:11] - [ERROR] => MongoDB connection error => querySrv ENOTFOUND _mongodb._tcp.testcluster.urrgt.mongodb.net
[2026-08-22 14:39:13] - [ERROR] => Restarting Mongo server
[2026-08-22 14:39:13] - [ERROR] => MongoDB connection error => querySrv ENOTFOUND _mongodb._tcp.testcluster.urrgt.mongodb.net
[2026-08-22 14:39:15] - [ERROR] => Restarting Mongo server
[2026-08-22 14:39:15] - [ERROR] => MongoDB connection error => querySrv ENOTFOUND _mongodb._tcp.testcluster.urrgt.mongodb.net
[2026-08-22 14:39:17] - [ERROR] => Restarting Mongo server
[2026-08-22 14:39:17] - [ERROR] => MongoDB connection error => querySrv ENOTFOUND _mongodb._tcp.testcluster.urrgt.mongodb.net
[2026-08-22 14:39:19] - [ERROR] => Restarting Mongo server
[2026-08-22 14:39:19] - [ERROR] => MongoDB connection error => querySrv ENOTFOUND _mongodb._tcp.testcluster.urrgt.mongodb.net
[2026-08-22 14:39:21] - [ERROR] => Restarting Mongo server
[2026-08-22 14:39:21] - [ERROR] => MongoDB connection error => querySrv ENOTFOUND _mongodb._tcp.testcluster.urrgt.mongodb.net
[2026-08-22 14:39:23] - [ERROR] => Restarting Mongo server
[2026-08-22 14:39:23] - [ERROR] => MongoDB connection error => querySrv ENOTFOUND _mongodb._tcp.testcluster.urrgt.mongodb.net
[2026-08-22 14:39:25] - [ERROR] => Restarting Mongo server
[2026-08-22 14:39:25] - [ERROR] => MongoDB connection error => querySrv ENOTFOUND _mongodb._tcp.testcluster.urrgt.mongodb.net
[2026-08-22 14:39:27] - [ERROR] => Restarting Mongo server
[2026-08-22 14:39:27] - [ERROR] => MongoDB connection error => querySrv ENOTFOUND _mongodb._tcp.testcluster.urrgt.mongodb.net
[2026-08-22 14:39:29] - [ERROR] => Restarting Mongo server
[2026-08-22 14:39:29] - [ERROR] => MongoDB connection error => querySrv ENOTFOUND _mongodb._tcp.testcluster.urrgt.mongodb.net
[2026-08-22 14:39:31] - [ERROR] => Restarting Mongo server
[2026-08-22 14:39:31] - [ERROR] => MongoDB connection error => querySrv ENOTFOUND _mongodb._tcp.testcluster.urrgt.mongodb.net
[2026-08-22 14:39:33] - [ERROR] => Restarting Mongo server
[2026-08-22 14:39:33] - [ERROR] => MongoDB connection error => querySrv ENOTFOUND _mongodb._tcp.testcluster.urrgt.mongodb.net
[2026-08-22 14:39:35] - [ERROR] => Restarting Mongo server
[2026-08-22 14:39:35] - [ERROR] => MongoDB connection error => querySrv ENOTFOUND _mongodb._tcp.testcluster.urrgt.mongodb.net
[2026-08-22 14:39:37] - [ERROR] => Restarting Mongo server
[2026-08-22 14:39:37] - [ERROR] => MongoDB connection error => querySrv ENOTFOUND _mongodb._tcp.testcluster.urrgt.mongodb.net
[2026-08-22 14:39:39] - [ERROR] => Restarting Mongo server
[2026-08-22 14:39:39] - [ERROR] => MongoDB connection error => querySrv ENOTFOUND _mongodb._tcp.testcluster.urrgt.mongodb.net
[2026-08-22 14:39:41] - [ERROR] => Restarting Mongo server
[2026-08-22 14:39:41] - [ERROR] => MongoDB connection error => querySrv ENOTFOUND _mongodb._tcp.testcluster.urrgt.mongodb.net
[2026-08-22 14:39:43] - [ERROR] => Restarting Mongo server
[2026-08-22 14:39:43] - [ERROR] => MongoDB connection error => querySrv ENOTFOUND _mongodb._tcp.testcluster.urrgt.mongodb.net
[2026-08-22 14:39:45] - [ERROR] => Restarting Mongo server
[2026-08-22 14:39:45] - [ERROR] => MongoDB connection error => querySrv ENOTFOUND _mongodb._tcp.testcluster.urrgt.mongodb.net
[2026-08-22 14:39:47] - [ERROR] => Restarting Mongo server
[2026-08-22 14:39:47] - [ERROR] => MongoDB connection error => querySrv ENOTFOUND _mongodb._tcp.testcluster.urrgt.mongodb.net
[2026-08-22 14:39:49] - [ERROR] => Restarting Mongo server
[2026-08-22 14:39:49] - [ERROR] => MongoDB connection error => querySrv ENOTFOUND _mongodb._tcp.testcluster.urrgt.mongodb.net
[2026-08-22 14:39:51] - [ERROR] => Restarting Mongo server
[2026-08-22 14:39:51] - [ERROR] => MongoDB connection error => querySrv ENOTFOUND _mongodb._tcp.testcluster.urrgt.mongodb.net
[2026-08-22 14:39:53] - [ERROR] => Restarting Mongo server
[2026-08-22 14:39:53] - [ERROR] => MongoDB connection error => querySrv ENOTFOUND _mongodb._tcp.testcluster.urrgt.mongodb.net
[2026-08-22 14:39:55] - [ERROR] => Restarting Mongo server
[2026-08-22 14:39:55] - [ERROR] => MongoDB connection error => querySrv ENOTFOUND _mongodb._tcp.testcluster.urrgt.mongodb.net
[2026-08-22 14:39:57] - [ERROR] => Restarting Mongo server
[2026-08-22 14:39:58] - [ERROR] => MongoDB connection error => querySrv ENOTFOUND _mongodb._tcp.testcluster.urrgt.mongodb.net
[2026-08-22 14:40:00] - [ERROR] => Restarting Mongo server
[2026-08-22 14:40:00] - [ERROR] => MongoDB connection error => querySrv ENOTFOUND _mongodb._tcp.testcluster.urrgt.mongodb.net
[2026-08-22 14:40:02] - [ERROR] => Restarting Mongo server
[2026-08-22 14:40:02] - [ERROR] => MongoDB connection error => querySrv ENOTFOUND _mongodb._tcp.testcluster.urrgt.mongodb.net
[2026-08-22 14:40:04] - [ERROR] => Restarting Mongo server
[2026-08-22 14:40:04] - [ERROR] => MongoDB connection error => querySrv ENOTFOUND _mongodb._tcp.testcluster.urrgt.mongodb.net
[2026-08-22 14:40:06] - [ERROR] => Restarting Mongo server
[2026-08-22 14:40:06] - [ERROR] => MongoDB connection error => querySrv ENOTFOUND _mongodb._tcp.testcluster.urrgt.mongodb.net
[2026-08-22 14:40:08] - [ERROR] => Restarting Mongo server
[2026-08-22 14:40:08] - [ERROR] => MongoDB connection error => querySrv ENOTFOUND _mongodb._tcp.testcluster.urrgt.mongodb.net
[2026-08-22 14:40:10] - [ERROR] => Restarting Mongo server
[2026-08-22 14:40:10] - [ERROR] => MongoDB connection error => querySrv ENOTFOUND _mongodb._tcp.testcluster.urrgt.mongodb.net
[2026-08-22 14:40:12] - [ERROR] => Restarting Mongo server
[2026-08-22 14:40:12] - [ERROR] => MongoDB connection error => querySrv ENOTFOUND _mongodb._tcp.testcluster.urrgt.mongodb.net
[2026-08-22 14:40:14] - [ERROR] => Restarting Mongo server
[2026-08-22 14:40:14] - [ERROR] => MongoDB connection error => querySrv ENOTFOUND _mongodb._tcp.testcluster.urrgt.mongodb.net
[2026-08-22 14:40:16] - [ERROR] => Restarting Mongo server
[2026-08-22 14:40:16] - [ERROR] => MongoDB connection error => querySrv ENOTFOUND _mongodb._tcp.testcluster.urrgt.mongodb.net
[2026-08-22 14:40:18] - [ERROR] => Restarting Mongo server
[2026-08-22 14:40:18] - [ERROR] => MongoDB connection error => querySrv ENOTFOUND _mongodb._tcp.testcluster.urrgt.mongodb.net
[2026-08-22 14:40:20] - [ERROR] => Restarting Mongo server
[2026-08-22 14:40:20] - [ERROR] => MongoDB connection error => querySrv ENOTFOUND _mongodb._tcp.testcluster.urrgt.mongodb.net
[2026-08-22 14:40:22] - [ERROR] => Restarting Mongo server
[2026-08-22 14:40:22] - [ERROR] => MongoDB connection error => querySrv ENOTFOUND _mongodb._tcp.testcluster.urrgt.mongodb.net
[2026-08-22 14:40:24] - [ERROR] => Restarting Mongo server
[2026-08-22 14:40:24] - [ERROR] => MongoDB connection error => querySrv ENOTFOUND _mongodb._tcp.testcluster.urrgt.mongodb.net
[2026-08-22 14:40:26] - [ERROR] => Restarting Mongo server
[2026-08-22 14:40:26] - [ERROR] => MongoDB connection error => querySrv ENOTFOUND _mongodb._tcp.testcluster.urrgt.mongodb.net
[2026-08-22 14:40:28] - [ERROR] => Restarting Mongo server
[2026-08-22 14:40:28] - [ERROR] => MongoDB connection error => querySrv ENOTFOUND _mongodb._tcp.testcluster.urrgt.mongodb.net
[2026-08-22 14:40:30] - [ERROR] => Restarting Mongo server
[2026-08-22 14:40:30] - [ERROR] => MongoDB connection error => querySrv ENOTFOUND _mongodb._tcp.testcluster.urrgt.mongodb.net
[2026-08-22 14:40:32] - [ERROR] => Restarting Mongo server
[2026-08-22 14:40:32] - [ERROR] => MongoDB connection error => querySrv ENOTFOUND _mongodb._tcp.testcluster.urrgt.mongodb.net
[2026-08-22 14:40:34] - [ERROR] => Restarting Mongo server
[2026-08-22 14:40:34] - [ERROR] => MongoDB connection error => querySrv ENOTFOUND _mongodb._tcp.testcluster.urrgt.mongodb.net
[2026-08-22 14:40:36] - [ERROR] => Restarting Mongo server
[2026-08-22 14:40:36] - [ERROR] => MongoDB connection error => querySrv ENOTFOUND _mongodb._tcp.testcluster.urrgt.mongodb.net
[2026-08-22 14:40:38] - [ERROR] => Restarting Mongo server
[2026-08-22 14:40:38] - [ERROR] => MongoDB connection error => querySrv ENOTFOUND _mongodb._tcp.testcluster.urrgt.mongodb.net
[2026-08-22 14:40:40] - [ERROR] => Restarting Mongo server
[2026-08-22 14:40:40] - [ERROR] => MongoDB connection error => querySrv ENOTFOUND _mongodb._tcp.testcluster.urrgt.mongodb.net
[2026-08-22 14:40:42] - [ERROR] => Restarting Mongo server
[2026-08-22 14:40:42] - [ERROR] => MongoDB connection error => querySrv ENOTFOUND _mongodb._tcp.testcluster.urrgt.mongodb.net
[2026-08-22 14:40:44] - [ERROR] => Restarting Mongo server
[2026-08-22 14:40:44] - [ERROR] => MongoDB connection error => querySrv ENOTFOUND _mongodb._tcp.testcluster.urrgt.mongodb.net
[2026-08-22 14:40:46] - [ERROR] => Restarting Mongo server
[2026-08-22 14:40:46] - [ERROR] => MongoDB connection error => querySrv ENOTFOUND _mongodb._tcp.testcluster.urrgt.mongodb.net
[2026-08-22 14:40:48] - [ERROR] => Restarting Mongo server
[2026-08-22 14:40:48] - [ERROR] => MongoDB connection error => querySrv ENOTFOUND _mongodb._tcp.testcluster.urrgt.mongodb.net
[2026-08-22 14:40:50] - [ERROR] => Restarting Mongo server
[2026-08-22 14:40:50] - [ERROR] => MongoDB connection error => querySrv ENOTFOUND _mongodb._tcp.testcluster.urrgt.mongodb.net
[2026-08-22 14:40:52] - [ERROR] => Restarting Mongo server
[2026-08-22 14:40:52] - [ERROR] => MongoDB connection error => querySrv ENOTFOUND _mongodb._tcp.testcluster.urrgt.mongodb.net
[2026-08-22 14:40:54] - [ERROR] => Restarting Mongo server
[2026-08-22 14:40:54] - [ERROR] => MongoDB connection error => querySrv ENOTFOUND _mongodb._tcp.testcluster.urrgt.mongodb.net
[2026-08-22 14:40:56] - [ERROR] => Restarting Mongo server
[2026-08-22 14:40:56] - [ERROR] => MongoDB connection error => querySrv ENOTFOUND _mongodb._tcp.testcluster.urrgt.mongodb.net
[2026-08-22 14:40:58] - [ERROR] => Restarting Mongo server
[2026-08-22 14:41:00] - [ERROR] => MongoDB connection error => querySrv ENOTFOUND _mongodb._tcp.testcluster.urrgt.mongodb.net
[2026-08-22 14:41:02] - [ERROR] => Restarting Mongo server
[2026-08-22 14:41:02] - [ERROR] => MongoDB connection error => querySrv ENOTFOUND _mongodb._tcp.testcluster.urrgt.mongodb.net
[2026-08-22 14:41:04] - [ERROR] => Restarting Mongo server
[2026-08-22 14:41:04] - [ERROR] => MongoDB connection error => querySrv ENOTFOUND _mongodb._tcp.testcluster.urrgt.mongodb.net
[2026-08-22 14:41:06] - [ERROR] => Restarting Mongo server
[2026-08-22 14:41:06] - [ERROR] => MongoDB connection error => querySrv ENOTFOUND _mongodb._tcp.testcluster.urrgt.mongodb.net
[2026-08-22 14:41:08] - [ERROR] => Restarting Mongo server
[2026-08-22 14:41:08] - [ERROR] => MongoDB connection error => querySrv ENOTFOUND _mongodb._tcp.testcluster.urrgt.mongodb.net
[2026-08-22 14:41:10] - [ERROR] => Restarting Mongo server
[2026-08-22 14:41:10] - [ERROR] => MongoDB connection error => querySrv ENOTFOUND _mongodb._tcp.testcluster.urrgt.mongodb.net
[2026-08-22 14:41:12] - [ERROR] => Restarting Mongo server
[2026-08-22 14:41:12] - [ERROR] => MongoDB connection error => querySrv ENOTFOUND _mongodb._tcp.testcluster.urrgt.mongodb.net
[2026-08-22 14:41:14] - [ERROR] => Restarting Mongo server
[2026-08-22 14:41:14] - [ERROR] => MongoDB connection error => querySrv ENOTFOUND _mongodb._tcp.testcluster.urrgt.mongodb.net
[2026-08-22 14:41:16] - [ERROR] => Restarting Mongo server
[2026-08-22 14:41:16] - [ERROR] => MongoDB connection error => querySrv ENOTFOUND _mongodb._tcp.testcluster.urrgt.mongodb.net
[2026-08-22 14:41:18] - [ERROR] => Restarting Mongo server
[2026-08-22 14:41:18] - [ERROR] => MongoDB connection error => querySrv ENOTFOUND _mongodb._tcp.testcluster.urrgt.mongodb.net
[2026-08-22 14:41:20] - [ERROR] => Restarting Mongo server
[2026-08-22 14:41:20] - [ERROR] => MongoDB connection error => querySrv ENOTFOUND _mongodb._tcp.testcluster.urrgt.mongodb.net
[2026-08-22 14:41:22] - [ERROR] => Restarting Mongo server
[2026-08-22 14:41:22] - [ERROR] => MongoDB connection error => querySrv ENOTFOUND _mongodb._tcp.testcluster.urrgt.mongodb.net
[2026-08-22 14:41:24] - [ERROR] => Restarting Mongo server
[2026-08-22 14:41:24] - [ERROR] => MongoDB connection error => querySrv ENOTFOUND _mongodb._tcp.testcluster.urrgt.mongodb.net
[2026-08-22 14:41:26] - [ERROR] => Restarting Mongo server
[2026-08-22 14:41:26] - [ERROR] => MongoDB connection error => querySrv ENOTFOUND _mongodb._tcp.testcluster.urrgt.mongodb.net
[2026-08-22 14:41:28] - [ERROR] => Restarting Mongo server
[2026-08-22 14:41:28] - [ERROR] => MongoDB connection error => querySrv ENOTFOUND _mongodb._tcp.testcluster.urrgt.mongodb.net
[2026-08-22 14:41:30] - [ERROR] => Restarting Mongo server
[2026-08-22 14:41:30] - [ERROR] => MongoDB connection error => querySrv ENOTFOUND _mongodb._tcp.testcluster.urrgt.mongodb.net
[2026-08-22 14:41:32] - [ERROR] => Restarting Mongo server
[2026-08-22 14:41:32] - [ERROR] => MongoDB connection error => querySrv ENOTFOUND _mongodb._tcp.testcluster.urrgt.mongodb.net
[2026-08-22 14:41:34] - [ERROR] => Restarting Mongo server
[2026-08-22 14:41:34] - [ERROR] => MongoDB connection error => querySrv ENOTFOUND _mongodb._tcp.testcluster.urrgt.mongodb.net
[2026-08-22 14:41:36] - [ERROR] => Restarting Mongo server
[2026-08-22 14:41:36] - [ERROR] => MongoDB connection error => querySrv ENOTFOUND _mongodb._tcp.testcluster.urrgt.mongodb.net
[2026-08-22 14:41:38] - [ERROR] => Restarting Mongo server
[2026-08-22 14:41:38] - [ERROR] => MongoDB connection error => querySrv ENOTFOUND _mongodb._tcp.testcluster.urrgt.mongodb.net
[2026-08-22 14:41:40] - [ERROR] => Restarting Mongo server
[2026-08-22 14:41:40] - [ERROR] => MongoDB connection error => querySrv ENOTFOUND _mongodb._tcp.testcluster.urrgt.mongodb.net
[2026-08-22 14:41:42] - [ERROR] => Restarting Mongo server
[2026-08-22 14:41:42] - [ERROR] => MongoDB connection error => querySrv ENOTFOUND _mongodb._tcp.testcluster.urrgt.mongodb.net
[2026-08-22 14:41:44] - [ERROR] => Restarting Mongo server
[2026-08-22 14:41:44] - [ERROR] => MongoDB connection error => querySrv ENOTFOUND _mongodb._tcp.testcluster.urrgt.mongodb.net
[2026-08-22 14:41:46] - [ERROR] => Restarting Mongo server
[2026-08-22 14:41:46] - [ERROR] => MongoDB connection error => querySrv ENOTFOUND _mongodb._tcp.testcluster.urrgt.mongodb.net
[2026-08-22 14:41:48] - [ERROR] => Restarting Mongo server
[2026-08-22 14:41:48] - [ERROR] => MongoDB connection error => querySrv ENOTFOUND _mongodb._tcp.testcluster.urrgt.mongodb.net
[2026-08-22 14:41:50] - [ERROR] => Restarting Mongo server
[2026-08-22 14:41:50] - [ERROR] => MongoDB connection error => querySrv ENOTFOUND _mongodb._tcp.testcluster.urrgt.mongodb.net
[2026-08-22 14:41:52] - [ERROR] => Restarting Mongo server
[2026-08-22 14:41:52] - [ERROR] => MongoDB connection error => querySrv ENOTFOUND _mongodb._tcp.testcluster.urrgt.mongodb.net
[2026-08-22 14:41:54] - [ERROR] => Restarting Mongo server
[2026-08-22 14:41:54] - [ERROR] => MongoDB connection error => querySrv ENOTFOUND _mongodb._tcp.testcluster.urrgt.mongodb.net
[2026-08-22 14:41:56] - [ERROR] => Restarting Mongo server
[2026-08-22 14:41:56] - [ERROR] => MongoDB connection error => querySrv ENOTFOUND _mongodb._tcp.testcluster.urrgt.mongodb.net
[2026-08-22 14:41:58] - [ERROR] => Restarting Mongo server
[2026-08-22 14:41:58] - [ERROR] => MongoDB connection error => querySrv ENOTFOUND _mongodb._tcp.testcluster.urrgt.mongodb.net
[2026-08-22 14:42:00] - [ERROR] => Restarting Mongo server
[2026-08-22 14:42:02] - [ERROR] => MongoDB connection error => querySrv ENOTFOUND _mongodb._tcp.testcluster.urrgt.mongodb.net
[2026-08-22 14:42:04] - [ERROR] => Restarting Mongo server
[2026-08-22 14:42:04] - [ERROR] => MongoDB connection error => querySrv ENOTFOUND _mongodb._tcp.testcluster.urrgt.mongodb.net
[2026-08-22 14:42:06] - [ERROR] => Restarting Mongo server
[2026-08-22 14:42:06] - [ERROR] => MongoDB connection error => querySrv ENOTFOUND _mongodb._tcp.testcluster.urrgt.mongodb.net
[2026-08-22 14:42:08] - [ERROR] => Restarting Mongo server
[2026-08-22 14:42:08] - [ERROR] => MongoDB connection error => querySrv ENOTFOUND _mongodb._tcp.testcluster.urrgt.mongodb.net
[2026-08-22 14:42:10] - [ERROR] => Restarting Mongo server
[2026-08-22 14:42:10] - [ERROR] => MongoDB connection error => querySrv ENOTFOUND _mongodb._tcp.testcluster.urrgt.mongodb.net
[2026-08-22 14:42:12] - [ERROR] => Restarting Mongo server
[2026-08-22 14:42:12] - [ERROR] => MongoDB connection error => querySrv ENOTFOUND _mongodb._tcp.testcluster.urrgt.mongodb.net
[2026-08-22 14:42:14] - [ERROR] => Restarting Mongo server
[2026-08-22 14:42:14] - [ERROR] => MongoDB connection error => querySrv ENOTFOUND _mongodb._tcp.testcluster.urrgt.mongodb.net
[2026-08-22 14:42:16] - [ERROR] => Restarting Mongo server
[2026-08-22 14:42:16] - [ERROR] => MongoDB connection error => querySrv ENOTFOUND _mongodb._tcp.testcluster.urrgt.mongodb.net
[2026-08-22 14:42:18] - [ERROR] => Restarting Mongo server
[2026-08-22 14:42:18] - [ERROR] => MongoDB connection error => querySrv ENOTFOUND _mongodb._tcp.testcluster.urrgt.mongodb.net
[2026-08-22 14:42:20] - [ERROR] => Restarting Mongo server
[2026-08-22 14:42:20] - [ERROR] => MongoDB connection error => querySrv ENOTFOUND _mongodb._tcp.testcluster.urrgt.mongodb.net
[2026-08-22 14:42:22] - [ERROR] => Restarting Mongo server
[2026-08-22 14:42:22] - [ERROR] => MongoDB connection error => querySrv ENOTFOUND _mongodb._tcp.testcluster.urrgt.mongodb.net
[2026-08-22 14:42:24] - [ERROR] => Restarting Mongo server
[2026-08-22 14:42:24] - [ERROR] => MongoDB connection error => querySrv ENOTFOUND _mongodb._tcp.testcluster.urrgt.mongodb.net
[2026-08-22 14:42:26] - [ERROR] => Restarting Mongo server
[2026-08-22 14:42:26] - [ERROR] => MongoDB connection error => querySrv ENOTFOUND _mongodb._tcp.testcluster.urrgt.mongodb.net
[2026-08-22 14:42:28] - [ERROR] => Restarting Mongo server
[2026-08-22 14:42:28] - [ERROR] => MongoDB connection error => querySrv ENOTFOUND _mongodb._tcp.testcluster.urrgt.mongodb.net
[2026-08-22 14:42:30] - [ERROR] => Restarting Mongo server
[2026-08-22 14:42:30] - [ERROR] => MongoDB connection error => querySrv ENOTFOUND _mongodb._tcp.testcluster.urrgt.mongodb.net
[2026-08-22 14:42:32] - [ERROR] => Restarting Mongo server
[2026-08-22 14:42:32] - [ERROR] => MongoDB connection error => querySrv ENOTFOUND _mongodb._tcp.testcluster.urrgt.mongodb.net
[2026-08-22 14:42:34] - [ERROR] => Restarting Mongo server
[2026-08-22 14:42:34] - [ERROR] => MongoDB connection error => querySrv ENOTFOUND _mongodb._tcp.testcluster.urrgt.mongodb.net
[2026-08-22 14:42:36] - [ERROR] => Restarting Mongo server
[2026-08-22 14:42:36] - [ERROR] => MongoDB connection error => querySrv ENOTFOUND _mongodb._tcp.testcluster.urrgt.mongodb.net
[2026-08-22 14:42:38] - [ERROR] => Restarting Mongo server
[2026-08-22 14:42:38] - [ERROR] => MongoDB connection error => querySrv ENOTFOUND _mongodb._tcp.testcluster.urrgt.mongodb.net
[2026-08-22 14:42:40] - [ERROR] => Restarting Mongo server
[2026-08-22 14:42:40] - [ERROR] => MongoDB connection error => querySrv ENOTFOUND _mongodb._tcp.testcluster.urrgt.mongodb.net
[2026-08-22 14:42:42] - [ERROR] => Restarting Mongo server
[2026-08-22 14:42:42] - [ERROR] => MongoDB connection error => querySrv ENOTFOUND _mongodb._tcp.testcluster.urrgt.mongodb.net
[2026-08-22 14:42:44] - [ERROR] => Restarting Mongo server
[2026-08-22 14:42:44] - [ERROR] => MongoDB connection error => querySrv ENOTFOUND _mongodb._tcp.testcluster.urrgt.mongodb.net
[2026-08-22 14:42:46] - [ERROR] => Restarting Mongo server
[2026-08-22 14:42:46] - [ERROR] => MongoDB connection error => querySrv ENOTFOUND _mongodb._tcp.testcluster.urrgt.mongodb.net
[2026-08-22 14:42:48] - [ERROR] => Restarting Mongo server
[2026-08-22 14:42:48] - [ERROR] => MongoDB connection error => querySrv ENOTFOUND _mongodb._tcp.testcluster.urrgt.mongodb.net
[2026-08-22 14:42:50] - [ERROR] => Restarting Mongo server
[2026-08-22 14:42:50] - [ERROR] => MongoDB connection error => querySrv ENOTFOUND _mongodb._tcp.testcluster.urrgt.mongodb.net
[2026-08-22 14:42:52] - [ERROR] => Restarting Mongo server
[2026-08-22 14:42:52] - [ERROR] => MongoDB connection error => querySrv ENOTFOUND _mongodb._tcp.testcluster.urrgt.mongodb.net
[2026-08-22 14:42:54] - [ERROR] => Restarting Mongo server
[2026-08-22 14:42:54] - [ERROR] => MongoDB connection error => querySrv ENOTFOUND _mongodb._tcp.testcluster.urrgt.mongodb.net
[2026-08-22 14:42:56] - [ERROR] => Restarting Mongo server
[2026-08-22 14:42:56] - [ERROR] => MongoDB connection error => querySrv ENOTFOUND _mongodb._tcp.testcluster.urrgt.mongodb.net
[2026-08-22 14:42:58] - [ERROR] => Restarting Mongo server
[2026-08-22 14:42:58] - [ERROR] => MongoDB connection error => querySrv ENOTFOUND _mongodb._tcp.testcluster.urrgt.mongodb.net
[2026-08-22 14:43:00] - [ERROR] => Restarting Mongo server
[2026-08-22 14:43:00] - [ERROR] => MongoDB connection error => querySrv ENOTFOUND _mongodb._tcp.testcluster.urrgt.mongodb.net
[2026-08-22 14:43:02] - [ERROR] => Restarting Mongo server
[2026-08-22 14:43:04] - [ERROR] => MongoDB connection error => querySrv ENOTFOUND _mongodb._tcp.testcluster.urrgt.mongodb.net
[2026-08-22 14:43:06] - [ERROR] => Restarting Mongo server
[2026-08-22 14:43:06] - [ERROR] => MongoDB connection error => querySrv ENOTFOUND _mongodb._tcp.testcluster.urrgt.mongodb.net
[2026-08-22 14:43:08] - [ERROR] => Restarting Mongo server
[2026-08-22 14:43:08] - [ERROR] => MongoDB connection error => querySrv ENOTFOUND _mongodb._tcp.testcluster.urrgt.mongodb.net
[2026-08-22 14:43:10] - [ERROR] => Restarting Mongo server
[2026-08-22 14:43:10] - [ERROR] => MongoDB connection error => querySrv ENOTFOUND _mongodb._tcp.testcluster.urrgt.mongodb.net
[2026-08-22 14:43:12] - [ERROR] => Restarting Mongo server
[2026-08-22 14:43:12] - [ERROR] => MongoDB connection error => querySrv ENOTFOUND _mongodb._tcp.testcluster.urrgt.mongodb.net
[2026-08-22 14:43:14] - [ERROR] => Restarting Mongo server
[2026-08-22 14:43:14] - [ERROR] => MongoDB connection error => querySrv ENOTFOUND _mongodb._tcp.testcluster.urrgt.mongodb.net
[2026-08-22 14:43:16] - [ERROR] => Restarting Mongo server
[2026-08-22 14:43:16] - [ERROR] => MongoDB connection error => querySrv ENOTFOUND _mongodb._tcp.testcluster.urrgt.mongodb.net
[2026-08-22 14:43:18] - [ERROR] => Restarting Mongo server
[2026-08-22 14:43:18] - [ERROR] => MongoDB connection error => querySrv ENOTFOUND _mongodb._tcp.testcluster.urrgt.mongodb.net
[2026-08-22 14:43:20] - [ERROR] => Restarting Mongo server
[2026-08-22 14:43:20] - [ERROR] => MongoDB connection error => querySrv ENOTFOUND _mongodb._tcp.testcluster.urrgt.mongodb.net
[2026-08-22 14:43:22] - [ERROR] => Restarting Mongo server
[2026-08-22 14:43:22] - [ERROR] => MongoDB connection error => querySrv ENOTFOUND _mongodb._tcp.testcluster.urrgt.mongodb.net
[2026-08-22 14:43:24] - [ERROR] => Restarting Mongo server
[2026-08-22 14:43:24] - [ERROR] => MongoDB connection error => querySrv ENOTFOUND _mongodb._tcp.testcluster.urrgt.mongodb.net
[2026-08-22 14:43:26] - [ERROR] => Restarting Mongo server
[2026-08-22 14:43:26] - [ERROR] => MongoDB connection error => querySrv ENOTFOUND _mongodb._tcp.testcluster.urrgt.mongodb.net
[2026-08-22 14:43:28] - [ERROR] => Restarting Mongo server
[2026-08-22 14:43:28] - [ERROR] => MongoDB connection error => querySrv ENOTFOUND _mongodb._tcp.testcluster.urrgt.mongodb.net
[2026-08-22 14:43:30] - [ERROR] => Restarting Mongo server
[2026-08-22 14:43:30] - [ERROR] => MongoDB connection error => querySrv ENOTFOUND _mongodb._tcp.testcluster.urrgt.mongodb.net
[2026-08-22 14:43:32] - [ERROR] => Restarting Mongo server
[2026-08-22 14:43:32] - [ERROR] => MongoDB connection error => querySrv ENOTFOUND _mongodb._tcp.testcluster.urrgt.mongodb.net
[2026-08-22 14:43:34] - [ERROR] => Restarting Mongo server
[2026-08-22 14:43:34] - [ERROR] => MongoDB connection error => querySrv ENOTFOUND _mongodb._tcp.testcluster.urrgt.mongodb.net
[2026-08-22 14:43:36] - [ERROR] => Restarting Mongo server
[2026-08-22 14:43:36] - [ERROR] => MongoDB connection error => querySrv ENOTFOUND _mongodb._tcp.testcluster.urrgt.mongodb.net
[2026-08-22 14:43:38] - [ERROR] => Restarting Mongo server
[2026-08-22 14:43:38] - [ERROR] => MongoDB connection error => querySrv ENOTFOUND _mongodb._tcp.testcluster.urrgt.mongodb.net
[2026-08-22 14:43:40] - [ERROR] => Restarting Mongo server
[2026-08-22 14:43:40] - [ERROR] => MongoDB connection error => querySrv ENOTFOUND _mongodb._tcp.testcluster.urrgt.mongodb.net
[2026-08-22 14:43:42] - [ERROR] => Restarting Mongo server
[2026-08-22 14:43:42] - [ERROR] => MongoDB connection error => querySrv ENOTFOUND _mongodb._tcp.testcluster.urrgt.mongodb.net
[2026-08-22 14:43:44] - [ERROR] => Restarting Mongo server
[2026-08-22 14:43:44] - [ERROR] => MongoDB connection error => querySrv ENOTFOUND _mongodb._tcp.testcluster.urrgt.mongodb.net
[2026-08-22 14:43:46] - [ERROR] => Restarting Mongo server
[2026-08-22 14:43:46] - [ERROR] => MongoDB connection error => querySrv ENOTFOUND _mongodb._tcp.testcluster.urrgt.mongodb.net
[2026-08-22 14:43:48] - [ERROR] => Restarting Mongo server
[2026-08-22 14:43:48] - [ERROR] => MongoDB connection error => querySrv ENOTFOUND _mongodb._tcp.testcluster.urrgt.mongodb.net
[2026-08-22 14:43:50] - [ERROR] => Restarting Mongo server
[2026-08-22 14:43:50] - [ERROR] => MongoDB connection error => querySrv ENOTFOUND _mongodb._tcp.testcluster.urrgt.mongodb.net
[2026-08-22 14:43:52] - [ERROR] => Restarting Mongo server
[2026-08-22 14:43:52] - [ERROR] => MongoDB connection error => querySrv ENOTFOUND _mongodb._tcp.testcluster.urrgt.mongodb.net
[2026-08-22 14:43:54] - [ERROR] => Restarting Mongo server
[2026-08-22 14:43:54] - [ERROR] => MongoDB connection error => querySrv ENOTFOUND _mongodb._tcp.testcluster.urrgt.mongodb.net
[2026-08-22 14:43:56] - [ERROR] => Restarting Mongo server
[2026-08-22 14:43:56] - [ERROR] => MongoDB connection error => querySrv ENOTFOUND _mongodb._tcp.testcluster.urrgt.mongodb.net
[2026-08-22 14:43:58] - [ERROR] => Restarting Mongo server
[2026-08-22 14:43:58] - [ERROR] => MongoDB connection error => querySrv ENOTFOUND _mongodb._tcp.testcluster.urrgt.mongodb.net
[2026-08-22 14:44:00] - [ERROR] => Restarting Mongo server
[2026-08-22 14:44:00] - [ERROR] => MongoDB connection error => querySrv ENOTFOUND _mongodb._tcp.testcluster.urrgt.mongodb.net
[2026-08-22 14:44:02] - [ERROR] => Restarting Mongo server
[2026-08-22 14:44:02] - [ERROR] => MongoDB connection error => querySrv ENOTFOUND _mongodb._tcp.testcluster.urrgt.mongodb.net
[2026-08-22 14:44:04] - [ERROR] => Restarting Mongo server
[2026-08-22 14:44:06] - [ERROR] => MongoDB connection error => querySrv ENOTFOUND _mongodb._tcp.testcluster.urrgt.mongodb.net
[2026-08-22 14:44:08] - [ERROR] => Restarting Mongo server
[2026-08-22 14:44:08] - [ERROR] => MongoDB connection error => querySrv ENOTFOUND _mongodb._tcp.testcluster.urrgt.mongodb.net
[2026-08-22 14:44:10] - [ERROR] => Restarting Mongo server
[2026-08-22 14:44:10] - [ERROR] => MongoDB connection error => querySrv ENOTFOUND _mongodb._tcp.testcluster.urrgt.mongodb.net
[2026-08-22 14:44:12] - [ERROR] => Restarting Mongo server
[2026-08-22 14:44:12] - [ERROR] => MongoDB connection error => querySrv ENOTFOUND _mongodb._tcp.testcluster.urrgt.mongodb.net
[2026-08-22 14:44:14] - [ERROR] => Restarting Mongo server
[2026-08-22 14:44:14] - [ERROR] => MongoDB connection error => querySrv ENOTFOUND _mongodb._tcp.testcluster.urrgt.mongodb.net
[2026-08-22 14:44:16] - [ERROR] => Restarting Mongo server
[2026-08-22 14:44:16] - [ERROR] => MongoDB connection error => querySrv ENOTFOUND _mongodb._tcp.testcluster.urrgt.mongodb.net
[2026-08-22 14:44:18] - [ERROR] => Restarting Mongo server
[2026-08-22 14:44:18] - [ERROR] => MongoDB connection error => querySrv ENOTFOUND _mongodb._tcp.testcluster.urrgt.mongodb.net
[2026-08-22 14:44:20] - [ERROR] => Restarting Mongo server
[2026-08-22 14:44:20] - [ERROR] => MongoDB connection error => querySrv ENOTFOUND _mongodb._tcp.testcluster.urrgt.mongodb.net
[2026-08-22 14:44:22] - [ERROR] => Restarting Mongo server
[2026-08-22 14:44:22] - [ERROR] => MongoDB connection error => querySrv ENOTFOUND _mongodb._tcp.testcluster.urrgt.mongodb.net
[2026-08-22 14:44:24] - [ERROR] => Restarting Mongo server
[2026-08-22 14:44:24] - [ERROR] => MongoDB connection error => querySrv ENOTFOUND _mongodb._tcp.testcluster.urrgt.mongodb.net
[2026-08-22 14:44:26] - [ERROR] => Restarting Mongo server
[2026-08-22 14:44:26] - [ERROR] => MongoDB connection error => querySrv ENOTFOUND _mongodb._tcp.testcluster.urrgt.mongodb.net
[2026-08-22 14:44:28] - [ERROR] => Restarting Mongo server
[2026-08-22 14:44:28] - [ERROR] => MongoDB connection error => querySrv ENOTFOUND _mongodb._tcp.testcluster.urrgt.mongodb.net
[2026-08-22 14:44:30] - [ERROR] => Restarting Mongo server
[2026-08-22 14:44:31] - [ERROR] => MongoDB connection error => querySrv ENOTFOUND _mongodb._tcp.testcluster.urrgt.mongodb.net
[2026-08-22 14:44:33] - [ERROR] => Restarting Mongo server
[2026-08-22 14:44:33] - [ERROR] => MongoDB connection error => querySrv ENOTFOUND _mongodb._tcp.testcluster.urrgt.mongodb.net
[2026-08-22 14:44:35] - [ERROR] => Restarting Mongo server
[2026-08-22 14:44:35] - [ERROR] => MongoDB connection error => querySrv ENOTFOUND _mongodb._tcp.testcluster.urrgt.mongodb.net
[2026-08-22 14:44:37] - [ERROR] => Restarting Mongo server
[2026-08-22 14:44:37] - [ERROR] => MongoDB connection error => querySrv ENOTFOUND _mongodb._tcp.testcluster.urrgt.mongodb.net
[2026-08-22 14:44:39] - [ERROR] => Restarting Mongo server
[2026-08-22 14:44:39] - [ERROR] => MongoDB connection error => querySrv ENOTFOUND _mongodb._tcp.testcluster.urrgt.mongodb.net
[2026-08-22 14:44:41] - [ERROR] => Restarting Mongo server
[2026-08-22 14:44:41] - [ERROR] => MongoDB connection error => querySrv ENOTFOUND _mongodb._tcp.testcluster.urrgt.mongodb.net
[2026-08-22 14:44:43] - [ERROR] => Restarting Mongo server
[2026-08-22 14:44:43] - [ERROR] => MongoDB connection error => querySrv ENOTFOUND _mongodb._tcp.testcluster.urrgt.mongodb.net
[2026-08-22 14:44:45] - [ERROR] => Restarting Mongo server
[2026-08-22 14:44:45] - [ERROR] => MongoDB connection error => querySrv ENOTFOUND _mongodb._tcp.testcluster.urrgt.mongodb.net
[2026-08-22 14:44:47] - [ERROR] => Restarting Mongo server
[2026-08-22 14:44:47] - [ERROR] => MongoDB connection error => querySrv ENOTFOUND _mongodb._tcp.testcluster.urrgt.mongodb.net
[2026-08-22 14:44:49] - [ERROR] => Restarting Mongo server
[2026-08-22 14:44:49] - [ERROR] => MongoDB connection error => querySrv ENOTFOUND _mongodb._tcp.testcluster.urrgt.mongodb.net
[2026-08-22 14:44:51] - [ERROR] => Restarting Mongo server
[2026-08-22 14:44:51] - [ERROR] => MongoDB connection error => querySrv ENOTFOUND _mongodb._tcp.testcluster.urrgt.mongodb.net
[2026-08-22 14:44:53] - [ERROR] => Restarting Mongo server
[2026-08-22 14:44:53] - [ERROR] => MongoDB connection error => querySrv ENOTFOUND _mongodb._tcp.testcluster.urrgt.mongodb.net
[2026-08-22 14:44:55] - [ERROR] => Restarting Mongo server
[2026-08-22 14:44:55] - [ERROR] => MongoDB connection error => querySrv ENOTFOUND _mongodb._tcp.testcluster.urrgt.mongodb.net
[2026-08-22 14:44:57] - [ERROR] => Restarting Mongo server
[2026-08-22 14:44:57] - [ERROR] => MongoDB connection error => querySrv ENOTFOUND _mongodb._tcp.testcluster.urrgt.mongodb.net
[2026-08-22 14:44:59] - [ERROR] => Restarting Mongo server
[2026-08-22 14:44:59] - [ERROR] => MongoDB connection error => querySrv ENOTFOUND _mongodb._tcp.testcluster.urrgt.mongodb.net
[2026-08-22 14:45:01] - [ERROR] => Restarting Mongo server
[2026-08-22 14:45:01] - [ERROR] => MongoDB connection error => querySrv ENOTFOUND _mongodb._tcp.testcluster.urrgt.mongodb.net
[2026-08-22 14:45:03] - [ERROR] => Restarting Mongo server
[2026-08-22 14:45:03] - [ERROR] => MongoDB connection error => querySrv ENOTFOUND _mongodb._tcp.testcluster.urrgt.mongodb.net
[2026-08-22 14:45:05] - [ERROR] => Restarting Mongo server
[2026-08-22 14:45:05] - [ERROR] => MongoDB connection error => querySrv ENOTFOUND _mongodb._tcp.testcluster.urrgt.mongodb.net
[2026-08-22 14:45:07] - [ERROR] => Restarting Mongo server
[2026-08-22 14:45:09] - [ERROR] => MongoDB connection error => querySrv ENOTFOUND _mongodb._tcp.testcluster.urrgt.mongodb.net
[2026-08-22 14:45:11] - [ERROR] => Restarting Mongo server
[2026-08-22 14:45:11] - [ERROR] => MongoDB connection error => querySrv ENOTFOUND _mongodb._tcp.testcluster.urrgt.mongodb.net
[2026-08-22 14:45:13] - [ERROR] => Restarting Mongo server
[2026-08-22 14:45:13] - [ERROR] => MongoDB connection error => querySrv ENOTFOUND _mongodb._tcp.testcluster.urrgt.mongodb.net
[2026-08-22 14:45:15] - [ERROR] => Restarting Mongo server
[2026-08-22 14:45:15] - [ERROR] => MongoDB connection error => querySrv ENOTFOUND _mongodb._tcp.testcluster.urrgt.mongodb.net
[2026-08-22 14:45:17] - [ERROR] => Restarting Mongo server
[2026-08-22 14:45:17] - [ERROR] => MongoDB connection error => querySrv ENOTFOUND _mongodb._tcp.testcluster.urrgt.mongodb.net
[2026-08-22 14:45:19] - [ERROR] => Restarting Mongo server
[2026-08-22 14:45:19] - [ERROR] => MongoDB connection error => querySrv ENOTFOUND _mongodb._tcp.testcluster.urrgt.mongodb.net
[2026-08-22 14:45:21] - [ERROR] => Restarting Mongo server
[2026-08-22 14:45:21] - [ERROR] => MongoDB connection error => querySrv ENOTFOUND _mongodb._tcp.testcluster.urrgt.mongodb.net
[2026-08-22 14:45:23] - [ERROR] => Restarting Mongo server
[2026-08-22 14:45:23] - [ERROR] => MongoDB connection error => querySrv ENOTFOUND _mongodb._tcp.testcluster.urrgt.mongodb.net
[2026-08-22 14:45:25] - [ERROR] => Restarting Mongo server
[2026-08-22 14:45:25] - [ERROR] => MongoDB connection error => querySrv ENOTFOUND _mongodb._tcp.testcluster.urrgt.mongodb.net
[2026-08-22 14:45:27] - [ERROR] => Restarting Mongo server
[2026-08-22 14:45:27] - [ERROR] => MongoDB connection error => querySrv ENOTFOUND _mongodb._tcp.testcluster.urrgt.mongodb.net
[2026-08-22 14:45:29] - [ERROR] => Restarting Mongo server
[2026-08-22 14:45:29] - [ERROR] => MongoDB connection error => querySrv ENOTFOUND _mongodb._tcp.testcluster.urrgt.mongodb.net
[2026-08-22 14:45:31] - [ERROR] => Restarting Mongo server
[2026-08-22 14:45:31] - [ERROR] => MongoDB connection error => querySrv ENOTFOUND _mongodb._tcp.testcluster.urrgt.mongodb.net
[2026-08-22 14:45:33] - [ERROR] => Restarting Mongo server
[2026-08-22 14:45:33] - [ERROR] => MongoDB connection error => querySrv ENOTFOUND _mongodb._tcp.testcluster.urrgt.mongodb.net
[2026-08-22 14:45:35] - [ERROR] => Restarting Mongo server
[2026-08-22 14:45:35] - [ERROR] => MongoDB connection error => querySrv ENOTFOUND _mongodb._tcp.testcluster.urrgt.mongodb.net
[2026-08-22 14:45:37] - [ERROR] => Restarting Mongo server
[2026-08-22 14:45:37] - [ERROR] => MongoDB connection error => querySrv ENOTFOUND _mongodb._tcp.testcluster.urrgt.mongodb.net
[2026-08-22 14:45:39] - [ERROR] => Restarting Mongo server
[2026-08-22 14:45:39] - [ERROR] => MongoDB connection error => querySrv ENOTFOUND _mongodb._tcp.testcluster.urrgt.mongodb.net
[2026-08-22 14:45:41] - [ERROR] => Restarting Mongo server
[2026-08-22 14:45:41] - [ERROR] => MongoDB connection error => querySrv ENOTFOUND _mongodb._tcp.testcluster.urrgt.mongodb.net
[2026-08-22 14:45:43] - [ERROR] => Restarting Mongo server
[2026-08-22 14:45:43] - [ERROR] => MongoDB connection error => querySrv ENOTFOUND _mongodb._tcp.testcluster.urrgt.mongodb.net
[2026-08-22 14:45:45] - [ERROR] => Restarting Mongo server
[2026-08-22 14:45:45] - [ERROR] => MongoDB connection error => querySrv ENOTFOUND _mongodb._tcp.testcluster.urrgt.mongodb.net
[2026-08-22 14:45:47] - [ERROR] => Restarting Mongo server
[2026-08-22 14:45:47] - [ERROR] => MongoDB connection error => querySrv ENOTFOUND _mongodb._tcp.testcluster.urrgt.mongodb.net
[2026-08-22 14:45:49] - [ERROR] => Restarting Mongo server
[2026-08-22 14:45:49] - [ERROR] => MongoDB connection error => querySrv ENOTFOUND _mongodb._tcp.testcluster.urrgt.mongodb.net
[2026-08-22 14:45:51] - [ERROR] => Restarting Mongo server
[2026-08-22 14:45:51] - [ERROR] => MongoDB connection error => querySrv ENOTFOUND _mongodb._tcp.testcluster.urrgt.mongodb.net
[2026-08-22 14:45:53] - [ERROR] => Restarting Mongo server
[2026-08-22 14:45:53] - [ERROR] => MongoDB connection error => querySrv ENOTFOUND _mongodb._tcp.testcluster.urrgt.mongodb.net
[2026-08-22 14:45:55] - [ERROR] => Restarting Mongo server
[2026-08-22 14:45:55] - [ERROR] => MongoDB connection error => querySrv ENOTFOUND _mongodb._tcp.testcluster.urrgt.mongodb.net
[2026-08-22 14:45:57] - [ERROR] => Restarting Mongo server
[2026-08-22 14:45:57] - [ERROR] => MongoDB connection error => querySrv ENOTFOUND _mongodb._tcp.testcluster.urrgt.mongodb.net
[2026-08-22 14:45:59] - [ERROR] => Restarting Mongo server
[2026-08-22 14:45:59] - [ERROR] => MongoDB connection error => querySrv ENOTFOUND _mongodb._tcp.testcluster.urrgt.mongodb.net
[2026-08-22 14:46:01] - [ERROR] => Restarting Mongo server
[2026-08-22 14:46:01] - [ERROR] => MongoDB connection error => querySrv ENOTFOUND _mongodb._tcp.testcluster.urrgt.mongodb.net
[2026-08-22 14:46:03] - [ERROR] => Restarting Mongo server
[2026-08-22 14:46:03] - [ERROR] => MongoDB connection error => querySrv ENOTFOUND _mongodb._tcp.testcluster.urrgt.mongodb.net
[2026-08-22 14:46:05] - [ERROR] => Restarting Mongo server
[2026-08-22 14:46:05] - [ERROR] => MongoDB connection error => querySrv ENOTFOUND _mongodb._tcp.testcluster.urrgt.mongodb.net
[2026-08-22 14:46:07] - [ERROR] => Restarting Mongo server
[2026-08-22 14:46:07] - [ERROR] => MongoDB connection error => querySrv ENOTFOUND _mongodb._tcp.testcluster.urrgt.mongodb.net
[2026-08-22 14:46:09] - [ERROR] => Restarting Mongo server
[2026-08-22 14:46:11] - [ERROR] => MongoDB connection error => querySrv ENOTFOUND _mongodb._tcp.testcluster.urrgt.mongodb.net
[2026-08-22 14:46:13] - [ERROR] => Restarting Mongo server
[2026-08-22 14:46:13] - [ERROR] => MongoDB connection error => querySrv ENOTFOUND _mongodb._tcp.testcluster.urrgt.mongodb.net
[2026-08-22 14:46:15] - [ERROR] => Restarting Mongo server
[2026-08-22 14:46:15] - [ERROR] => MongoDB connection error => querySrv ENOTFOUND _mongodb._tcp.testcluster.urrgt.mongodb.net
[2026-08-22 14:46:17] - [ERROR] => Restarting Mongo server
[2026-08-22 14:46:17] - [ERROR] => MongoDB connection error => querySrv ENOTFOUND _mongodb._tcp.testcluster.urrgt.mongodb.net
[2026-08-22 14:46:19] - [ERROR] => Restarting Mongo server
[2026-08-22 14:46:19] - [ERROR] => MongoDB connection error => querySrv ENOTFOUND _mongodb._tcp.testcluster.urrgt.mongodb.net
[2026-08-22 14:46:21] - [ERROR] => Restarting Mongo server
[2026-08-22 14:46:21] - [ERROR] => MongoDB connection error => querySrv ENOTFOUND _mongodb._tcp.testcluster.urrgt.mongodb.net
[2026-08-22 14:46:23] - [ERROR] => Restarting Mongo server
[2026-08-22 14:46:23] - [ERROR] => MongoDB connection error => querySrv ENOTFOUND _mongodb._tcp.testcluster.urrgt.mongodb.net
[2026-08-22 14:46:25] - [ERROR] => Restarting Mongo server
[2026-08-22 14:46:25] - [ERROR] => MongoDB connection error => querySrv ENOTFOUND _mongodb._tcp.testcluster.urrgt.mongodb.net
[2026-08-22 14:46:27] - [ERROR] => Restarting Mongo server
[2026-08-22 14:46:27] - [ERROR] => MongoDB connection error => querySrv ENOTFOUND _mongodb._tcp.testcluster.urrgt.mongodb.net
[2026-08-22 14:46:29] - [ERROR] => Restarting Mongo server
[2026-08-22 14:46:29] - [ERROR] => MongoDB connection error => querySrv ENOTFOUND _mongodb._tcp.testcluster.urrgt.mongodb.net
[2026-08-22 14:46:31] - [ERROR] => Restarting Mongo server
[2026-08-22 14:46:31] - [ERROR] => MongoDB connection error => querySrv ENOTFOUND _mongodb._tcp.testcluster.urrgt.mongodb.net
[2026-08-22 14:46:33] - [ERROR] => Restarting Mongo server
[2026-08-22 14:46:34] - [ERROR] => MongoDB connection error => querySrv ENOTFOUND _mongodb._tcp.testcluster.urrgt.mongodb.net
[2026-08-22 14:46:36] - [ERROR] => Restarting Mongo server
[2026-08-22 14:46:36] - [ERROR] => MongoDB connection error => querySrv ENOTFOUND _mongodb._tcp.testcluster.urrgt.mongodb.net
[2026-08-22 14:46:38] - [ERROR] => Restarting Mongo server
[2026-08-22 14:46:38] - [ERROR] => MongoDB connection error => querySrv ENOTFOUND _mongodb._tcp.testcluster.urrgt.mongodb.net
[2026-08-22 14:46:40] - [ERROR] => Restarting Mongo server
[2026-08-22 14:46:40] - [ERROR] => MongoDB connection error => querySrv ENOTFOUND _mongodb._tcp.testcluster.urrgt.mongodb.net
[2026-08-22 14:46:42] - [ERROR] => Restarting Mongo server
[2026-08-22 14:46:42] - [ERROR] => MongoDB connection error => querySrv ENOTFOUND _mongodb._tcp.testcluster.urrgt.mongodb.net
[2026-08-22 14:46:44] - [ERROR] => Restarting Mongo server
[2026-08-22 14:46:44] - [ERROR] => MongoDB connection error => querySrv ENOTFOUND _mongodb._tcp.testcluster.urrgt.mongodb.net
[2026-08-22 14:46:46] - [ERROR] => Restarting Mongo server
[2026-08-22 14:46:46] - [ERROR] => MongoDB connection error => querySrv ENOTFOUND _mongodb._tcp.testcluster.urrgt.mongodb.net
[2026-08-22 14:46:48] - [ERROR] => Restarting Mongo server
[2026-08-22 14:46:48] - [ERROR] => MongoDB connection error => querySrv ENOTFOUND _mongodb._tcp.testcluster.urrgt.mongodb.net
[2026-08-22 14:46:50] - [ERROR] => Restarting Mongo server
[2026-08-22 14:46:50] - [ERROR] => MongoDB connection error => querySrv ENOTFOUND _mongodb._tcp.testcluster.urrgt.mongodb.net
[2026-08-22 14:46:52] - [ERROR] => Restarting Mongo server
[2026-08-22 14:46:52] - [ERROR] => MongoDB connection error => querySrv ENOTFOUND _mongodb._tcp.testcluster.urrgt.mongodb.net
[2026-08-22 14:46:54] - [ERROR] => Restarting Mongo server
[2026-08-22 14:46:54] - [ERROR] => MongoDB connection error => querySrv ENOTFOUND _mongodb._tcp.testcluster.urrgt.mongodb.net
[2026-08-22 14:46:56] - [ERROR] => Restarting Mongo server
[2026-08-22 14:46:56] - [ERROR] => MongoDB connection error => querySrv ENOTFOUND _mongodb._tcp.testcluster.urrgt.mongodb.net
[2026-08-22 14:46:58] - [ERROR] => Restarting Mongo server
[2026-08-22 14:46:58] - [ERROR] => MongoDB connection error => querySrv ENOTFOUND _mongodb._tcp.testcluster.urrgt.mongodb.net
[2026-08-22 14:47:00] - [ERROR] => Restarting Mongo server
[2026-08-22 14:47:00] - [ERROR] => MongoDB connection error => querySrv ENOTFOUND _mongodb._tcp.testcluster.urrgt.mongodb.net
[2026-08-22 14:47:02] - [ERROR] => Restarting Mongo server
[2026-08-22 14:47:02] - [ERROR] => MongoDB connection error => querySrv ENOTFOUND _mongodb._tcp.testcluster.urrgt.mongodb.net
[2026-08-22 14:47:04] - [ERROR] => Restarting Mongo server
[2026-08-22 14:47:04] - [ERROR] => MongoDB connection error => querySrv ENOTFOUND _mongodb._tcp.testcluster.urrgt.mongodb.net
[2026-08-22 14:47:06] - [ERROR] => Restarting Mongo server
[2026-08-22 14:47:06] - [ERROR] => MongoDB connection error => querySrv ENOTFOUND _mongodb._tcp.testcluster.urrgt.mongodb.net
[2026-08-22 14:47:08] - [ERROR] => Restarting Mongo server
[2026-08-22 14:47:08] - [ERROR] => MongoDB connection error => querySrv ENOTFOUND _mongodb._tcp.testcluster.urrgt.mongodb.net
[2026-08-22 14:47:10] - [ERROR] => Restarting Mongo server
[2026-08-22 14:47:10] - [ERROR] => MongoDB connection error => querySrv ENOTFOUND _mongodb._tcp.testcluster.urrgt.mongodb.net
[2026-08-22 14:47:12] - [ERROR] => Restarting Mongo server
[2026-08-22 14:47:13] - [ERROR] => MongoDB connection error => querySrv ENOTFOUND _mongodb._tcp.testcluster.urrgt.mongodb.net
[2026-08-22 14:47:15] - [ERROR] => Restarting Mongo server
[2026-08-22 14:47:15] - [ERROR] => MongoDB connection error => querySrv ENOTFOUND _mongodb._tcp.testcluster.urrgt.mongodb.net
[2026-08-22 14:47:17] - [ERROR] => Restarting Mongo server
[2026-08-22 14:47:17] - [ERROR] => MongoDB connection error => querySrv ENOTFOUND _mongodb._tcp.testcluster.urrgt.mongodb.net
[2026-08-22 14:47:19] - [ERROR] => Restarting Mongo server
[2026-08-22 14:47:19] - [ERROR] => MongoDB connection error => querySrv ENOTFOUND _mongodb._tcp.testcluster.urrgt.mongodb.net
[2026-08-22 14:47:21] - [ERROR] => Restarting Mongo server
[2026-08-22 14:47:21] - [ERROR] => MongoDB connection error => querySrv ENOTFOUND _mongodb._tcp.testcluster.urrgt.mongodb.net
[2026-08-22 14:47:23] - [ERROR] => Restarting Mongo server
[2026-08-22 14:47:23] - [ERROR] => MongoDB connection error => querySrv ENOTFOUND _mongodb._tcp.testcluster.urrgt.mongodb.net
[2026-08-22 14:47:25] - [ERROR] => Restarting Mongo server
[2026-08-22 14:47:25] - [ERROR] => MongoDB connection error => querySrv ENOTFOUND _mongodb._tcp.testcluster.urrgt.mongodb.net
[2026-08-22 14:47:27] - [ERROR] => Restarting Mongo server
[2026-08-22 14:47:27] - [ERROR] => MongoDB connection error => querySrv ENOTFOUND _mongodb._tcp.testcluster.urrgt.mongodb.net
[2026-08-22 14:47:29] - [ERROR] => Restarting Mongo server
[2026-08-22 14:47:29] - [ERROR] => MongoDB connection error => querySrv ENOTFOUND _mongodb._tcp.testcluster.urrgt.mongodb.net
[2026-08-22 14:47:31] - [ERROR] => Restarting Mongo server
[2026-08-22 14:47:31] - [ERROR] => MongoDB connection error => querySrv ENOTFOUND _mongodb._tcp.testcluster.urrgt.mongodb.net
[2026-08-22 14:47:33] - [ERROR] => Restarting Mongo server
[2026-08-22 14:47:33] - [ERROR] => MongoDB connection error => querySrv ENOTFOUND _mongodb._tcp.testcluster.urrgt.mongodb.net
[2026-08-22 14:47:35] - [ERROR] => Restarting Mongo server
[2026-08-22 14:47:35] - [ERROR] => MongoDB connection error => querySrv ENOTFOUND _mongodb._tcp.testcluster.urrgt.mongodb.net
[2026-08-22 14:47:37] - [ERROR] => Restarting Mongo server
[2026-08-22 14:47:37] - [ERROR] => MongoDB connection error => querySrv ENOTFOUND _mongodb._tcp.testcluster.urrgt.mongodb.net
[2026-08-22 14:47:39] - [ERROR] => Restarting Mongo server
[2026-08-22 14:47:39] - [ERROR] => MongoDB connection error => querySrv ENOTFOUND _mongodb._tcp.testcluster.urrgt.mongodb.net
[2026-08-22 14:47:41] - [ERROR] => Restarting Mongo server
[2026-08-22 14:47:41] - [ERROR] => MongoDB connection error => querySrv ENOTFOUND _mongodb._tcp.testcluster.urrgt.mongodb.net
[2026-08-22 14:47:43] - [ERROR] => Restarting Mongo server
[2026-08-22 14:47:43] - [ERROR] => MongoDB connection error => querySrv ENOTFOUND _mongodb._tcp.testcluster.urrgt.mongodb.net
[2026-08-22 14:47:45] - [ERROR] => Restarting Mongo server
[2026-08-22 14:47:45] - [ERROR] => MongoDB connection error => querySrv ENOTFOUND _mongodb._tcp.testcluster.urrgt.mongodb.net
[2026-08-22 14:47:47] - [ERROR] => Restarting Mongo server
[2026-08-22 14:47:47] - [ERROR] => MongoDB connection error => querySrv ENOTFOUND _mongodb._tcp.testcluster.urrgt.mongodb.net
[2026-08-22 14:47:49] - [ERROR] => Restarting Mongo server
[2026-08-22 14:47:49] - [ERROR] => MongoDB connection error => querySrv ENOTFOUND _mongodb._tcp.testcluster.urrgt.mongodb.net
[2026-08-22 14:47:51] - [ERROR] => Restarting Mongo server
[2026-08-22 14:47:51] - [ERROR] => MongoDB connection error => querySrv ENOTFOUND _mongodb._tcp.testcluster.urrgt.mongodb.net
[2026-08-22 14:47:53] - [ERROR] => Restarting Mongo server
[2026-08-22 14:47:53] - [ERROR] => MongoDB connection error => querySrv ENOTFOUND _mongodb._tcp.testcluster.urrgt.mongodb.net
[2026-08-22 14:47:55] - [ERROR] => Restarting Mongo server
[2026-08-22 14:47:55] - [ERROR] => MongoDB connection error => querySrv ENOTFOUND _mongodb._tcp.testcluster.urrgt.mongodb.net
[2026-08-22 14:47:57] - [ERROR] => Restarting Mongo server
[2026-08-22 14:47:57] - [ERROR] => MongoDB connection error => querySrv ENOTFOUND _mongodb._tcp.testcluster.urrgt.mongodb.net
[2026-08-22 14:47:59] - [ERROR] => Restarting Mongo server
[2026-08-22 14:47:59] - [ERROR] => MongoDB connection error => querySrv ENOTFOUND _mongodb._tcp.testcluster.urrgt.mongodb.net
[2026-08-22 14:48:01] - [ERROR] => Restarting Mongo server
[2026-08-22 14:48:01] - [ERROR] => MongoDB connection error => querySrv ENOTFOUND _mongodb._tcp.testcluster.urrgt.mongodb.net
[2026-08-22 14:48:03] - [ERROR] => Restarting Mongo server
[2026-08-22 14:48:03] - [ERROR] => MongoDB connection error => querySrv ENOTFOUND _mongodb._tcp.testcluster.urrgt.mongodb.net
[2026-08-22 14:48:05] - [ERROR] => Restarting Mongo server
[2026-08-22 14:48:05] - [ERROR] => MongoDB connection error => querySrv ENOTFOUND _mongodb._tcp.testcluster.urrgt.mongodb.net
[2026-08-22 14:48:07] - [ERROR] => Restarting Mongo server
[2026-08-22 14:48:08] - [ERROR] => MongoDB connection error => querySrv ENOTFOUND _mongodb._tcp.testcluster.urrgt.mongodb.net
[2026-08-22 14:48:10] - [ERROR] => Restarting Mongo server
[2026-08-22 14:48:10] - [ERROR] => MongoDB connection error => querySrv ENOTFOUND _mongodb._tcp.testcluster.urrgt.mongodb.net
[2026-08-22 14:48:12] - [ERROR] => Restarting Mongo server
[2026-08-22 14:48:12] - [ERROR] => MongoDB connection error => querySrv ENOTFOUND _mongodb._tcp.testcluster.urrgt.mongodb.net
[2026-08-22 14:48:14] - [ERROR] => Restarting Mongo server
[2026-08-22 14:48:15] - [ERROR] => MongoDB connection error => querySrv ENOTFOUND _mongodb._tcp.testcluster.urrgt.mongodb.net
[2026-08-22 14:48:17] - [ERROR] => Restarting Mongo server
[2026-08-22 14:48:17] - [ERROR] => MongoDB connection error => querySrv ENOTFOUND _mongodb._tcp.testcluster.urrgt.mongodb.net
[2026-08-22 14:48:19] - [ERROR] => Restarting Mongo server
[2026-08-22 14:48:19] - [ERROR] => MongoDB connection error => querySrv ENOTFOUND _mongodb._tcp.testcluster.urrgt.mongodb.net
[2026-08-22 14:48:21] - [ERROR] => Restarting Mongo server
[2026-08-22 14:48:21] - [ERROR] => MongoDB connection error => querySrv ENOTFOUND _mongodb._tcp.testcluster.urrgt.mongodb.net
[2026-08-22 14:48:23] - [ERROR] => Restarting Mongo server
[2026-08-22 14:48:23] - [ERROR] => MongoDB connection error => querySrv ENOTFOUND _mongodb._tcp.testcluster.urrgt.mongodb.net
[2026-08-22 14:48:25] - [ERROR] => Restarting Mongo server
[2026-08-22 14:48:25] - [ERROR] => MongoDB connection error => querySrv ENOTFOUND _mongodb._tcp.testcluster.urrgt.mongodb.net
[2026-08-22 14:48:27] - [ERROR] => Restarting Mongo server
[2026-08-22 14:48:27] - [ERROR] => MongoDB connection error => querySrv ENOTFOUND _mongodb._tcp.testcluster.urrgt.mongodb.net
[2026-08-22 14:48:29] - [ERROR] => Restarting Mongo server
[2026-08-22 14:48:29] - [ERROR] => MongoDB connection error => querySrv ENOTFOUND _mongodb._tcp.testcluster.urrgt.mongodb.net
[2026-08-22 14:48:31] - [ERROR] => Restarting Mongo server
[2026-08-22 14:48:31] - [ERROR] => MongoDB connection error => querySrv ENOTFOUND _mongodb._tcp.testcluster.urrgt.mongodb.net
[2026-08-22 14:48:33] - [ERROR] => Restarting Mongo server
[2026-08-22 14:48:33] - [ERROR] => MongoDB connection error => querySrv ENOTFOUND _mongodb._tcp.testcluster.urrgt.mongodb.net
[2026-08-22 14:48:35] - [ERROR] => Restarting Mongo server
[2026-08-22 14:48:35] - [ERROR] => MongoDB connection error => querySrv ENOTFOUND _mongodb._tcp.testcluster.urrgt.mongodb.net
[2026-08-22 14:48:37] - [ERROR] => Restarting Mongo server
[2026-08-22 14:48:37] - [ERROR] => MongoDB connection error => querySrv ENOTFOUND _mongodb._tcp.testcluster.urrgt.mongodb.net
[2026-08-22 14:48:39] - [ERROR] => Restarting Mongo server
[2026-08-22 14:48:39] - [ERROR] => MongoDB connection error => querySrv ENOTFOUND _mongodb._tcp.testcluster.urrgt.mongodb.net
[2026-08-22 14:48:41] - [ERROR] => Restarting Mongo server
[2026-08-22 14:48:41] - [ERROR] => MongoDB connection error => querySrv ENOTFOUND _mongodb._tcp.testcluster.urrgt.mongodb.net
[2026-08-22 14:48:43] - [ERROR] => Restarting Mongo server
[2026-08-22 14:48:43] - [ERROR] => MongoDB connection error => querySrv ENOTFOUND _mongodb._tcp.testcluster.urrgt.mongodb.net
[2026-08-22 14:48:45] - [ERROR] => Restarting Mongo server
[2026-08-22 14:48:45] - [ERROR] => MongoDB connection error => querySrv ENOTFOUND _mongodb._tcp.testcluster.urrgt.mongodb.net
[2026-08-22 14:48:47] - [ERROR] => Restarting Mongo server
[2026-08-22 14:48:47] - [ERROR] => MongoDB connection error => querySrv ENOTFOUND _mongodb._tcp.testcluster.urrgt.mongodb.net
[2026-08-22 14:48:49] - [ERROR] => Restarting Mongo server
[2026-08-22 14:48:49] - [ERROR] => MongoDB connection error => querySrv ENOTFOUND _mongodb._tcp.testcluster.urrgt.mongodb.net
[2026-08-22 14:48:51] - [ERROR] => Restarting Mongo server
[2026-08-22 14:48:51] - [ERROR] => MongoDB connection error => querySrv ENOTFOUND _mongodb._tcp.testcluster.urrgt.mongodb.net
[2026-08-22 14:48:53] - [ERROR] => Restarting Mongo server
[2026-08-22 14:48:53] - [ERROR] => MongoDB connection error => querySrv ENOTFOUND _mongodb._tcp.testcluster.urrgt.mongodb.net
[2026-08-22 14:48:55] - [ERROR] => Restarting Mongo server
[2026-08-22 14:48:55] - [ERROR] => MongoDB connection error => querySrv ENOTFOUND _mongodb._tcp.testcluster.urrgt.mongodb.net
[2026-08-22 14:48:57] - [ERROR] => Restarting Mongo server
[2026-08-22 14:48:57] - [ERROR] => MongoDB connection error => querySrv ENOTFOUND _mongodb._tcp.testcluster.urrgt.mongodb.net
[2026-08-22 14:48:59] - [ERROR] => Restarting Mongo server
[2026-08-22 14:49:00] - [ERROR] => MongoDB connection error => querySrv ENOTFOUND _mongodb._tcp.testcluster.urrgt.mongodb.net
[2026-08-22 14:49:02] - [ERROR] => Restarting Mongo server
[2026-08-22 14:49:02] - [ERROR] => MongoDB connection error => querySrv ENOTFOUND _mongodb._tcp.testcluster.urrgt.mongodb.net
[2026-08-22 14:49:04] - [ERROR] => Restarting Mongo server
[2026-08-22 14:49:04] - [ERROR] => MongoDB connection error => querySrv ENOTFOUND _mongodb._tcp.testcluster.urrgt.mongodb.net
[2026-08-22 14:49:06] - [ERROR] => Restarting Mongo server
[2026-08-22 14:49:06] - [ERROR] => MongoDB connection error => querySrv ENOTFOUND _mongodb._tcp.testcluster.urrgt.mongodb.net
[2026-08-22 14:49:08] - [ERROR] => Restarting Mongo server
[2026-08-22 14:49:08] - [ERROR] => MongoDB connection error => querySrv ENOTFOUND _mongodb._tcp.testcluster.urrgt.mongodb.net
[2026-08-22 14:49:10] - [ERROR] => Restarting Mongo server
[2026-08-22 14:49:10] - [ERROR] => MongoDB connection error => querySrv ENOTFOUND _mongodb._tcp.testcluster.urrgt.mongodb.net
[2026-08-22 14:49:12] - [ERROR] => Restarting Mongo server
[2026-08-22 14:49:12] - [ERROR] => MongoDB connection error => querySrv ENOTFOUND _mongodb._tcp.testcluster.urrgt.mongodb.net
[2026-08-22 14:49:14] - [ERROR] => Restarting Mongo server
[2026-08-22 14:49:14] - [ERROR] => MongoDB connection error => querySrv ENOTFOUND _mongodb._tcp.testcluster.urrgt.mongodb.net
[2026-08-22 14:49:16] - [ERROR] => Restarting Mongo server
[2026-08-22 14:49:17] - [ERROR] => MongoDB connection error => querySrv ENOTFOUND _mongodb._tcp.testcluster.urrgt.mongodb.net
[2026-08-22 14:49:19] - [ERROR] => Restarting Mongo server
[2026-08-22 14:49:19] - [ERROR] => MongoDB connection error => querySrv ENOTFOUND _mongodb._tcp.testcluster.urrgt.mongodb.net
[2026-08-22 14:49:21] - [ERROR] => Restarting Mongo server
[2026-08-22 14:49:21] - [ERROR] => MongoDB connection error => querySrv ENOTFOUND _mongodb._tcp.testcluster.urrgt.mongodb.net
[2026-08-22 14:49:23] - [ERROR] => Restarting Mongo server
[2026-08-22 14:49:23] - [ERROR] => MongoDB connection error => querySrv ENOTFOUND _mongodb._tcp.testcluster.urrgt.mongodb.net
[2026-08-22 14:49:25] - [ERROR] => Restarting Mongo server
[2026-08-22 14:49:25] - [ERROR] => MongoDB connection error => querySrv ENOTFOUND _mongodb._tcp.testcluster.urrgt.mongodb.net
[2026-08-22 14:56:42] - [ERROR] => RedisDB connection error => Error: getaddrinfo EAI_FAIL redis://default:VxZ2EQrPgpsAZ0Igis0GgvKmG7fUPwo9@neoclear-healthy-tall-50995.db.redis.io:15098
[2026-08-22 14:56:51] - [ERROR] => MongoDB connection error => bad auth : authentication failed
[2026-08-22 14:56:53] - [ERROR] => Restarting Mongo server
[2026-08-22 14:56:56] - [ERROR] => MongoDB connection error => bad auth : authentication failed
[2026-08-22 14:56:58] - [ERROR] => Restarting Mongo server
[2026-08-22 14:57:00] - [ERROR] => MongoDB connection error => bad auth : authentication failed
[2026-08-22 14:57:02] - [ERROR] => Restarting Mongo server
[2026-08-22 14:57:05] - [ERROR] => MongoDB connection error => bad auth : authentication failed
[2026-08-22 14:57:07] - [ERROR] => Restarting Mongo server
[2026-08-22 14:57:10] - [ERROR] => MongoDB connection error => bad auth : authentication failed
[2026-08-22 14:57:12] - [ERROR] => Restarting Mongo server
[2026-08-22 14:57:14] - [ERROR] => MongoDB connection error => bad auth : authentication failed
[2026-08-22 14:57:16] - [ERROR] => Restarting Mongo server
[2026-08-22 14:57:18] - [ERROR] => MongoDB connection error => bad auth : authentication failed
[2026-08-22 14:58:13] - [ERROR] => RedisDB connection error => Error: getaddrinfo EAI_FAIL redis://default:VxZ2EQrPgpsAZ0Igis0GgvKmG7fUPwo9@neoclear-healthy-tall-50995.db.redis.io:15098
[2026-08-22 14:58:17] - [ERROR] => MongoDB connection error => bad auth : authentication failed
[2026-08-22 14:58:19] - [ERROR] => Restarting Mongo server
[2026-08-22 14:58:24] - [ERROR] => MongoDB connection error => bad auth : authentication failed
[2026-08-22 14:58:26] - [ERROR] => Restarting Mongo server
[2026-08-22 14:58:30] - [ERROR] => MongoDB connection error => bad auth : authentication failed
[2026-08-22 14:58:32] - [ERROR] => Restarting Mongo server
[2026-08-22 14:58:34] - [ERROR] => MongoDB connection error => bad auth : authentication failed
[2026-08-22 14:58:36] - [ERROR] => Restarting Mongo server
[2026-08-22 14:58:38] - [ERROR] => MongoDB connection error => bad auth : authentication failed
[2026-08-22 14:58:40] - [ERROR] => Restarting Mongo server
[2026-08-22 14:58:42] - [ERROR] => MongoDB connection error => bad auth : authentication failed
[2026-08-22 14:58:44] - [ERROR] => Restarting Mongo server
[2026-08-22 14:58:46] - [ERROR] => MongoDB connection error => bad auth : authentication failed
[2026-08-22 14:58:48] - [ERROR] => Restarting Mongo server
[2026-08-22 14:58:51] - [ERROR] => MongoDB connection error => bad auth : authentication failed
[2026-08-22 14:58:53] - [ERROR] => Restarting Mongo server
[2026-08-22 14:58:56] - [ERROR] => MongoDB connection error => bad auth : authentication failed
[2026-08-22 14:58:58] - [ERROR] => Restarting Mongo server
[2026-08-22 14:59:00] - [ERROR] => MongoDB connection error => bad auth : authentication failed
[2026-08-22 14:59:02] - [ERROR] => Restarting Mongo server
[2026-08-22 14:59:04] - [ERROR] => MongoDB connection error => bad auth : authentication failed
[2026-08-22 14:59:06] - [ERROR] => Restarting Mongo server
[2026-08-22 14:59:08] - [ERROR] => MongoDB connection error => bad auth : authentication failed
[2026-08-22 14:59:10] - [ERROR] => Restarting Mongo server
[2026-08-22 14:59:13] - [ERROR] => MongoDB connection error => bad auth : authentication failed
[2026-08-22 14:59:15] - [ERROR] => Restarting Mongo server
[2026-08-22 14:59:17] - [ERROR] => MongoDB connection error => bad auth : authentication failed
[2026-08-22 14:59:19] - [ERROR] => Restarting Mongo server
[2026-08-22 14:59:21] - [ERROR] => MongoDB connection error => bad auth : authentication failed
[2026-08-22 14:59:23] - [ERROR] => Restarting Mongo server
[2026-08-22 14:59:25] - [ERROR] => MongoDB connection error => bad auth : authentication failed
[2026-08-22 14:59:27] - [ERROR] => Restarting Mongo server
[2026-08-22 14:59:30] - [ERROR] => MongoDB connection error => bad auth : authentication failed
[2026-08-22 14:59:32] - [ERROR] => Restarting Mongo server
[2026-08-22 14:59:34] - [ERROR] => MongoDB connection error => bad auth : authentication failed
[2026-08-22 14:59:36] - [ERROR] => Restarting Mongo server
[2026-08-22 14:59:39] - [ERROR] => MongoDB connection error => bad auth : authentication failed
[2026-08-22 14:59:41] - [ERROR] => Restarting Mongo server
[2026-08-22 14:59:43] - [ERROR] => MongoDB connection error => bad auth : authentication failed
[2026-08-22 14:59:45] - [ERROR] => Restarting Mongo server
[2026-08-22 14:59:47] - [ERROR] => MongoDB connection error => bad auth : authentication failed
[2026-08-22 14:59:49] - [ERROR] => Restarting Mongo server
[2026-08-22 14:59:52] - [ERROR] => MongoDB connection error => bad auth : authentication failed
[2026-08-22 14:59:54] - [ERROR] => Restarting Mongo server
[2026-08-22 14:59:56] - [ERROR] => MongoDB connection error => bad auth : authentication failed
[2026-08-22 14:59:58] - [ERROR] => Restarting Mongo server
[2026-08-22 15:00:01] - [ERROR] => MongoDB connection error => bad auth : authentication failed
[2026-08-22 15:00:03] - [ERROR] => Restarting Mongo server
[2026-08-22 15:00:05] - [ERROR] => MongoDB connection error => bad auth : authentication failed
[2026-08-22 15:00:07] - [ERROR] => Restarting Mongo server
[2026-08-22 15:00:09] - [ERROR] => MongoDB connection error => bad auth : authentication failed
[2026-08-22 15:00:11] - [ERROR] => Restarting Mongo server
[2026-08-22 15:00:14] - [ERROR] => MongoDB connection error => bad auth : authentication failed
[2026-08-22 15:00:16] - [ERROR] => Restarting Mongo server
[2026-08-22 15:00:18] - [ERROR] => MongoDB connection error => bad auth : authentication failed
[2026-08-22 15:00:20] - [ERROR] => Restarting Mongo server
[2026-08-22 15:00:22] - [ERROR] => MongoDB connection error => bad auth : authentication failed
[2026-08-22 15:00:24] - [ERROR] => Restarting Mongo server
[2026-08-22 15:00:26] - [ERROR] => MongoDB connection error => bad auth : authentication failed
[2026-08-22 15:00:28] - [ERROR] => Restarting Mongo server
[2026-08-22 15:00:30] - [ERROR] => MongoDB connection error => bad auth : authentication failed
[2026-08-22 15:00:32] - [ERROR] => Restarting Mongo server
[2026-08-22 15:00:35] - [ERROR] => MongoDB connection error => bad auth : authentication failed
[2026-08-22 15:00:37] - [ERROR] => Restarting Mongo server
[2026-08-22 15:00:40] - [ERROR] => MongoDB connection error => bad auth : authentication failed
[2026-08-22 15:00:42] - [ERROR] => Restarting Mongo server
[2026-08-22 15:00:44] - [ERROR] => MongoDB connection error => bad auth : authentication failed
[2026-08-22 15:00:46] - [ERROR] => Restarting Mongo server
[2026-08-22 15:00:48] - [ERROR] => MongoDB connection error => bad auth : authentication failed
[2026-08-22 15:00:50] - [ERROR] => Restarting Mongo server
[2026-08-22 15:00:52] - [ERROR] => MongoDB connection error => bad auth : authentication failed
[2026-08-22 15:00:54] - [ERROR] => Restarting Mongo server
[2026-08-22 15:00:56] - [ERROR] => MongoDB connection error => bad auth : authentication failed
[2026-08-22 15:00:59] - [ERROR] => Restarting Mongo server
[2026-08-22 15:01:01] - [ERROR] => MongoDB connection error => bad auth : authentication failed
[2026-08-22 15:01:03] - [ERROR] => Restarting Mongo server
[2026-08-22 15:01:05] - [ERROR] => MongoDB connection error => bad auth : authentication failed
[2026-08-22 15:01:07] - [ERROR] => Restarting Mongo server
[2026-08-22 15:01:10] - [ERROR] => MongoDB connection error => bad auth : authentication failed
[2026-08-22 15:01:12] - [ERROR] => Restarting Mongo server
[2026-08-22 15:01:14] - [ERROR] => MongoDB connection error => bad auth : authentication failed
[2026-08-22 15:01:16] - [ERROR] => Restarting Mongo server
[2026-08-22 15:01:18] - [ERROR] => MongoDB connection error => bad auth : authentication failed
[2026-08-22 15:01:20] - [ERROR] => Restarting Mongo server
[2026-08-22 15:01:23] - [ERROR] => MongoDB connection error => bad auth : authentication failed
[2026-08-22 15:01:25] - [ERROR] => Restarting Mongo server
[2026-08-22 15:01:27] - [ERROR] => MongoDB connection error => bad auth : authentication failed
[2026-08-22 15:01:29] - [ERROR] => Restarting Mongo server
[2026-08-22 15:01:31] - [ERROR] => MongoDB connection error => bad auth : authentication failed
[2026-08-22 15:01:33] - [ERROR] => Restarting Mongo server
[2026-08-22 15:01:35] - [ERROR] => MongoDB connection error => bad auth : authentication failed
[2026-08-22 15:01:37] - [ERROR] => Restarting Mongo server
[2026-08-22 15:01:40] - [ERROR] => MongoDB connection error => bad auth : authentication failed
[2026-08-22 15:01:42] - [ERROR] => Restarting Mongo server
[2026-08-22 15:01:45] - [ERROR] => MongoDB connection error => bad auth : authentication failed
[2026-08-22 15:01:47] - [ERROR] => Restarting Mongo server
[2026-08-22 15:01:51] - [ERROR] => MongoDB connection error => bad auth : authentication failed
[2026-08-22 15:01:53] - [ERROR] => Restarting Mongo server
[2026-08-22 15:01:55] - [ERROR] => MongoDB connection error => bad auth : authentication failed
[2026-08-22 15:01:57] - [ERROR] => Restarting Mongo server
[2026-08-22 15:01:59] - [ERROR] => MongoDB connection error => bad auth : authentication failed
[2026-08-22 15:02:01] - [ERROR] => Restarting Mongo server
[2026-08-22 15:02:03] - [ERROR] => MongoDB connection error => bad auth : authentication failed
[2026-08-22 15:02:05] - [ERROR] => Restarting Mongo server
[2026-08-22 15:02:08] - [ERROR] => MongoDB connection error => bad auth : authentication failed
[2026-08-22 15:02:10] - [ERROR] => Restarting Mongo server
[2026-08-22 15:02:12] - [ERROR] => MongoDB connection error => bad auth : authentication failed
[2026-08-22 15:02:14] - [ERROR] => Restarting Mongo server
[2026-08-22 15:02:16] - [ERROR] => MongoDB connection error => bad auth : authentication failed
[2026-08-22 15:02:18] - [ERROR] => Restarting Mongo server
[2026-08-22 15:02:21] - [ERROR] => MongoDB connection error => bad auth : authentication failed
[2026-08-22 15:02:23] - [ERROR] => Restarting Mongo server
[2026-08-22 15:02:25] - [ERROR] => MongoDB connection error => bad auth : authentication failed
[2026-08-22 15:02:27] - [ERROR] => Restarting Mongo server
[2026-08-22 15:02:29] - [ERROR] => MongoDB connection error => bad auth : authentication failed
[2026-08-22 15:02:31] - [ERROR] => Restarting Mongo server
[2026-08-22 15:02:33] - [ERROR] => MongoDB connection error => bad auth : authentication failed
[2026-08-22 15:02:35] - [ERROR] => Restarting Mongo server
[2026-08-22 15:02:38] - [ERROR] => MongoDB connection error => bad auth : authentication failed
[2026-08-22 15:02:40] - [ERROR] => Restarting Mongo server
[2026-08-22 15:02:42] - [ERROR] => MongoDB connection error => bad auth : authentication failed
[2026-08-22 15:02:44] - [ERROR] => Restarting Mongo server
[2026-08-22 15:02:47] - [ERROR] => MongoDB connection error => bad auth : authentication failed
[2026-08-22 15:02:49] - [ERROR] => Restarting Mongo server
[2026-08-22 15:02:51] - [ERROR] => MongoDB connection error => bad auth : authentication failed
[2026-08-22 15:02:53] - [ERROR] => Restarting Mongo server
[2026-08-22 15:02:56] - [ERROR] => MongoDB connection error => bad auth : authentication failed
[2026-08-22 15:02:58] - [ERROR] => Restarting Mongo server
[2026-08-22 15:03:00] - [ERROR] => MongoDB connection error => bad auth : authentication failed
[2026-08-22 15:03:02] - [ERROR] => Restarting Mongo server
[2026-08-22 15:03:05] - [ERROR] => MongoDB connection error => bad auth : authentication failed
[2026-08-22 15:03:07] - [ERROR] => Restarting Mongo server
[2026-08-22 15:03:09] - [ERROR] => MongoDB connection error => bad auth : authentication failed
[2026-08-22 15:03:11] - [ERROR] => Restarting Mongo server
[2026-08-22 15:03:13] - [ERROR] => MongoDB connection error => bad auth : authentication failed
[2026-08-22 15:03:15] - [ERROR] => Restarting Mongo server
[2026-08-22 15:03:18] - [ERROR] => MongoDB connection error => bad auth : authentication failed
[2026-08-22 15:03:20] - [ERROR] => Restarting Mongo server
[2026-08-22 15:03:23] - [ERROR] => MongoDB connection error => bad auth : authentication failed
[2026-08-22 15:03:25] - [ERROR] => Restarting Mongo server
[2026-08-22 15:03:27] - [ERROR] => MongoDB connection error => bad auth : authentication failed
[2026-08-22 15:03:29] - [ERROR] => Restarting Mongo server
[2026-08-22 15:03:31] - [ERROR] => MongoDB connection error => bad auth : authentication failed
[2026-08-22 15:03:33] - [ERROR] => Restarting Mongo server
[2026-08-22 15:03:37] - [ERROR] => MongoDB connection error => bad auth : authentication failed
[2026-08-22 15:03:39] - [ERROR] => Restarting Mongo server
[2026-08-22 15:03:41] - [ERROR] => MongoDB connection error => bad auth : authentication failed
[2026-08-22 15:03:43] - [ERROR] => Restarting Mongo server
[2026-08-22 15:03:45] - [ERROR] => MongoDB connection error => bad auth : authentication failed
[2026-08-22 15:03:47] - [ERROR] => Restarting Mongo server
[2026-08-22 15:03:49] - [ERROR] => MongoDB connection error => bad auth : authentication failed
[2026-08-22 15:03:51] - [ERROR] => Restarting Mongo server
[2026-08-22 15:03:53] - [ERROR] => MongoDB connection error => bad auth : authentication failed
[2026-08-22 15:03:55] - [ERROR] => Restarting Mongo server
[2026-08-22 15:03:58] - [ERROR] => MongoDB connection error => bad auth : authentication failed
[2026-08-22 15:04:00] - [ERROR] => Restarting Mongo server
[2026-08-22 15:04:02] - [ERROR] => MongoDB connection error => bad auth : authentication failed
[2026-08-22 15:04:04] - [ERROR] => Restarting Mongo server
[2026-08-22 15:04:07] - [ERROR] => MongoDB connection error => bad auth : authentication failed
[2026-08-22 15:04:09] - [ERROR] => Restarting Mongo server
[2026-08-22 15:04:11] - [ERROR] => MongoDB connection error => bad auth : authentication failed
[2026-08-22 15:04:13] - [ERROR] => Restarting Mongo server
[2026-08-22 15:04:15] - [ERROR] => MongoDB connection error => bad auth : authentication failed
[2026-08-22 15:04:17] - [ERROR] => Restarting Mongo server
[2026-08-22 15:04:21] - [ERROR] => MongoDB connection error => bad auth : authentication failed
[2026-08-22 15:04:23] - [ERROR] => Restarting Mongo server
[2026-08-22 15:04:25] - [ERROR] => MongoDB connection error => bad auth : authentication failed
[2026-08-22 15:04:27] - [ERROR] => Restarting Mongo server
[2026-08-22 15:04:29] - [ERROR] => MongoDB connection error => bad auth : authentication failed
[2026-08-22 15:04:31] - [ERROR] => Restarting Mongo server
[2026-08-22 15:04:35] - [ERROR] => MongoDB connection error => bad auth : authentication failed
[2026-08-22 15:04:37] - [ERROR] => Restarting Mongo server
[2026-08-22 15:04:39] - [ERROR] => MongoDB connection error => bad auth : authentication failed
[2026-08-22 15:04:41] - [ERROR] => Restarting Mongo server
[2026-08-22 15:04:43] - [ERROR] => MongoDB connection error => bad auth : authentication failed
[2026-08-22 15:04:45] - [ERROR] => Restarting Mongo server
[2026-08-22 15:04:48] - [ERROR] => MongoDB connection error => bad auth : authentication failed
[2026-08-22 15:04:50] - [ERROR] => Restarting Mongo server
[2026-08-22 15:04:52] - [ERROR] => MongoDB connection error => bad auth : authentication failed
[2026-08-22 15:04:54] - [ERROR] => Restarting Mongo server
[2026-08-22 15:04:56] - [ERROR] => MongoDB connection error => bad auth : authentication failed
[2026-08-22 15:04:58] - [ERROR] => Restarting Mongo server
[2026-08-22 15:05:01] - [ERROR] => MongoDB connection error => bad auth : authentication failed
[2026-08-22 15:05:03] - [ERROR] => Restarting Mongo server
[2026-08-22 15:05:05] - [ERROR] => MongoDB connection error => bad auth : authentication failed
[2026-08-22 15:05:07] - [ERROR] => Restarting Mongo server
[2026-08-22 15:05:09] - [ERROR] => MongoDB connection error => bad auth : authentication failed
[2026-08-22 15:05:11] - [ERROR] => Restarting Mongo server
[2026-08-22 15:05:14] - [ERROR] => MongoDB connection error => bad auth : authentication failed
[2026-08-22 15:05:16] - [ERROR] => Restarting Mongo server
[2026-08-22 15:05:18] - [ERROR] => MongoDB connection error => bad auth : authentication failed
[2026-08-22 15:05:20] - [ERROR] => Restarting Mongo server
[2026-08-22 15:05:22] - [ERROR] => MongoDB connection error => bad auth : authentication failed
[2026-08-22 15:05:24] - [ERROR] => Restarting Mongo server
[2026-08-22 15:05:27] - [ERROR] => MongoDB connection error => bad auth : authentication failed
[2026-08-22 15:05:29] - [ERROR] => Restarting Mongo server
[2026-08-22 15:05:31] - [ERROR] => MongoDB connection error => bad auth : authentication failed
[2026-08-22 15:05:33] - [ERROR] => Restarting Mongo server
[2026-08-22 15:05:36] - [ERROR] => MongoDB connection error => bad auth : authentication failed
[2026-08-22 15:05:38] - [ERROR] => Restarting Mongo server
[2026-08-22 15:05:41] - [ERROR] => MongoDB connection error => bad auth : authentication failed
[2026-08-22 15:05:43] - [ERROR] => Restarting Mongo server
[2026-08-22 15:05:45] - [ERROR] => MongoDB connection error => bad auth : authentication failed
[2026-08-22 15:05:47] - [ERROR] => Restarting Mongo server
[2026-08-22 15:05:49] - [ERROR] => MongoDB connection error => bad auth : authentication failed
[2026-08-22 15:05:51] - [ERROR] => Restarting Mongo server
[2026-08-22 15:05:54] - [ERROR] => MongoDB connection error => bad auth : authentication failed
[2026-08-22 15:05:56] - [ERROR] => Restarting Mongo server
[2026-08-22 15:05:59] - [ERROR] => MongoDB connection error => bad auth : authentication failed
[2026-08-22 15:06:01] - [ERROR] => Restarting Mongo server
[2026-08-22 15:06:03] - [ERROR] => MongoDB connection error => bad auth : authentication failed
[2026-08-22 15:06:05] - [ERROR] => Restarting Mongo server
[2026-08-22 15:06:08] - [ERROR] => MongoDB connection error => bad auth : authentication failed
[2026-08-22 15:06:10] - [ERROR] => Restarting Mongo server
[2026-08-22 15:06:12] - [ERROR] => MongoDB connection error => bad auth : authentication failed
[2026-08-22 15:06:14] - [ERROR] => Restarting Mongo server
[2026-08-22 15:06:16] - [ERROR] => MongoDB connection error => bad auth : authentication failed
[2026-08-22 15:06:18] - [ERROR] => Restarting Mongo server
[2026-08-22 15:06:20] - [ERROR] => MongoDB connection error => bad auth : authentication failed
[2026-08-22 15:06:22] - [ERROR] => Restarting Mongo server
[2026-08-22 15:06:24] - [ERROR] => MongoDB connection error => bad auth : authentication failed
[2026-08-22 15:06:26] - [ERROR] => Restarting Mongo server
[2026-08-22 15:06:29] - [ERROR] => MongoDB connection error => bad auth : authentication failed
[2026-08-22 15:06:31] - [ERROR] => Restarting Mongo server
[2026-08-22 15:06:33] - [ERROR] => MongoDB connection error => bad auth : authentication failed
[2026-08-22 15:06:35] - [ERROR] => Restarting Mongo server
[2026-08-22 15:06:37] - [ERROR] => MongoDB connection error => bad auth : authentication failed
[2026-08-22 15:06:39] - [ERROR] => Restarting Mongo server
[2026-08-22 15:06:43] - [ERROR] => MongoDB connection error => bad auth : authentication failed
[2026-08-22 15:06:45] - [ERROR] => Restarting Mongo server
[2026-08-22 15:06:47] - [ERROR] => MongoDB connection error => bad auth : authentication failed
[2026-08-22 15:06:49] - [ERROR] => Restarting Mongo server
[2026-08-22 15:06:56] - [ERROR] => MongoDB connection error => bad auth : authentication failed
[2026-08-22 15:06:58] - [ERROR] => Restarting Mongo server
[2026-08-22 15:07:00] - [ERROR] => MongoDB connection error => bad auth : authentication failed
[2026-08-22 15:07:02] - [ERROR] => Restarting Mongo server
[2026-08-22 15:07:04] - [ERROR] => MongoDB connection error => bad auth : authentication failed
[2026-08-22 15:07:06] - [ERROR] => Restarting Mongo server
[2026-08-22 15:07:08] - [ERROR] => MongoDB connection error => bad auth : authentication failed
[2026-08-22 15:07:10] - [ERROR] => Restarting Mongo server
[2026-08-22 15:07:12] - [ERROR] => MongoDB connection error => bad auth : authentication failed
[2026-08-22 15:07:14] - [ERROR] => Restarting Mongo server
[2026-08-22 15:07:17] - [ERROR] => MongoDB connection error => bad auth : authentication failed
[2026-08-22 15:07:19] - [ERROR] => Restarting Mongo server
[2026-08-22 15:07:21] - [ERROR] => MongoDB connection error => bad auth : authentication failed
[2026-08-22 15:07:23] - [ERROR] => Restarting Mongo server
[2026-08-22 15:07:25] - [ERROR] => MongoDB connection error => bad auth : authentication failed
[2026-08-22 15:07:27] - [ERROR] => Restarting Mongo server
[2026-08-22 15:07:30] - [ERROR] => MongoDB connection error => bad auth : authentication failed
[2026-08-22 15:07:32] - [ERROR] => Restarting Mongo server
[2026-08-22 15:07:34] - [ERROR] => MongoDB connection error => bad auth : authentication failed
[2026-08-22 15:07:36] - [ERROR] => Restarting Mongo server
[2026-08-22 15:07:38] - [ERROR] => MongoDB connection error => bad auth : authentication failed
[2026-08-22 15:07:40] - [ERROR] => Restarting Mongo server
[2026-08-22 15:07:42] - [ERROR] => MongoDB connection error => bad auth : authentication failed
[2026-08-22 15:07:44] - [ERROR] => Restarting Mongo server
[2026-08-22 15:07:46] - [ERROR] => MongoDB connection error => bad auth : authentication failed
[2026-08-22 15:07:48] - [ERROR] => Restarting Mongo server
[2026-08-22 15:07:51] - [ERROR] => MongoDB connection error => bad auth : authentication failed
[2026-08-22 15:07:53] - [ERROR] => Restarting Mongo server
[2026-08-22 15:07:55] - [ERROR] => MongoDB connection error => bad auth : authentication failed
[2026-08-22 15:07:57] - [ERROR] => Restarting Mongo server
[2026-08-22 15:08:00] - [ERROR] => MongoDB connection error => bad auth : authentication failed
[2026-08-22 15:08:02] - [ERROR] => Restarting Mongo server
[2026-08-22 15:08:04] - [ERROR] => MongoDB connection error => bad auth : authentication failed
[2026-08-22 15:08:06] - [ERROR] => Restarting Mongo server
[2026-08-22 15:08:09] - [ERROR] => MongoDB connection error => bad auth : authentication failed
[2026-08-22 15:08:11] - [ERROR] => Restarting Mongo server
[2026-08-22 15:08:13] - [ERROR] => MongoDB connection error => bad auth : authentication failed
[2026-08-22 15:08:15] - [ERROR] => Restarting Mongo server
[2026-08-22 15:08:17] - [ERROR] => MongoDB connection error => bad auth : authentication failed
[2026-08-22 15:08:19] - [ERROR] => Restarting Mongo server
[2026-08-22 15:08:22] - [ERROR] => MongoDB connection error => bad auth : authentication failed
[2026-08-22 15:08:24] - [ERROR] => Restarting Mongo server
[2026-08-22 15:08:26] - [ERROR] => MongoDB connection error => bad auth : authentication failed
[2026-08-22 15:08:28] - [ERROR] => Restarting Mongo server
[2026-08-22 15:08:31] - [ERROR] => MongoDB connection error => bad auth : authentication failed
[2026-08-22 15:08:33] - [ERROR] => Restarting Mongo server
[2026-08-22 15:08:36] - [ERROR] => MongoDB connection error => bad auth : authentication failed
[2026-08-22 15:08:38] - [ERROR] => Restarting Mongo server
[2026-08-22 15:08:40] - [ERROR] => MongoDB connection error => bad auth : authentication failed
[2026-08-22 15:08:42] - [ERROR] => Restarting Mongo server
[2026-08-22 15:08:44] - [ERROR] => MongoDB connection error => bad auth : authentication failed
[2026-08-22 15:08:46] - [ERROR] => Restarting Mongo server
[2026-08-22 15:08:48] - [ERROR] => MongoDB connection error => bad auth : authentication failed
[2026-08-22 15:08:50] - [ERROR] => Restarting Mongo server
[2026-08-22 15:08:52] - [ERROR] => MongoDB connection error => bad auth : authentication failed
[2026-08-22 15:08:54] - [ERROR] => Restarting Mongo server
[2026-08-22 15:08:57] - [ERROR] => MongoDB connection error => bad auth : authentication failed
[2026-08-22 15:08:59] - [ERROR] => Restarting Mongo server
[2026-08-22 15:09:01] - [ERROR] => MongoDB connection error => bad auth : authentication failed
[2026-08-22 15:09:03] - [ERROR] => Restarting Mongo server
[2026-08-22 15:09:07] - [ERROR] => MongoDB connection error => bad auth : authentication failed
[2026-08-22 15:09:09] - [ERROR] => Restarting Mongo server
[2026-08-22 15:09:11] - [ERROR] => MongoDB connection error => bad auth : authentication failed
[2026-08-22 15:09:13] - [ERROR] => Restarting Mongo server
[2026-08-22 15:09:15] - [ERROR] => MongoDB connection error => bad auth : authentication failed
[2026-08-22 15:09:17] - [ERROR] => Restarting Mongo server
[2026-08-22 15:09:19] - [ERROR] => MongoDB connection error => bad auth : authentication failed
[2026-08-22 15:09:21] - [ERROR] => Restarting Mongo server
[2026-08-22 15:09:25] - [ERROR] => MongoDB connection error => bad auth : authentication failed
[2026-08-22 15:09:27] - [ERROR] => Restarting Mongo server
[2026-08-22 15:09:29] - [ERROR] => MongoDB connection error => bad auth : authentication failed
[2026-08-22 15:09:31] - [ERROR] => Restarting Mongo server
[2026-08-22 15:09:33] - [ERROR] => MongoDB connection error => bad auth : authentication failed
[2026-08-22 15:09:35] - [ERROR] => Restarting Mongo server
[2026-08-22 15:09:37] - [ERROR] => MongoDB connection error => bad auth : authentication failed
[2026-08-22 15:09:39] - [ERROR] => Restarting Mongo server
[2026-08-22 15:09:41] - [ERROR] => MongoDB connection error => bad auth : authentication failed
[2026-08-22 15:09:43] - [ERROR] => Restarting Mongo server
[2026-08-22 15:09:45] - [ERROR] => MongoDB connection error => bad auth : authentication failed
[2026-08-22 15:09:47] - [ERROR] => Restarting Mongo server
[2026-08-22 15:09:50] - [ERROR] => MongoDB connection error => bad auth : authentication failed
[2026-08-22 15:09:52] - [ERROR] => Restarting Mongo server
[2026-08-22 15:09:55] - [ERROR] => MongoDB connection error => bad auth : authentication failed
[2026-08-22 15:09:57] - [ERROR] => Restarting Mongo server
[2026-08-22 15:09:59] - [ERROR] => MongoDB connection error => bad auth : authentication failed
[2026-08-22 15:10:01] - [ERROR] => Restarting Mongo server
[2026-08-22 15:10:03] - [ERROR] => MongoDB connection error => bad auth : authentication failed
[2026-08-22 15:10:05] - [ERROR] => Restarting Mongo server
[2026-08-22 15:10:07] - [ERROR] => MongoDB connection error => bad auth : authentication failed
[2026-08-22 15:10:09] - [ERROR] => Restarting Mongo server
[2026-08-22 15:10:11] - [ERROR] => MongoDB connection error => bad auth : authentication failed
[2026-08-22 15:10:13] - [ERROR] => Restarting Mongo server
[2026-08-22 15:10:15] - [ERROR] => MongoDB connection error => bad auth : authentication failed
[2026-08-22 15:10:17] - [ERROR] => Restarting Mongo server
[2026-08-22 15:10:19] - [ERROR] => MongoDB connection error => bad auth : authentication failed
[2026-08-22 15:10:21] - [ERROR] => Restarting Mongo server
[2026-08-22 15:10:23] - [ERROR] => MongoDB connection error => bad auth : authentication failed
[2026-08-22 15:10:25] - [ERROR] => Restarting Mongo server
[2026-08-22 15:10:28] - [ERROR] => MongoDB connection error => bad auth : authentication failed
[2026-08-22 15:10:30] - [ERROR] => Restarting Mongo server
[2026-08-22 15:10:32] - [ERROR] => MongoDB connection error => bad auth : authentication failed
[2026-08-22 15:10:34] - [ERROR] => Restarting Mongo server
[2026-08-22 15:10:37] - [ERROR] => MongoDB connection error => bad auth : authentication failed
[2026-08-22 15:10:39] - [ERROR] => Restarting Mongo server
[2026-08-22 15:10:41] - [ERROR] => MongoDB connection error => bad auth : authentication failed
[2026-08-22 15:10:43] - [ERROR] => Restarting Mongo server
[2026-08-22 15:10:45] - [ERROR] => MongoDB connection error => bad auth : authentication failed
[2026-08-22 15:10:47] - [ERROR] => Restarting Mongo server
[2026-08-22 15:10:50] - [ERROR] => MongoDB connection error => bad auth : authentication failed
[2026-08-22 15:10:52] - [ERROR] => Restarting Mongo server
[2026-08-22 15:10:54] - [ERROR] => MongoDB connection error => bad auth : authentication failed
[2026-08-22 15:10:56] - [ERROR] => Restarting Mongo server
[2026-08-22 15:10:59] - [ERROR] => MongoDB connection error => bad auth : authentication failed
[2026-08-22 15:11:01] - [ERROR] => Restarting Mongo server
[2026-08-22 15:11:03] - [ERROR] => MongoDB connection error => bad auth : authentication failed
[2026-08-22 15:11:05] - [ERROR] => Restarting Mongo server
[2026-08-22 15:11:07] - [ERROR] => MongoDB connection error => bad auth : authentication failed
[2026-08-22 15:11:09] - [ERROR] => Restarting Mongo server
[2026-08-22 15:11:11] - [ERROR] => MongoDB connection error => bad auth : authentication failed
[2026-08-22 15:11:13] - [ERROR] => Restarting Mongo server
[2026-08-22 15:11:15] - [ERROR] => MongoDB connection error => bad auth : authentication failed
[2026-08-22 15:11:17] - [ERROR] => Restarting Mongo server
[2026-08-22 15:11:19] - [ERROR] => MongoDB connection error => bad auth : authentication failed
[2026-08-22 15:11:21] - [ERROR] => Restarting Mongo server
[2026-08-22 15:11:23] - [ERROR] => MongoDB connection error => bad auth : authentication failed
[2026-08-22 15:11:25] - [ERROR] => Restarting Mongo server
[2026-08-22 15:11:27] - [ERROR] => MongoDB connection error => bad auth : authentication failed
[2026-08-22 15:11:29] - [ERROR] => Restarting Mongo server
[2026-08-22 15:11:32] - [ERROR] => MongoDB connection error => bad auth : authentication failed
[2026-08-22 15:11:34] - [ERROR] => Restarting Mongo server
[2026-08-22 15:11:36] - [ERROR] => MongoDB connection error => bad auth : authentication failed
[2026-08-22 15:11:38] - [ERROR] => Restarting Mongo server
[2026-08-22 15:11:40] - [ERROR] => MongoDB connection error => bad auth : authentication failed
[2026-08-22 15:11:42] - [ERROR] => Restarting Mongo server
[2026-08-22 15:11:45] - [ERROR] => MongoDB connection error => bad auth : authentication failed
[2026-08-22 15:11:47] - [ERROR] => Restarting Mongo server
[2026-08-22 15:11:50] - [ERROR] => MongoDB connection error => bad auth : authentication failed
[2026-08-22 15:11:52] - [ERROR] => Restarting Mongo server
[2026-08-22 15:11:58] - [ERROR] => MongoDB connection error => bad auth : authentication failed
[2026-08-22 15:12:00] - [ERROR] => Restarting Mongo server
[2026-08-22 15:12:02] - [ERROR] => MongoDB connection error => bad auth : authentication failed
[2026-08-22 15:12:04] - [ERROR] => Restarting Mongo server
[2026-08-22 15:12:06] - [ERROR] => MongoDB connection error => bad auth : authentication failed
[2026-08-22 15:12:08] - [ERROR] => Restarting Mongo server
[2026-08-22 15:12:10] - [ERROR] => MongoDB connection error => bad auth : authentication failed
[2026-08-22 15:12:12] - [ERROR] => Restarting Mongo server
[2026-08-22 15:12:14] - [ERROR] => MongoDB connection error => bad auth : authentication failed
[2026-08-22 15:12:16] - [ERROR] => Restarting Mongo server
[2026-08-22 15:12:19] - [ERROR] => MongoDB connection error => bad auth : authentication failed
[2026-08-22 15:12:21] - [ERROR] => Restarting Mongo server
[2026-08-22 15:12:23] - [ERROR] => MongoDB connection error => bad auth : authentication failed
[2026-08-22 15:12:25] - [ERROR] => Restarting Mongo server
[2026-08-22 15:12:27] - [ERROR] => MongoDB connection error => bad auth : authentication failed
[2026-08-22 15:12:29] - [ERROR] => Restarting Mongo server
[2026-08-22 15:12:32] - [ERROR] => MongoDB connection error => bad auth : authentication failed
[2026-08-22 15:12:34] - [ERROR] => Restarting Mongo server
[2026-08-22 15:12:36] - [ERROR] => MongoDB connection error => bad auth : authentication failed
[2026-08-22 15:12:38] - [ERROR] => Restarting Mongo server
[2026-08-22 15:12:40] - [ERROR] => MongoDB connection error => bad auth : authentication failed
[2026-08-22 15:12:42] - [ERROR] => Restarting Mongo server
[2026-08-22 15:12:44] - [ERROR] => MongoDB connection error => bad auth : authentication failed
[2026-08-22 15:12:46] - [ERROR] => Restarting Mongo server
[2026-08-22 15:12:48] - [ERROR] => MongoDB connection error => bad auth : authentication failed
[2026-08-22 15:12:50] - [ERROR] => Restarting Mongo server
[2026-08-22 15:12:52] - [ERROR] => MongoDB connection error => bad auth : authentication failed
[2026-08-22 15:12:54] - [ERROR] => Restarting Mongo server
[2026-08-22 15:12:56] - [ERROR] => MongoDB connection error => bad auth : authentication failed
[2026-08-22 15:12:58] - [ERROR] => Restarting Mongo server
[2026-08-22 15:13:00] - [ERROR] => MongoDB connection error => bad auth : authentication failed
[2026-08-22 15:13:02] - [ERROR] => Restarting Mongo server
[2026-08-22 15:13:04] - [ERROR] => MongoDB connection error => bad auth : authentication failed
[2026-08-22 15:13:06] - [ERROR] => Restarting Mongo server
[2026-08-22 15:13:09] - [ERROR] => MongoDB connection error => bad auth : authentication failed
[2026-08-22 15:13:11] - [ERROR] => Restarting Mongo server
[2026-08-22 15:13:13] - [ERROR] => MongoDB connection error => bad auth : authentication failed
[2026-08-22 15:13:15] - [ERROR] => Restarting Mongo server
[2026-08-22 15:13:17] - [ERROR] => MongoDB connection error => bad auth : authentication failed
[2026-08-22 15:13:19] - [ERROR] => Restarting Mongo server
[2026-08-22 15:13:21] - [ERROR] => MongoDB connection error => bad auth : authentication failed
[2026-08-22 15:13:23] - [ERROR] => Restarting Mongo server
[2026-08-22 15:13:25] - [ERROR] => MongoDB connection error => bad auth : authentication failed
[2026-08-22 15:13:27] - [ERROR] => Restarting Mongo server
[2026-08-22 15:13:30] - [ERROR] => MongoDB connection error => bad auth : authentication failed
[2026-08-22 15:13:32] - [ERROR] => Restarting Mongo server
[2026-08-22 15:13:34] - [ERROR] => MongoDB connection error => bad auth : authentication failed
[2026-08-22 15:13:36] - [ERROR] => Restarting Mongo server
[2026-08-22 15:13:38] - [ERROR] => MongoDB connection error => bad auth : authentication failed
[2026-08-22 15:13:40] - [ERROR] => Restarting Mongo server
[2026-08-22 15:13:42] - [ERROR] => MongoDB connection error => bad auth : authentication failed
[2026-08-22 15:13:44] - [ERROR] => Restarting Mongo server
[2026-08-22 15:13:45] - [ERROR] => MongoDB connection error => bad auth : authentication failed
[2026-08-22 15:13:47] - [ERROR] => Restarting Mongo server
[2026-08-22 15:13:48] - [ERROR] => MongoDB connection error => bad auth : authentication failed
[2026-08-22 15:13:50] - [ERROR] => Restarting Mongo server
[2026-08-22 15:13:51] - [ERROR] => MongoDB connection error => bad auth : authentication failed
[2026-08-22 15:13:53] - [ERROR] => Restarting Mongo server
[2026-08-22 15:13:54] - [ERROR] => MongoDB connection error => bad auth : authentication failed
[2026-08-22 15:13:56] - [ERROR] => Restarting Mongo server
[2026-08-22 15:13:57] - [ERROR] => MongoDB connection error => bad auth : authentication failed
[2026-08-22 15:13:59] - [ERROR] => Restarting Mongo server
[2026-08-22 15:14:00] - [ERROR] => MongoDB connection error => bad auth : authentication failed
[2026-08-22 15:14:02] - [ERROR] => Restarting Mongo server
[2026-08-22 15:14:03] - [ERROR] => MongoDB connection error => bad auth : authentication failed
[2026-08-22 15:14:05] - [ERROR] => Restarting Mongo server
[2026-08-22 15:14:06] - [ERROR] => MongoDB connection error => bad auth : authentication failed
[2026-08-22 15:14:08] - [ERROR] => Restarting Mongo server
[2026-08-22 15:14:09] - [ERROR] => MongoDB connection error => bad auth : authentication failed
[2026-08-22 15:14:11] - [ERROR] => Restarting Mongo server
[2026-08-22 15:14:11] - [ERROR] => MongoDB connection error => bad auth : authentication failed
[2026-08-22 15:14:13] - [ERROR] => Restarting Mongo server
[2026-08-22 15:14:15] - [ERROR] => MongoDB connection error => bad auth : authentication failed
[2026-08-22 15:14:17] - [ERROR] => Restarting Mongo server
[2026-08-22 15:14:19] - [ERROR] => MongoDB connection error => bad auth : authentication failed
[2026-08-22 15:14:21] - [ERROR] => Restarting Mongo server
[2026-08-22 15:14:22] - [ERROR] => MongoDB connection error => bad auth : authentication failed
[2026-08-22 15:14:24] - [ERROR] => Restarting Mongo server
[2026-08-22 15:14:26] - [ERROR] => MongoDB connection error => bad auth : authentication failed
[2026-08-22 15:14:28] - [ERROR] => Restarting Mongo server
[2026-08-22 15:14:29] - [ERROR] => MongoDB connection error => bad auth : authentication failed
[2026-08-22 15:14:31] - [ERROR] => Restarting Mongo server
[2026-08-22 15:14:31] - [ERROR] => MongoDB connection error => bad auth : authentication failed
[2026-08-22 15:14:33] - [ERROR] => Restarting Mongo server
[2026-08-22 15:14:34] - [ERROR] => MongoDB connection error => bad auth : authentication failed
[2026-08-22 15:14:36] - [ERROR] => Restarting Mongo server
[2026-08-22 15:14:37] - [ERROR] => MongoDB connection error => bad auth : authentication failed
[2026-08-22 15:14:39] - [ERROR] => Restarting Mongo server
[2026-08-22 15:14:40] - [ERROR] => MongoDB connection error => bad auth : authentication failed
[2026-08-22 15:14:42] - [ERROR] => Restarting Mongo server
[2026-08-22 15:14:43] - [ERROR] => MongoDB connection error => bad auth : authentication failed
[2026-08-22 15:14:45] - [ERROR] => Restarting Mongo server
[2026-08-22 15:14:48] - [ERROR] => MongoDB connection error => bad auth : authentication failed
[2026-08-22 15:14:50] - [ERROR] => Restarting Mongo server
[2026-08-22 15:14:51] - [ERROR] => MongoDB connection error => bad auth : authentication failed
[2026-08-22 15:14:53] - [ERROR] => Restarting Mongo server
[2026-08-22 15:14:54] - [ERROR] => MongoDB connection error => bad auth : authentication failed
[2026-08-22 15:14:56] - [ERROR] => Restarting Mongo server
[2026-08-22 15:14:56] - [ERROR] => MongoDB connection error => bad auth : authentication failed
[2026-08-22 15:14:58] - [ERROR] => Restarting Mongo server
[2026-08-22 15:15:00] - [ERROR] => MongoDB connection error => bad auth : authentication failed
[2026-08-22 15:15:02] - [ERROR] => Restarting Mongo server
[2026-08-22 15:15:03] - [ERROR] => MongoDB connection error => bad auth : authentication failed
[2026-08-22 15:15:05] - [ERROR] => Restarting Mongo server
[2026-08-22 15:15:06] - [ERROR] => MongoDB connection error => bad auth : authentication failed
[2026-08-22 15:15:08] - [ERROR] => Restarting Mongo server
[2026-08-22 15:15:09] - [ERROR] => MongoDB connection error => bad auth : authentication failed
[2026-08-22 15:15:11] - [ERROR] => Restarting Mongo server
[2026-08-22 15:15:12] - [ERROR] => MongoDB connection error => bad auth : authentication failed
[2026-08-22 15:15:14] - [ERROR] => Restarting Mongo server
[2026-08-22 15:15:15] - [ERROR] => MongoDB connection error => bad auth : authentication failed
[2026-08-22 15:15:17] - [ERROR] => Restarting Mongo server
[2026-08-22 15:15:18] - [ERROR] => MongoDB connection error => bad auth : authentication failed
[2026-08-22 15:15:20] - [ERROR] => Restarting Mongo server
[2026-08-22 15:15:22] - [ERROR] => MongoDB connection error => bad auth : authentication failed
[2026-08-22 15:15:24] - [ERROR] => Restarting Mongo server
[2026-08-22 15:15:25] - [ERROR] => MongoDB connection error => bad auth : authentication failed
[2026-08-22 15:15:27] - [ERROR] => Restarting Mongo server
[2026-08-22 15:15:27] - [ERROR] => MongoDB connection error => bad auth : authentication failed
[2026-08-22 15:15:29] - [ERROR] => Restarting Mongo server
[2026-08-22 15:15:31] - [ERROR] => MongoDB connection error => bad auth : authentication failed
[2026-08-22 15:15:33] - [ERROR] => Restarting Mongo server
[2026-08-22 15:15:34] - [ERROR] => MongoDB connection error => bad auth : authentication failed
[2026-08-22 15:15:36] - [ERROR] => Restarting Mongo server
[2026-08-22 15:15:37] - [ERROR] => MongoDB connection error => bad auth : authentication failed
[2026-08-22 15:15:39] - [ERROR] => Restarting Mongo server
[2026-08-22 15:15:39] - [ERROR] => MongoDB connection error => bad auth : authentication failed
[2026-08-22 15:15:42] - [ERROR] => Restarting Mongo server
[2026-08-22 15:15:43] - [ERROR] => MongoDB connection error => bad auth : authentication failed
[2026-08-22 15:15:45] - [ERROR] => Restarting Mongo server
[2026-08-22 15:15:45] - [ERROR] => MongoDB connection error => bad auth : authentication failed
[2026-08-22 15:15:47] - [ERROR] => Restarting Mongo server
[2026-08-22 15:15:48] - [ERROR] => MongoDB connection error => bad auth : authentication failed
[2026-08-22 15:15:50] - [ERROR] => Restarting Mongo server
[2026-08-22 15:15:51] - [ERROR] => MongoDB connection error => bad auth : authentication failed
[2026-08-22 15:15:53] - [ERROR] => Restarting Mongo server
[2026-08-22 15:15:54] - [ERROR] => MongoDB connection error => bad auth : authentication failed
[2026-08-22 15:15:56] - [ERROR] => Restarting Mongo server
[2026-08-22 15:15:57] - [ERROR] => MongoDB connection error => bad auth : authentication failed
[2026-08-22 15:15:59] - [ERROR] => Restarting Mongo server
[2026-08-22 15:16:00] - [ERROR] => MongoDB connection error => bad auth : authentication failed
[2026-08-22 15:16:02] - [ERROR] => Restarting Mongo server
[2026-08-22 15:16:03] - [ERROR] => MongoDB connection error => bad auth : authentication failed
[2026-08-22 15:16:05] - [ERROR] => Restarting Mongo server
[2026-08-22 15:16:06] - [ERROR] => MongoDB connection error => bad auth : authentication failed
[2026-08-22 15:16:08] - [ERROR] => Restarting Mongo server
[2026-08-22 15:16:09] - [ERROR] => MongoDB connection error => bad auth : authentication failed
[2026-08-22 15:16:11] - [ERROR] => Restarting Mongo server
[2026-08-22 15:16:12] - [ERROR] => MongoDB connection error => bad auth : authentication failed
[2026-08-22 15:16:14] - [ERROR] => Restarting Mongo server
[2026-08-22 15:16:15] - [ERROR] => MongoDB connection error => bad auth : authentication failed
[2026-08-22 15:16:17] - [ERROR] => Restarting Mongo server
[2026-08-22 15:16:18] - [ERROR] => MongoDB connection error => bad auth : authentication failed
[2026-08-22 15:16:20] - [ERROR] => Restarting Mongo server
[2026-08-22 15:16:21] - [ERROR] => MongoDB connection error => bad auth : authentication failed
[2026-08-22 15:16:23] - [ERROR] => Restarting Mongo server
[2026-08-22 15:16:24] - [ERROR] => MongoDB connection error => bad auth : authentication failed
[2026-08-22 15:16:26] - [ERROR] => Restarting Mongo server
[2026-08-22 15:16:27] - [ERROR] => MongoDB connection error => bad auth : authentication failed
[2026-08-22 15:16:29] - [ERROR] => Restarting Mongo server
[2026-08-22 15:16:30] - [ERROR] => MongoDB connection error => bad auth : authentication failed
[2026-08-22 15:16:32] - [ERROR] => Restarting Mongo server
[2026-08-22 15:16:33] - [ERROR] => MongoDB connection error => bad auth : authentication failed
[2026-08-22 15:16:35] - [ERROR] => Restarting Mongo server
[2026-08-22 15:16:36] - [ERROR] => MongoDB connection error => bad auth : authentication failed
[2026-08-22 15:16:38] - [ERROR] => Restarting Mongo server
[2026-08-22 15:16:39] - [ERROR] => MongoDB connection error => bad auth : authentication failed
[2026-08-22 15:16:41] - [ERROR] => Restarting Mongo server
[2026-08-22 15:16:43] - [ERROR] => MongoDB connection error => bad auth : authentication failed
[2026-08-22 15:16:45] - [ERROR] => Restarting Mongo server
[2026-08-22 15:16:46] - [ERROR] => MongoDB connection error => bad auth : authentication failed
[2026-08-22 15:16:48] - [ERROR] => Restarting Mongo server
[2026-08-22 15:16:49] - [ERROR] => MongoDB connection error => bad auth : authentication failed
[2026-08-22 15:16:51] - [ERROR] => Restarting Mongo server
[2026-08-22 15:16:53] - [ERROR] => MongoDB connection error => bad auth : authentication failed
[2026-08-22 15:16:55] - [ERROR] => Restarting Mongo server
[2026-08-22 15:17:00] - [ERROR] => MongoDB connection error => bad auth : authentication failed
[2026-08-22 15:17:02] - [ERROR] => Restarting Mongo server
[2026-08-22 15:17:03] - [ERROR] => MongoDB connection error => bad auth : authentication failed
[2026-08-22 15:17:05] - [ERROR] => Restarting Mongo server
[2026-08-22 15:17:06] - [ERROR] => MongoDB connection error => bad auth : authentication failed
[2026-08-22 15:17:08] - [ERROR] => Restarting Mongo server
[2026-08-22 15:17:09] - [ERROR] => MongoDB connection error => bad auth : authentication failed
[2026-08-22 15:17:11] - [ERROR] => Restarting Mongo server
[2026-08-22 15:17:12] - [ERROR] => MongoDB connection error => bad auth : authentication failed
[2026-08-22 15:17:14] - [ERROR] => Restarting Mongo server
[2026-08-22 15:17:14] - [ERROR] => MongoDB connection error => bad auth : authentication failed
[2026-08-22 15:17:16] - [ERROR] => Restarting Mongo server
[2026-08-22 15:17:17] - [ERROR] => MongoDB connection error => bad auth : authentication failed
[2026-08-22 15:17:19] - [ERROR] => Restarting Mongo server
[2026-08-22 15:17:20] - [ERROR] => MongoDB connection error => bad auth : authentication failed
[2026-08-22 15:17:22] - [ERROR] => Restarting Mongo server
[2026-08-22 15:17:23] - [ERROR] => MongoDB connection error => bad auth : authentication failed
[2026-08-22 15:17:25] - [ERROR] => Restarting Mongo server
[2026-08-22 15:17:26] - [ERROR] => MongoDB connection error => bad auth : authentication failed
[2026-08-22 15:17:28] - [ERROR] => Restarting Mongo server
[2026-08-22 15:17:29] - [ERROR] => MongoDB connection error => bad auth : authentication failed
[2026-08-22 15:17:31] - [ERROR] => Restarting Mongo server
[2026-08-22 15:17:32] - [ERROR] => MongoDB connection error => bad auth : authentication failed
[2026-08-22 15:17:34] - [ERROR] => Restarting Mongo server
[2026-08-22 15:17:36] - [ERROR] => MongoDB connection error => bad auth : authentication failed
[2026-08-22 15:17:38] - [ERROR] => Restarting Mongo server
[2026-08-22 15:17:38] - [ERROR] => MongoDB connection error => bad auth : authentication failed
[2026-08-22 15:17:41] - [ERROR] => Restarting Mongo server
[2026-08-22 15:17:42] - [ERROR] => MongoDB connection error => bad auth : authentication failed
[2026-08-22 15:17:44] - [ERROR] => Restarting Mongo server
[2026-08-22 15:17:44] - [ERROR] => MongoDB connection error => bad auth : authentication failed
[2026-08-22 15:17:47] - [ERROR] => Restarting Mongo server
[2026-08-22 15:17:47] - [ERROR] => MongoDB connection error => bad auth : authentication failed
[2026-08-22 15:17:49] - [ERROR] => Restarting Mongo server
[2026-08-22 15:17:50] - [ERROR] => MongoDB connection error => bad auth : authentication failed
[2026-08-22 15:17:52] - [ERROR] => Restarting Mongo server
[2026-08-22 15:17:53] - [ERROR] => MongoDB connection error => bad auth : authentication failed
[2026-08-22 15:17:55] - [ERROR] => Restarting Mongo server
[2026-08-22 15:17:56] - [ERROR] => MongoDB connection error => bad auth : authentication failed
[2026-08-22 15:17:58] - [ERROR] => Restarting Mongo server
[2026-08-22 15:17:59] - [ERROR] => MongoDB connection error => bad auth : authentication failed
[2026-08-22 15:18:01] - [ERROR] => Restarting Mongo server
[2026-08-22 15:18:06] - [ERROR] => MongoDB connection error => queryTxt ETIMEOUT cluster0.jd9mx9w.mongodb.net
[2026-08-22 15:18:08] - [ERROR] => Restarting Mongo server
[2026-08-22 15:18:09] - [ERROR] => MongoDB connection error => bad auth : authentication failed
[2026-08-22 15:18:11] - [ERROR] => Restarting Mongo server
[2026-08-22 15:18:12] - [ERROR] => MongoDB connection error => bad auth : authentication failed
[2026-08-22 15:18:14] - [ERROR] => Restarting Mongo server
[2026-08-22 15:18:15] - [ERROR] => MongoDB connection error => bad auth : authentication failed
[2026-08-22 15:18:17] - [ERROR] => Restarting Mongo server
[2026-08-22 15:18:17] - [ERROR] => MongoDB connection error => bad auth : authentication failed
[2026-08-22 15:18:19] - [ERROR] => Restarting Mongo server
[2026-08-22 15:18:21] - [ERROR] => MongoDB connection error => bad auth : authentication failed
[2026-08-22 15:18:23] - [ERROR] => Restarting Mongo server
[2026-08-22 15:18:23] - [ERROR] => MongoDB connection error => bad auth : authentication failed
[2026-08-22 15:18:25] - [ERROR] => Restarting Mongo server
[2026-08-22 15:18:26] - [ERROR] => MongoDB connection error => bad auth : authentication failed
[2026-08-22 15:18:28] - [ERROR] => Restarting Mongo server
[2026-08-22 15:18:30] - [ERROR] => MongoDB connection error => bad auth : authentication failed
[2026-08-22 15:18:32] - [ERROR] => Restarting Mongo server
[2026-08-22 15:18:33] - [ERROR] => MongoDB connection error => bad auth : authentication failed
[2026-08-22 15:18:35] - [ERROR] => Restarting Mongo server
[2026-08-22 15:18:36] - [ERROR] => MongoDB connection error => bad auth : authentication failed
[2026-08-22 15:18:38] - [ERROR] => Restarting Mongo server
[2026-08-22 15:18:39] - [ERROR] => MongoDB connection error => bad auth : authentication failed
[2026-08-22 15:18:41] - [ERROR] => Restarting Mongo server
[2026-08-22 15:18:43] - [ERROR] => MongoDB connection error => bad auth : authentication failed
[2026-08-22 15:18:45] - [ERROR] => Restarting Mongo server
[2026-08-22 15:18:46] - [ERROR] => MongoDB connection error => bad auth : authentication failed
[2026-08-22 15:18:48] - [ERROR] => Restarting Mongo server
[2026-08-22 15:18:48] - [ERROR] => MongoDB connection error => bad auth : authentication failed
[2026-08-22 15:18:50] - [ERROR] => Restarting Mongo server
[2026-08-22 15:18:52] - [ERROR] => MongoDB connection error => bad auth : authentication failed
[2026-08-22 15:18:54] - [ERROR] => Restarting Mongo server
[2026-08-22 15:18:56] - [ERROR] => MongoDB connection error => bad auth : authentication failed
[2026-08-22 15:18:58] - [ERROR] => Restarting Mongo server
[2026-08-22 15:18:58] - [ERROR] => MongoDB connection error => bad auth : authentication failed
[2026-08-22 15:19:00] - [ERROR] => Restarting Mongo server
[2026-08-22 15:19:01] - [ERROR] => MongoDB connection error => bad auth : authentication failed
[2026-08-22 15:19:03] - [ERROR] => Restarting Mongo server
[2026-08-22 15:19:04] - [ERROR] => MongoDB connection error => bad auth : authentication failed
[2026-08-22 15:19:06] - [ERROR] => Restarting Mongo server
[2026-08-22 15:19:07] - [ERROR] => MongoDB connection error => bad auth : authentication failed
[2026-08-22 15:19:09] - [ERROR] => Restarting Mongo server
[2026-08-22 15:19:10] - [ERROR] => MongoDB connection error => bad auth : authentication failed
[2026-08-22 15:19:12] - [ERROR] => Restarting Mongo server
[2026-08-22 15:19:13] - [ERROR] => MongoDB connection error => bad auth : authentication failed
[2026-08-22 15:19:15] - [ERROR] => Restarting Mongo server
[2026-08-22 15:19:15] - [ERROR] => MongoDB connection error => bad auth : authentication failed
[2026-08-22 15:19:17] - [ERROR] => Restarting Mongo server
[2026-08-22 15:19:19] - [ERROR] => MongoDB connection error => bad auth : authentication failed
[2026-08-22 15:19:21] - [ERROR] => Restarting Mongo server
[2026-08-22 15:19:22] - [ERROR] => MongoDB connection error => bad auth : authentication failed
[2026-08-22 15:19:24] - [ERROR] => Restarting Mongo server
[2026-08-22 15:19:24] - [ERROR] => MongoDB connection error => bad auth : authentication failed
[2026-08-22 15:19:26] - [ERROR] => Restarting Mongo server
[2026-08-22 15:19:27] - [ERROR] => MongoDB connection error => bad auth : authentication failed
[2026-08-22 15:19:29] - [ERROR] => Restarting Mongo server
[2026-08-22 15:19:31] - [ERROR] => MongoDB connection error => bad auth : authentication failed
[2026-08-22 15:19:33] - [ERROR] => Restarting Mongo server
[2026-08-22 15:19:34] - [ERROR] => MongoDB connection error => bad auth : authentication failed
[2026-08-22 15:19:36] - [ERROR] => Restarting Mongo server
[2026-08-22 15:19:36] - [ERROR] => MongoDB connection error => bad auth : authentication failed
[2026-08-22 15:19:38] - [ERROR] => Restarting Mongo server
[2026-08-22 15:19:40] - [ERROR] => MongoDB connection error => bad auth : authentication failed
[2026-08-22 15:19:42] - [ERROR] => Restarting Mongo server
[2026-08-22 15:19:43] - [ERROR] => MongoDB connection error => bad auth : authentication failed
[2026-08-22 15:19:45] - [ERROR] => Restarting Mongo server
[2026-08-22 15:19:45] - [ERROR] => MongoDB connection error => bad auth : authentication failed
[2026-08-22 15:19:47] - [ERROR] => Restarting Mongo server
[2026-08-22 15:19:48] - [ERROR] => MongoDB connection error => bad auth : authentication failed
[2026-08-22 15:19:50] - [ERROR] => Restarting Mongo server
[2026-08-22 15:19:51] - [ERROR] => MongoDB connection error => bad auth : authentication failed
[2026-08-22 15:19:53] - [ERROR] => Restarting Mongo server
[2026-08-22 15:19:54] - [ERROR] => MongoDB connection error => bad auth : authentication failed
[2026-08-22 15:19:56] - [ERROR] => Restarting Mongo server
[2026-08-22 15:19:57] - [ERROR] => MongoDB connection error => bad auth : authentication failed
[2026-08-22 15:19:59] - [ERROR] => Restarting Mongo server
[2026-08-22 15:20:00] - [ERROR] => MongoDB connection error => bad auth : authentication failed
[2026-08-22 15:20:02] - [ERROR] => Restarting Mongo server
[2026-08-22 15:20:03] - [ERROR] => MongoDB connection error => bad auth : authentication failed
[2026-08-22 15:20:05] - [ERROR] => Restarting Mongo server
[2026-08-22 15:20:06] - [ERROR] => MongoDB connection error => bad auth : authentication failed
[2026-08-22 15:20:08] - [ERROR] => Restarting Mongo server
[2026-08-22 15:20:09] - [ERROR] => MongoDB connection error => bad auth : authentication failed
[2026-08-22 15:20:11] - [ERROR] => Restarting Mongo server
[2026-08-22 15:20:12] - [ERROR] => MongoDB connection error => bad auth : authentication failed
[2026-08-22 15:20:14] - [ERROR] => Restarting Mongo server
[2026-08-22 15:20:14] - [ERROR] => MongoDB connection error => bad auth : authentication failed
[2026-08-22 15:20:16] - [ERROR] => Restarting Mongo server
[2026-08-22 15:20:17] - [ERROR] => MongoDB connection error => bad auth : authentication failed
[2026-08-22 15:20:19] - [ERROR] => Restarting Mongo server
[2026-08-22 15:20:20] - [ERROR] => MongoDB connection error => bad auth : authentication failed
[2026-08-22 15:20:22] - [ERROR] => Restarting Mongo server
[2026-08-22 15:20:23] - [ERROR] => MongoDB connection error => bad auth : authentication failed
[2026-08-22 15:20:25] - [ERROR] => Restarting Mongo server
[2026-08-22 15:20:26] - [ERROR] => MongoDB connection error => bad auth : authentication failed
[2026-08-22 15:20:28] - [ERROR] => Restarting Mongo server
[2026-08-22 15:20:28] - [ERROR] => MongoDB connection error => bad auth : authentication failed
[2026-08-22 15:20:30] - [ERROR] => Restarting Mongo server
[2026-08-22 15:20:31] - [ERROR] => MongoDB connection error => bad auth : authentication failed
[2026-08-22 15:20:33] - [ERROR] => Restarting Mongo server
[2026-08-22 15:20:35] - [ERROR] => MongoDB connection error => bad auth : authentication failed
[2026-08-22 15:20:37] - [ERROR] => Restarting Mongo server
[2026-08-22 15:20:38] - [ERROR] => MongoDB connection error => bad auth : authentication failed
[2026-08-22 15:20:40] - [ERROR] => Restarting Mongo server
[2026-08-22 15:20:41] - [ERROR] => MongoDB connection error => bad auth : authentication failed
[2026-08-22 15:20:43] - [ERROR] => Restarting Mongo server
[2026-08-22 15:20:43] - [ERROR] => MongoDB connection error => bad auth : authentication failed
[2026-08-22 15:20:45] - [ERROR] => Restarting Mongo server
[2026-08-22 15:20:46] - [ERROR] => MongoDB connection error => bad auth : authentication failed
[2026-08-22 15:20:48] - [ERROR] => Restarting Mongo server
[2026-08-22 15:20:50] - [ERROR] => MongoDB connection error => bad auth : authentication failed
[2026-08-22 15:20:52] - [ERROR] => Restarting Mongo server
[2026-08-22 15:20:53] - [ERROR] => MongoDB connection error => bad auth : authentication failed
[2026-08-22 15:20:55] - [ERROR] => Restarting Mongo server
[2026-08-22 15:20:56] - [ERROR] => MongoDB connection error => bad auth : authentication failed
[2026-08-22 15:20:58] - [ERROR] => Restarting Mongo server
[2026-08-22 15:20:59] - [ERROR] => MongoDB connection error => bad auth : authentication failed
[2026-08-22 15:21:01] - [ERROR] => Restarting Mongo server
[2026-08-22 15:21:02] - [ERROR] => MongoDB connection error => bad auth : authentication failed
[2026-08-22 15:21:04] - [ERROR] => Restarting Mongo server
[2026-08-22 15:21:04] - [ERROR] => MongoDB connection error => bad auth : authentication failed
[2026-08-22 15:21:06] - [ERROR] => Restarting Mongo server
[2026-08-22 15:21:07] - [ERROR] => MongoDB connection error => bad auth : authentication failed
[2026-08-22 15:21:09] - [ERROR] => Restarting Mongo server
[2026-08-22 15:21:10] - [ERROR] => MongoDB connection error => bad auth : authentication failed
[2026-08-22 15:21:12] - [ERROR] => Restarting Mongo server
[2026-08-22 15:21:13] - [ERROR] => MongoDB connection error => bad auth : authentication failed
[2026-08-22 15:21:15] - [ERROR] => Restarting Mongo server
[2026-08-22 15:21:16] - [ERROR] => MongoDB connection error => bad auth : authentication failed
[2026-08-22 15:21:18] - [ERROR] => Restarting Mongo server
[2026-08-22 15:21:19] - [ERROR] => MongoDB connection error => bad auth : authentication failed
[2026-08-22 15:21:21] - [ERROR] => Restarting Mongo server
[2026-08-22 15:21:22] - [ERROR] => MongoDB connection error => bad auth : authentication failed
[2026-08-22 15:21:24] - [ERROR] => Restarting Mongo server
[2026-08-22 15:21:25] - [ERROR] => MongoDB connection error => bad auth : authentication failed
[2026-08-22 15:21:27] - [ERROR] => Restarting Mongo server
[2026-08-22 15:21:27] - [ERROR] => MongoDB connection error => bad auth : authentication failed
[2026-08-22 15:21:29] - [ERROR] => Restarting Mongo server
[2026-08-22 15:21:30] - [ERROR] => MongoDB connection error => bad auth : authentication failed
[2026-08-22 15:21:32] - [ERROR] => Restarting Mongo server
[2026-08-22 15:21:33] - [ERROR] => MongoDB connection error => bad auth : authentication failed
[2026-08-22 15:21:35] - [ERROR] => Restarting Mongo server
[2026-08-22 15:21:36] - [ERROR] => MongoDB connection error => bad auth : authentication failed
[2026-08-22 15:21:38] - [ERROR] => Restarting Mongo server
[2026-08-22 15:21:39] - [ERROR] => MongoDB connection error => bad auth : authentication failed
[2026-08-22 15:21:41] - [ERROR] => Restarting Mongo server
[2026-08-22 15:21:42] - [ERROR] => MongoDB connection error => bad auth : authentication failed
[2026-08-22 15:21:44] - [ERROR] => Restarting Mongo server
[2026-08-22 15:21:45] - [ERROR] => MongoDB connection error => bad auth : authentication failed
[2026-08-22 15:21:47] - [ERROR] => Restarting Mongo server
[2026-08-22 15:21:47] - [ERROR] => MongoDB connection error => bad auth : authentication failed
[2026-08-22 15:21:49] - [ERROR] => Restarting Mongo server
[2026-08-22 15:21:50] - [ERROR] => MongoDB connection error => bad auth : authentication failed
[2026-08-22 15:21:52] - [ERROR] => Restarting Mongo server
[2026-08-22 15:21:53] - [ERROR] => MongoDB connection error => bad auth : authentication failed
[2026-08-22 15:21:55] - [ERROR] => Restarting Mongo server
[2026-08-22 15:21:59] - [ERROR] => MongoDB connection error => bad auth : authentication failed
[2026-08-22 15:22:01] - [ERROR] => Restarting Mongo server
[2026-08-22 15:22:03] - [ERROR] => MongoDB connection error => bad auth : authentication failed
[2026-08-22 15:22:05] - [ERROR] => Restarting Mongo server
[2026-08-22 15:22:05] - [ERROR] => MongoDB connection error => bad auth : authentication failed
[2026-08-22 15:22:07] - [ERROR] => Restarting Mongo server
[2026-08-22 15:25:13] - [ERROR] => RedisDB connection error => Error: getaddrinfo EAI_FAIL redis://default:VxZ2EQrPgpsAZ0Igis0GgvKmG7fUPwo9@neoclear-healthy-tall-50995.db.redis.io:15098
[2026-08-22 15:36:12] - [ERROR] => API path not found!
[2026-08-22 15:36:32] - [ERROR] => API path not found!
[2026-08-22 15:39:50] - [ERROR] => API path not found!
[2026-08-22 15:39:58] - [ERROR] => API path not found!
[2026-08-22 15:46:17] - [ERROR] => API path not found!
[2026-08-22 15:46:53] - [ERROR] => API path not found!
[2026-08-22 15:46:55] - [ERROR] => API path not found!
[2026-08-22 16:00:48] - [ERROR] => API path not found!
[2026-08-22 16:00:52] - [ERROR] => API path not found!
[2026-08-22 16:01:26] - [ERROR] => RedisDB connection error => Error: getaddrinfo EAI_FAIL redis://default:VxZ2EQrPgpsAZ0Igis0GgvKmG7fUPwo9@neoclear-healthy-tall-50995.db.redis.io:15098
[2026-08-22 16:04:48] - [ERROR] => RedisDB connection error => Error: getaddrinfo ENOTFOUND redis
[2026-08-22 16:05:33] - [ERROR] => API path not found!
[2026-08-22 16:11:23] - [ERROR] => API path not found!
[2026-08-22 16:11:30] - [ERROR] => API path not found!
[2026-08-22 16:11:35] - [ERROR] => API path not found!
[2026-08-22 16:11:38] - [ERROR] => API path not found!
[2026-08-22 16:13:34] - [ERROR] => RedisDB connection error => Error: getaddrinfo ENOTFOUND redis
[2026-08-22 16:15:25] - [ERROR] => API path not found!
[2026-08-22 16:15:29] - [ERROR] => API path not found!
[2026-08-22 16:15:38] - [ERROR] => API path not found!
[2026-08-22 16:16:31] - [ERROR] => API path not found!
[2026-08-22 16:16:35] - [ERROR] => API path not found!
[2026-08-22 16:19:38] - [ERROR] => API path not found!
[2026-08-22 16:20:13] - [ERROR] => RedisDB connection error => Error: getaddrinfo ENOTFOUND redis
[2026-08-22 16:20:40] - [ERROR] => Unauthorized request!
[2026-08-22 16:21:22] - [ERROR] => Unauthorized request!
[2026-08-22 16:26:54] - [ERROR] => RedisDB connection error => Error: getaddrinfo ENOTFOUND redis
[2026-08-22 16:27:29] - [ERROR] => Unauthorized request!
[2026-08-22 16:27:36] - [ERROR] => Unauthorized request!
[2026-08-22 16:35:44] - [ERROR] => RedisDB connection error => Error: getaddrinfo ENOTFOUND redis
[2026-08-22 16:36:31] - [ERROR] => Unauthorized request!
[2026-08-22 16:36:47] - [ERROR] => Unauthorized request!
[2026-08-22 16:39:21] - [ERROR] => Payload conflicts with existing data
[2026-08-22 16:40:31] - [ERROR] => Unauthorized request!
[2026-08-22 16:40:41] - [ERROR] => Unauthorized request!
[2026-08-22 16:46:56] - [ERROR] => RedisDB connection error => AggregateError
[2026-08-22 16:49:59] - [ERROR] => RedisDB connection error => AggregateError
[2026-08-22 16:52:01] - [ERROR] => RedisDB connection error => Error: getaddrinfo ENOTFOUND neoclear-healthy-tall-50995.db.redis.io
[2026-08-22 17:05:08] - [ERROR] => RedisDB connection error => Error: getaddrinfo ENOTFOUND neoclear-healthy-tall-50995.db.redis.io
[2026-08-22 17:06:54] - [ERROR] => RedisDB connection error => AggregateError
