[2024-10-08 12:45:56] - [INFO] => Server is running on port undefined
[2024-10-08 12:45:56] - [ERROR] => RedisDB connection error => Error: getaddrinfo ENOTFOUND redis
[2024-10-08 12:45:58] - [ERROR] => MongoDB connection error => bad auth : Authentication failed.
[2024-10-08 12:46:00] - [ERROR] => Restarting Mongo server
[2024-10-08 12:46:02] - [ERROR] => MongoDB connection error => bad auth : Authentication failed.
[2024-10-08 12:46:04] - [ERROR] => Restarting Mongo server
[2024-10-08 12:46:06] - [ERROR] => MongoDB connection error => bad auth : Authentication failed.
[2024-10-08 12:46:08] - [ERROR] => Restarting Mongo server
[2024-10-08 12:46:10] - [ERROR] => MongoDB connection error => bad auth : Authentication failed.
[2024-10-08 12:46:12] - [ERROR] => Restarting Mongo server
[2024-10-08 12:46:14] - [ERROR] => MongoDB connection error => bad auth : Authentication failed.
[2024-10-08 12:46:16] - [ERROR] => Restarting Mongo server
[2024-10-08 12:46:17] - [ERROR] => MongoDB connection error => bad auth : Authentication failed.
[2024-10-08 12:46:19] - [ERROR] => Restarting Mongo server
[2024-10-08 12:46:21] - [ERROR] => MongoDB connection error => bad auth : Authentication failed.
[2024-10-08 12:46:23] - [ERROR] => Restarting Mongo server
[2024-10-08 12:46:25] - [ERROR] => MongoDB connection error => bad auth : Authentication failed.
[2024-10-08 12:46:27] - [ERROR] => Restarting Mongo server
[2024-10-08 12:46:29] - [ERROR] => MongoDB connection error => bad auth : Authentication failed.
[2024-10-08 12:46:31] - [ERROR] => Restarting Mongo server
[2024-10-08 12:46:32] - [ERROR] => MongoDB connection error => bad auth : Authentication failed.
[2024-10-08 12:46:34] - [ERROR] => Restarting Mongo server
[2024-10-08 12:46:36] - [ERROR] => MongoDB connection error => bad auth : Authentication failed.
[2024-10-08 12:46:38] - [ERROR] => Restarting Mongo server
[2024-10-08 12:46:40] - [ERROR] => MongoDB connection error => bad auth : Authentication failed.
[2024-10-08 12:46:42] - [ERROR] => Restarting Mongo server
[2024-10-08 12:46:44] - [ERROR] => MongoDB connection error => bad auth : Authentication failed.
[2024-10-08 12:46:46] - [ERROR] => Restarting Mongo server
[2024-10-08 12:46:48] - [ERROR] => MongoDB connection error => bad auth : Authentication failed.
[2024-10-08 12:46:50] - [ERROR] => Restarting Mongo server
[2024-10-08 12:46:52] - [ERROR] => MongoDB connection error => bad auth : Authentication failed.
[2024-10-08 12:46:54] - [ERROR] => Restarting Mongo server
[2024-10-08 12:46:56] - [ERROR] => MongoDB connection error => bad auth : Authentication failed.
[2024-10-08 12:46:58] - [ERROR] => Restarting Mongo server
[2024-10-08 12:46:59] - [ERROR] => MongoDB connection error => bad auth : Authentication failed.
[2024-10-08 12:47:01] - [ERROR] => Restarting Mongo server
[2024-10-08 12:47:03] - [ERROR] => MongoDB connection error => bad auth : Authentication failed.
[2024-10-08 12:47:05] - [ERROR] => Restarting Mongo server
[2024-10-08 12:47:07] - [ERROR] => MongoDB connection error => bad auth : Authentication failed.
[2024-10-08 12:47:09] - [ERROR] => Restarting Mongo server
[2024-10-08 12:47:11] - [ERROR] => MongoDB connection error => bad auth : Authentication failed.
[2024-10-08 12:47:15] - [INFO] => Server is running on port undefined
[2024-10-08 12:47:15] - [ERROR] => RedisDB connection error => Error: getaddrinfo ENOTFOUND redis
[2024-10-08 12:47:17] - [ERROR] => MongoDB connection error => bad auth : Authentication failed.
[2024-10-08 12:47:19] - [ERROR] => Restarting Mongo server
[2024-10-08 12:47:21] - [ERROR] => MongoDB connection error => bad auth : Authentication failed.
[2024-10-08 12:47:23] - [ERROR] => Restarting Mongo server
[2024-10-08 12:47:24] - [ERROR] => MongoDB connection error => bad auth : Authentication failed.
[2024-10-08 12:47:26] - [ERROR] => Restarting Mongo server
[2024-10-08 12:47:28] - [ERROR] => MongoDB connection error => bad auth : Authentication failed.
[2024-10-08 12:47:30] - [ERROR] => Restarting Mongo server
[2024-10-08 12:47:32] - [ERROR] => MongoDB connection error => bad auth : Authentication failed.
[2024-10-08 12:47:34] - [ERROR] => Restarting Mongo server
[2024-10-08 12:47:36] - [ERROR] => MongoDB connection error => bad auth : Authentication failed.
[2024-10-08 12:47:38] - [ERROR] => Restarting Mongo server
[2024-10-08 12:47:39] - [ERROR] => MongoDB connection error => bad auth : Authentication failed.
[2024-10-08 12:47:41] - [ERROR] => Restarting Mongo server
[2024-10-08 12:47:43] - [ERROR] => MongoDB connection error => bad auth : Authentication failed.
[2024-10-08 12:47:45] - [ERROR] => Restarting Mongo server
[2024-10-08 12:47:47] - [ERROR] => MongoDB connection error => bad auth : Authentication failed.
[2024-10-08 12:47:49] - [ERROR] => Restarting Mongo server
[2024-10-08 12:47:51] - [ERROR] => MongoDB connection error => bad auth : Authentication failed.
[2024-10-08 12:47:53] - [ERROR] => Restarting Mongo server
[2024-10-08 12:47:55] - [ERROR] => MongoDB connection error => bad auth : Authentication failed.
[2024-10-08 12:47:57] - [ERROR] => Restarting Mongo server
[2024-10-08 12:47:59] - [ERROR] => MongoDB connection error => bad auth : Authentication failed.
[2024-10-08 12:48:01] - [ERROR] => Restarting Mongo server
[2024-10-08 12:48:03] - [ERROR] => MongoDB connection error => bad auth : Authentication failed.
[2024-10-08 12:48:05] - [ERROR] => Restarting Mongo server
[2024-10-08 12:48:09] - [INFO] => Server is running on port undefined
[2024-10-08 12:48:09] - [ERROR] => RedisDB connection error => Error: getaddrinfo ENOTFOUND redis
[2024-10-08 12:48:10] - [ERROR] => MongoDB connection error => bad auth : Authentication failed.
[2024-10-08 12:48:12] - [ERROR] => Restarting Mongo server
[2024-10-08 12:48:14] - [ERROR] => MongoDB connection error => bad auth : Authentication failed.
[2024-10-08 12:48:16] - [ERROR] => Restarting Mongo server
[2024-10-08 12:48:18] - [ERROR] => MongoDB connection error => bad auth : Authentication failed.
[2024-10-08 12:48:20] - [ERROR] => Restarting Mongo server
[2024-10-08 12:48:22] - [ERROR] => MongoDB connection error => bad auth : Authentication failed.
[2024-10-08 12:48:24] - [ERROR] => Restarting Mongo server
[2024-10-08 12:48:27] - [ERROR] => MongoDB connection error => bad auth : Authentication failed.
[2024-10-08 12:48:29] - [ERROR] => Restarting Mongo server
[2024-10-08 12:48:31] - [ERROR] => MongoDB connection error => bad auth : Authentication failed.
[2024-10-08 12:48:33] - [ERROR] => Restarting Mongo server
[2024-10-08 12:48:35] - [ERROR] => MongoDB connection error => bad auth : Authentication failed.
[2024-10-08 12:48:37] - [ERROR] => Restarting Mongo server
[2024-10-08 12:48:39] - [ERROR] => MongoDB connection error => bad auth : Authentication failed.
[2024-10-08 12:48:41] - [ERROR] => Restarting Mongo server
[2024-10-08 12:48:43] - [ERROR] => MongoDB connection error => bad auth : Authentication failed.
[2024-10-08 12:48:45] - [ERROR] => Restarting Mongo server
[2024-10-08 12:48:46] - [ERROR] => MongoDB connection error => bad auth : Authentication failed.
[2024-10-08 12:48:48] - [ERROR] => Restarting Mongo server
[2024-10-08 12:48:50] - [ERROR] => MongoDB connection error => bad auth : Authentication failed.
[2024-10-08 12:48:52] - [ERROR] => Restarting Mongo server
[2024-10-08 12:48:55] - [ERROR] => MongoDB connection error => bad auth : Authentication failed.
[2024-10-08 12:48:57] - [ERROR] => Restarting Mongo server
[2024-10-08 12:49:05] - [ERROR] => RedisDB connection error => Error: getaddrinfo ENOTFOUND redis
[2024-10-08 12:49:07] - [ERROR] => MongoDB connection error => bad auth : Authentication failed.
[2024-10-08 12:49:09] - [ERROR] => Restarting Mongo server
[2024-10-08 12:49:11] - [ERROR] => MongoDB connection error => bad auth : Authentication failed.
[2024-10-08 12:49:13] - [ERROR] => Restarting Mongo server
[2024-10-08 12:49:15] - [ERROR] => MongoDB connection error => bad auth : Authentication failed.
[2024-10-08 12:49:17] - [ERROR] => Restarting Mongo server
[2024-10-08 12:49:19] - [ERROR] => MongoDB connection error => bad auth : Authentication failed.
[2024-10-08 12:49:21] - [ERROR] => Restarting Mongo server
[2024-10-08 12:49:23] - [ERROR] => MongoDB connection error => bad auth : Authentication failed.
[2024-10-08 12:49:25] - [ERROR] => Restarting Mongo server
[2024-10-08 12:49:27] - [ERROR] => MongoDB connection error => bad auth : Authentication failed.
[2024-10-08 12:49:29] - [ERROR] => Restarting Mongo server
[2024-10-08 12:49:31] - [ERROR] => MongoDB connection error => bad auth : Authentication failed.
[2024-10-08 12:49:33] - [ERROR] => Restarting Mongo server
[2024-10-08 12:49:35] - [ERROR] => MongoDB connection error => bad auth : Authentication failed.
[2024-10-08 12:49:37] - [ERROR] => Restarting Mongo server
[2024-10-08 12:49:38] - [ERROR] => MongoDB connection error => bad auth : Authentication failed.
[2024-10-08 12:49:40] - [ERROR] => Restarting Mongo server
[2024-10-08 12:49:42] - [ERROR] => MongoDB connection error => bad auth : Authentication failed.
[2024-10-08 12:49:44] - [ERROR] => Restarting Mongo server
[2024-10-08 12:49:46] - [ERROR] => MongoDB connection error => bad auth : Authentication failed.
[2024-10-08 12:49:48] - [ERROR] => Restarting Mongo server
[2024-10-08 12:49:50] - [ERROR] => MongoDB connection error => bad auth : Authentication failed.
[2024-10-08 12:49:52] - [ERROR] => Restarting Mongo server
[2024-10-08 12:49:54] - [ERROR] => MongoDB connection error => bad auth : Authentication failed.
[2024-10-08 12:49:56] - [ERROR] => Restarting Mongo server
[2024-10-08 12:49:57] - [ERROR] => MongoDB connection error => bad auth : Authentication failed.
[2024-10-08 12:49:59] - [ERROR] => Restarting Mongo server
[2024-10-08 12:50:01] - [ERROR] => MongoDB connection error => bad auth : Authentication failed.
[2024-10-08 12:50:03] - [ERROR] => Restarting Mongo server
[2024-10-08 12:50:05] - [ERROR] => MongoDB connection error => bad auth : Authentication failed.
[2024-10-08 12:50:07] - [ERROR] => Restarting Mongo server
[2024-10-08 12:50:09] - [ERROR] => MongoDB connection error => bad auth : Authentication failed.
[2024-10-08 12:50:11] - [ERROR] => Restarting Mongo server
[2024-10-08 12:50:13] - [ERROR] => MongoDB connection error => bad auth : Authentication failed.
[2024-10-08 12:50:15] - [ERROR] => Restarting Mongo server
[2024-10-08 12:50:16] - [ERROR] => MongoDB connection error => bad auth : Authentication failed.
[2024-10-08 12:50:18] - [ERROR] => Restarting Mongo server
[2024-10-08 12:50:20] - [ERROR] => MongoDB connection error => bad auth : Authentication failed.
[2024-10-08 12:50:22] - [ERROR] => Restarting Mongo server
[2024-10-08 12:50:24] - [ERROR] => MongoDB connection error => bad auth : Authentication failed.
[2024-10-08 12:50:26] - [ERROR] => Restarting Mongo server
[2024-10-08 12:50:28] - [ERROR] => MongoDB connection error => bad auth : Authentication failed.
[2024-10-08 12:50:30] - [ERROR] => Restarting Mongo server
[2024-10-08 12:50:32] - [ERROR] => MongoDB connection error => bad auth : Authentication failed.
[2024-10-08 12:50:34] - [ERROR] => Restarting Mongo server
[2024-10-08 12:50:35] - [ERROR] => MongoDB connection error => bad auth : Authentication failed.
[2024-10-08 12:50:37] - [ERROR] => Restarting Mongo server
[2024-10-08 12:50:39] - [ERROR] => MongoDB connection error => bad auth : Authentication failed.
[2024-10-08 12:50:41] - [ERROR] => Restarting Mongo server
[2024-10-08 12:50:43] - [ERROR] => MongoDB connection error => bad auth : Authentication failed.
[2024-10-08 12:50:45] - [ERROR] => Restarting Mongo server
[2024-10-08 12:50:47] - [ERROR] => MongoDB connection error => bad auth : Authentication failed.
[2024-10-08 12:50:49] - [ERROR] => Restarting Mongo server
[2024-10-08 12:50:51] - [ERROR] => MongoDB connection error => bad auth : Authentication failed.
[2024-10-08 12:50:53] - [ERROR] => Restarting Mongo server
[2024-10-08 12:50:54] - [ERROR] => MongoDB connection error => bad auth : Authentication failed.
[2024-10-08 12:50:56] - [ERROR] => Restarting Mongo server
[2024-10-08 12:50:58] - [ERROR] => MongoDB connection error => bad auth : Authentication failed.
[2024-10-08 12:51:00] - [ERROR] => Restarting Mongo server
[2024-10-08 12:51:02] - [ERROR] => MongoDB connection error => bad auth : Authentication failed.
[2024-10-08 12:51:04] - [ERROR] => Restarting Mongo server
[2024-10-08 12:51:06] - [ERROR] => MongoDB connection error => bad auth : Authentication failed.
[2024-10-08 12:51:08] - [ERROR] => Restarting Mongo server
[2024-10-08 12:51:10] - [ERROR] => MongoDB connection error => bad auth : Authentication failed.
[2024-10-08 12:51:12] - [ERROR] => Restarting Mongo server
[2024-10-08 12:51:14] - [ERROR] => MongoDB connection error => bad auth : Authentication failed.
[2024-10-08 12:51:16] - [ERROR] => Restarting Mongo server
[2024-10-08 12:51:18] - [ERROR] => MongoDB connection error => bad auth : Authentication failed.
[2024-10-08 12:51:20] - [ERROR] => Restarting Mongo server
[2024-10-08 12:51:21] - [ERROR] => MongoDB connection error => bad auth : Authentication failed.
[2024-10-08 12:51:23] - [ERROR] => Restarting Mongo server
[2024-10-08 12:51:25] - [ERROR] => MongoDB connection error => bad auth : Authentication failed.
[2024-10-08 12:51:27] - [ERROR] => Restarting Mongo server
[2024-10-08 12:51:29] - [ERROR] => MongoDB connection error => bad auth : Authentication failed.
[2024-10-08 12:51:31] - [ERROR] => Restarting Mongo server
[2024-10-08 12:51:33] - [ERROR] => MongoDB connection error => bad auth : Authentication failed.
[2024-10-08 12:51:35] - [ERROR] => Restarting Mongo server
[2024-10-08 12:51:37] - [ERROR] => MongoDB connection error => bad auth : Authentication failed.
[2024-10-08 12:51:39] - [ERROR] => Restarting Mongo server
[2024-10-08 12:51:41] - [ERROR] => MongoDB connection error => bad auth : Authentication failed.
[2024-10-08 12:51:43] - [ERROR] => Restarting Mongo server
[2024-10-08 12:51:45] - [ERROR] => MongoDB connection error => bad auth : Authentication failed.
[2024-10-08 12:51:47] - [ERROR] => Restarting Mongo server
[2024-10-08 12:51:48] - [ERROR] => MongoDB connection error => bad auth : Authentication failed.
[2024-10-08 12:51:50] - [ERROR] => Restarting Mongo server
[2024-10-08 12:51:52] - [ERROR] => MongoDB connection error => bad auth : Authentication failed.
[2024-10-08 12:51:54] - [ERROR] => Restarting Mongo server
[2024-10-08 12:51:56] - [ERROR] => MongoDB connection error => bad auth : Authentication failed.
[2024-10-08 12:51:58] - [ERROR] => Restarting Mongo server
[2024-10-08 12:52:00] - [ERROR] => MongoDB connection error => bad auth : Authentication failed.
[2024-10-08 12:52:02] - [ERROR] => Restarting Mongo server
[2024-10-08 12:52:04] - [ERROR] => MongoDB connection error => bad auth : Authentication failed.
[2024-10-08 12:52:06] - [ERROR] => Restarting Mongo server
[2024-10-08 12:52:08] - [ERROR] => MongoDB connection error => bad auth : Authentication failed.
[2024-10-08 12:52:10] - [ERROR] => Restarting Mongo server
[2024-10-08 12:52:12] - [ERROR] => MongoDB connection error => bad auth : Authentication failed.
[2024-10-08 12:52:14] - [ERROR] => Restarting Mongo server
[2024-10-08 12:52:16] - [ERROR] => MongoDB connection error => bad auth : Authentication failed.
[2024-10-08 12:52:18] - [ERROR] => Restarting Mongo server
[2024-10-08 12:52:19] - [ERROR] => MongoDB connection error => bad auth : Authentication failed.
[2024-10-08 12:52:21] - [ERROR] => Restarting Mongo server
[2024-10-08 12:52:23] - [ERROR] => MongoDB connection error => bad auth : Authentication failed.
[2024-10-08 12:52:25] - [ERROR] => Restarting Mongo server
[2024-10-08 12:52:27] - [ERROR] => MongoDB connection error => bad auth : Authentication failed.
[2024-10-08 12:52:29] - [ERROR] => Restarting Mongo server
[2024-10-08 12:52:31] - [ERROR] => MongoDB connection error => bad auth : Authentication failed.
[2024-10-08 12:52:33] - [ERROR] => Restarting Mongo server
[2024-10-08 12:52:35] - [ERROR] => MongoDB connection error => bad auth : Authentication failed.
[2024-10-08 12:52:37] - [ERROR] => Restarting Mongo server
[2024-10-08 12:52:39] - [ERROR] => MongoDB connection error => bad auth : Authentication failed.
[2024-10-08 12:52:41] - [ERROR] => Restarting Mongo server
[2024-10-08 12:52:42] - [ERROR] => MongoDB connection error => bad auth : Authentication failed.
[2024-10-08 12:52:44] - [ERROR] => Restarting Mongo server
[2024-10-08 12:52:46] - [ERROR] => MongoDB connection error => bad auth : Authentication failed.
[2024-10-08 12:52:48] - [ERROR] => Restarting Mongo server
[2024-10-08 12:52:50] - [ERROR] => MongoDB connection error => bad auth : Authentication failed.
[2024-10-08 12:52:52] - [ERROR] => Restarting Mongo server
[2024-10-08 12:52:54] - [ERROR] => MongoDB connection error => bad auth : Authentication failed.
[2024-10-08 12:52:56] - [ERROR] => Restarting Mongo server
[2024-10-08 12:52:58] - [ERROR] => MongoDB connection error => bad auth : Authentication failed.
[2024-10-08 12:53:00] - [ERROR] => Restarting Mongo server
[2024-10-08 12:53:02] - [ERROR] => MongoDB connection error => bad auth : Authentication failed.
[2024-10-08 12:53:04] - [ERROR] => Restarting Mongo server
[2024-10-08 12:53:06] - [ERROR] => MongoDB connection error => bad auth : Authentication failed.
[2024-10-08 12:53:08] - [ERROR] => Restarting Mongo server
[2024-10-08 12:53:10] - [ERROR] => MongoDB connection error => bad auth : Authentication failed.
[2024-10-08 12:53:12] - [ERROR] => Restarting Mongo server
[2024-10-08 12:53:14] - [ERROR] => MongoDB connection error => bad auth : Authentication failed.
[2024-10-08 12:53:16] - [ERROR] => Restarting Mongo server
[2024-10-08 12:53:18] - [ERROR] => MongoDB connection error => bad auth : Authentication failed.
[2024-10-08 12:53:20] - [ERROR] => Restarting Mongo server
[2024-10-08 12:53:22] - [ERROR] => MongoDB connection error => bad auth : Authentication failed.
[2024-10-08 12:53:24] - [ERROR] => Restarting Mongo server
[2024-10-08 12:53:26] - [ERROR] => MongoDB connection error => bad auth : Authentication failed.
[2024-10-08 12:53:28] - [ERROR] => Restarting Mongo server
[2024-10-08 12:53:30] - [ERROR] => MongoDB connection error => bad auth : Authentication failed.
[2024-10-08 12:53:32] - [ERROR] => Restarting Mongo server
[2024-10-08 12:53:33] - [ERROR] => MongoDB connection error => bad auth : Authentication failed.
[2024-10-08 12:53:35] - [ERROR] => Restarting Mongo server
[2024-10-08 12:53:37] - [ERROR] => MongoDB connection error => bad auth : Authentication failed.
[2024-10-08 12:53:39] - [ERROR] => Restarting Mongo server
[2024-10-08 12:53:41] - [ERROR] => MongoDB connection error => bad auth : Authentication failed.
[2024-10-08 12:53:43] - [ERROR] => Restarting Mongo server
[2024-10-08 12:53:45] - [ERROR] => MongoDB connection error => bad auth : Authentication failed.
[2024-10-08 12:53:47] - [ERROR] => Restarting Mongo server
[2024-10-08 12:53:49] - [ERROR] => MongoDB connection error => bad auth : Authentication failed.
[2024-10-08 12:53:51] - [ERROR] => Restarting Mongo server
[2024-10-08 12:53:53] - [ERROR] => MongoDB connection error => bad auth : Authentication failed.
[2024-10-08 12:53:55] - [ERROR] => Restarting Mongo server
[2024-10-08 12:53:57] - [ERROR] => MongoDB connection error => bad auth : Authentication failed.
[2024-10-08 12:53:59] - [ERROR] => Restarting Mongo server
[2024-10-08 12:54:01] - [ERROR] => MongoDB connection error => bad auth : Authentication failed.
[2024-10-08 12:54:03] - [ERROR] => Restarting Mongo server
[2024-10-08 12:54:04] - [ERROR] => MongoDB connection error => bad auth : Authentication failed.
[2024-10-08 12:54:06] - [ERROR] => Restarting Mongo server
[2024-10-08 12:54:08] - [ERROR] => MongoDB connection error => bad auth : Authentication failed.
[2024-10-08 12:54:10] - [ERROR] => Restarting Mongo server
[2024-10-08 12:54:12] - [ERROR] => MongoDB connection error => bad auth : Authentication failed.
[2024-10-08 12:54:14] - [ERROR] => Restarting Mongo server
[2024-10-08 12:54:16] - [ERROR] => MongoDB connection error => bad auth : Authentication failed.
[2024-10-08 12:54:18] - [ERROR] => Restarting Mongo server
[2024-10-08 12:54:20] - [ERROR] => MongoDB connection error => bad auth : Authentication failed.
[2024-10-08 12:54:22] - [ERROR] => Restarting Mongo server
[2024-10-08 12:54:24] - [ERROR] => MongoDB connection error => bad auth : Authentication failed.
[2024-10-08 12:54:26] - [ERROR] => Restarting Mongo server
[2024-10-08 12:54:33] - [ERROR] => MongoDB connection error => bad auth : Authentication failed.
[2024-10-08 12:54:35] - [ERROR] => Restarting Mongo server
[2024-10-08 12:54:36] - [ERROR] => MongoDB connection error => bad auth : Authentication failed.
[2024-10-08 12:54:38] - [ERROR] => Restarting Mongo server
[2024-10-08 12:54:40] - [ERROR] => MongoDB connection error => bad auth : Authentication failed.
[2024-10-08 12:54:42] - [ERROR] => Restarting Mongo server
[2024-10-08 12:54:44] - [ERROR] => MongoDB connection error => bad auth : Authentication failed.
[2024-10-08 12:54:46] - [ERROR] => Restarting Mongo server
[2024-10-08 12:54:48] - [ERROR] => MongoDB connection error => bad auth : Authentication failed.
[2024-10-08 12:54:50] - [ERROR] => Restarting Mongo server
[2024-10-08 12:54:52] - [ERROR] => MongoDB connection error => bad auth : Authentication failed.
[2024-10-08 12:54:54] - [ERROR] => Restarting Mongo server
[2024-10-08 12:54:56] - [ERROR] => MongoDB connection error => bad auth : Authentication failed.
[2024-10-08 12:54:58] - [ERROR] => Restarting Mongo server
[2024-10-08 12:55:00] - [ERROR] => MongoDB connection error => bad auth : Authentication failed.
[2024-10-08 12:55:02] - [ERROR] => Restarting Mongo server
[2024-10-08 12:55:04] - [ERROR] => MongoDB connection error => bad auth : Authentication failed.
[2024-10-08 12:55:06] - [ERROR] => Restarting Mongo server
[2024-10-08 12:55:07] - [ERROR] => MongoDB connection error => bad auth : Authentication failed.
[2024-10-08 12:55:09] - [ERROR] => Restarting Mongo server
[2024-10-08 12:55:11] - [ERROR] => MongoDB connection error => bad auth : Authentication failed.
[2024-10-08 12:55:13] - [ERROR] => Restarting Mongo server
[2024-10-08 12:55:15] - [ERROR] => MongoDB connection error => bad auth : Authentication failed.
[2024-10-08 12:55:17] - [ERROR] => Restarting Mongo server
[2024-10-08 12:55:19] - [ERROR] => MongoDB connection error => bad auth : Authentication failed.
[2024-10-08 12:55:21] - [ERROR] => Restarting Mongo server
[2024-10-08 12:55:23] - [ERROR] => MongoDB connection error => bad auth : Authentication failed.
[2024-10-08 12:55:25] - [ERROR] => Restarting Mongo server
[2024-10-08 12:55:27] - [ERROR] => MongoDB connection error => bad auth : Authentication failed.
[2024-10-08 12:55:29] - [ERROR] => Restarting Mongo server
[2024-10-08 12:55:31] - [ERROR] => MongoDB connection error => bad auth : Authentication failed.
[2024-10-08 12:55:33] - [ERROR] => Restarting Mongo server
[2024-10-08 12:55:35] - [ERROR] => MongoDB connection error => bad auth : Authentication failed.
[2024-10-08 12:55:37] - [ERROR] => Restarting Mongo server
[2024-10-08 12:55:39] - [ERROR] => MongoDB connection error => bad auth : Authentication failed.
[2024-10-08 12:55:41] - [ERROR] => Restarting Mongo server
[2024-10-08 12:55:42] - [ERROR] => MongoDB connection error => bad auth : Authentication failed.
[2024-10-08 12:55:44] - [ERROR] => Restarting Mongo server
[2024-10-08 12:55:46] - [ERROR] => MongoDB connection error => bad auth : Authentication failed.
[2024-10-08 12:55:48] - [ERROR] => Restarting Mongo server
[2024-10-08 12:55:50] - [ERROR] => MongoDB connection error => bad auth : Authentication failed.
[2024-10-08 12:55:52] - [ERROR] => Restarting Mongo server
[2024-10-08 12:55:54] - [ERROR] => MongoDB connection error => bad auth : Authentication failed.
[2024-10-08 12:55:56] - [ERROR] => Restarting Mongo server
[2024-10-08 12:55:58] - [ERROR] => MongoDB connection error => bad auth : Authentication failed.
[2024-10-08 12:56:00] - [ERROR] => Restarting Mongo server
[2024-10-08 12:56:02] - [ERROR] => MongoDB connection error => bad auth : Authentication failed.
[2024-10-08 12:56:04] - [ERROR] => Restarting Mongo server
[2024-10-08 12:56:06] - [ERROR] => MongoDB connection error => bad auth : Authentication failed.
[2024-10-08 12:56:08] - [ERROR] => Restarting Mongo server
[2024-10-08 12:56:10] - [ERROR] => MongoDB connection error => bad auth : Authentication failed.
[2024-10-08 12:56:12] - [ERROR] => Restarting Mongo server
[2024-10-08 12:56:13] - [ERROR] => MongoDB connection error => bad auth : Authentication failed.
[2024-10-08 12:56:15] - [ERROR] => Restarting Mongo server
[2024-10-08 12:56:17] - [ERROR] => MongoDB connection error => bad auth : Authentication failed.
[2024-10-08 12:56:19] - [ERROR] => Restarting Mongo server
[2024-10-08 12:56:21] - [ERROR] => MongoDB connection error => bad auth : Authentication failed.
[2024-10-08 12:56:23] - [ERROR] => Restarting Mongo server
[2024-10-08 12:56:25] - [ERROR] => MongoDB connection error => bad auth : Authentication failed.
[2024-10-08 12:56:27] - [ERROR] => Restarting Mongo server
[2024-10-08 12:56:29] - [ERROR] => MongoDB connection error => bad auth : Authentication failed.
[2024-10-08 12:56:31] - [ERROR] => Restarting Mongo server
[2024-10-08 12:56:33] - [ERROR] => MongoDB connection error => bad auth : Authentication failed.
[2024-10-08 12:56:35] - [ERROR] => Restarting Mongo server
[2024-10-08 12:56:37] - [ERROR] => MongoDB connection error => bad auth : Authentication failed.
[2024-10-08 12:56:39] - [ERROR] => Restarting Mongo server
[2024-10-08 12:56:40] - [ERROR] => MongoDB connection error => bad auth : Authentication failed.
[2024-10-08 12:56:42] - [ERROR] => Restarting Mongo server
[2024-10-08 12:56:44] - [ERROR] => MongoDB connection error => bad auth : Authentication failed.
[2024-10-08 12:56:46] - [ERROR] => Restarting Mongo server
[2024-10-08 12:56:48] - [ERROR] => MongoDB connection error => bad auth : Authentication failed.
[2024-10-08 12:56:50] - [ERROR] => Restarting Mongo server
[2024-10-08 12:56:52] - [ERROR] => MongoDB connection error => bad auth : Authentication failed.
[2024-10-08 12:56:54] - [ERROR] => Restarting Mongo server
[2024-10-08 12:56:56] - [ERROR] => MongoDB connection error => bad auth : Authentication failed.
[2024-10-08 12:56:58] - [ERROR] => Restarting Mongo server
[2024-10-08 12:57:00] - [ERROR] => MongoDB connection error => bad auth : Authentication failed.
[2024-10-08 12:57:02] - [ERROR] => Restarting Mongo server
[2024-10-08 12:57:03] - [ERROR] => MongoDB connection error => bad auth : Authentication failed.
[2024-10-08 12:57:05] - [ERROR] => Restarting Mongo server
[2024-10-08 12:57:07] - [ERROR] => MongoDB connection error => bad auth : Authentication failed.
[2024-10-08 12:57:09] - [ERROR] => Restarting Mongo server
[2024-10-08 12:57:11] - [ERROR] => MongoDB connection error => bad auth : Authentication failed.
[2024-10-08 12:57:13] - [ERROR] => Restarting Mongo server
[2024-10-08 12:57:15] - [ERROR] => MongoDB connection error => bad auth : Authentication failed.
[2024-10-08 12:57:17] - [ERROR] => Restarting Mongo server
[2024-10-08 12:57:19] - [ERROR] => MongoDB connection error => bad auth : Authentication failed.
[2024-10-08 12:57:21] - [ERROR] => Restarting Mongo server
[2024-10-08 12:57:23] - [ERROR] => MongoDB connection error => bad auth : Authentication failed.
[2024-10-08 12:57:25] - [ERROR] => Restarting Mongo server
[2024-10-08 12:57:27] - [ERROR] => MongoDB connection error => bad auth : Authentication failed.
[2024-10-08 12:57:29] - [ERROR] => Restarting Mongo server
[2024-10-08 12:57:31] - [ERROR] => MongoDB connection error => bad auth : Authentication failed.
[2024-10-08 12:57:33] - [ERROR] => Restarting Mongo server
[2024-10-08 12:57:35] - [ERROR] => MongoDB connection error => bad auth : Authentication failed.
[2024-10-08 12:57:37] - [ERROR] => Restarting Mongo server
[2024-10-08 12:57:38] - [ERROR] => MongoDB connection error => bad auth : Authentication failed.
[2024-10-08 12:57:40] - [ERROR] => Restarting Mongo server
[2024-10-08 12:57:42] - [ERROR] => MongoDB connection error => bad auth : Authentication failed.
[2024-10-08 12:57:44] - [ERROR] => Restarting Mongo server
[2024-10-08 12:57:46] - [ERROR] => MongoDB connection error => bad auth : Authentication failed.
[2024-10-08 12:57:48] - [ERROR] => Restarting Mongo server
[2024-10-08 12:57:50] - [ERROR] => MongoDB connection error => bad auth : Authentication failed.
[2024-10-08 12:57:52] - [ERROR] => Restarting Mongo server
[2024-10-08 12:57:54] - [ERROR] => MongoDB connection error => bad auth : Authentication failed.
[2024-10-08 12:57:56] - [ERROR] => Restarting Mongo server
[2024-10-08 12:57:58] - [ERROR] => MongoDB connection error => bad auth : Authentication failed.
[2024-10-08 12:58:00] - [ERROR] => Restarting Mongo server
[2024-10-08 12:58:01] - [ERROR] => MongoDB connection error => bad auth : Authentication failed.
[2024-10-08 12:58:03] - [ERROR] => Restarting Mongo server
[2024-10-08 12:58:05] - [ERROR] => MongoDB connection error => bad auth : Authentication failed.
[2024-10-08 12:58:07] - [ERROR] => Restarting Mongo server
[2024-10-08 12:58:09] - [ERROR] => MongoDB connection error => bad auth : Authentication failed.
[2024-10-08 12:58:11] - [ERROR] => Restarting Mongo server
[2024-10-08 12:58:13] - [ERROR] => MongoDB connection error => bad auth : Authentication failed.
[2024-10-08 12:58:15] - [ERROR] => Restarting Mongo server
[2024-10-08 12:58:17] - [ERROR] => MongoDB connection error => bad auth : Authentication failed.
[2024-10-08 12:58:19] - [ERROR] => Restarting Mongo server
[2024-10-08 12:58:20] - [ERROR] => MongoDB connection error => bad auth : Authentication failed.
[2024-10-08 12:58:22] - [ERROR] => Restarting Mongo server
[2024-10-08 12:58:24] - [ERROR] => MongoDB connection error => bad auth : Authentication failed.
[2024-10-08 12:58:26] - [ERROR] => Restarting Mongo server
[2024-10-08 12:58:28] - [ERROR] => MongoDB connection error => bad auth : Authentication failed.
[2024-10-08 12:58:30] - [ERROR] => Restarting Mongo server
[2024-10-08 12:58:32] - [ERROR] => MongoDB connection error => bad auth : Authentication failed.
[2024-10-08 12:58:34] - [ERROR] => Restarting Mongo server
[2024-10-08 12:58:36] - [ERROR] => MongoDB connection error => bad auth : Authentication failed.
[2024-10-08 12:58:38] - [ERROR] => Restarting Mongo server
[2024-10-08 12:58:40] - [ERROR] => MongoDB connection error => bad auth : Authentication failed.
[2024-10-08 12:58:42] - [ERROR] => Restarting Mongo server
[2024-10-08 12:58:46] - [ERROR] => MongoDB connection error => bad auth : Authentication failed.
[2024-10-08 12:58:48] - [ERROR] => Restarting Mongo server
[2024-10-08 12:58:50] - [ERROR] => MongoDB connection error => bad auth : Authentication failed.
[2024-10-08 12:58:52] - [ERROR] => Restarting Mongo server
[2024-10-08 12:58:53] - [ERROR] => MongoDB connection error => bad auth : Authentication failed.
[2024-10-08 12:58:55] - [ERROR] => Restarting Mongo server
[2024-10-08 12:58:58] - [ERROR] => MongoDB connection error => bad auth : Authentication failed.
[2024-10-08 12:59:00] - [ERROR] => Restarting Mongo server
[2024-10-08 12:59:08] - [ERROR] => MongoDB connection error => bad auth : Authentication failed.
[2024-10-08 12:59:10] - [ERROR] => Restarting Mongo server
[2024-10-08 12:59:11] - [ERROR] => MongoDB connection error => bad auth : Authentication failed.
[2024-10-08 12:59:13] - [ERROR] => Restarting Mongo server
[2024-10-08 12:59:15] - [ERROR] => MongoDB connection error => bad auth : Authentication failed.
[2024-10-08 12:59:17] - [ERROR] => Restarting Mongo server
[2024-10-08 12:59:19] - [ERROR] => MongoDB connection error => bad auth : Authentication failed.
[2024-10-08 12:59:21] - [ERROR] => Restarting Mongo server
[2024-10-08 12:59:23] - [ERROR] => MongoDB connection error => bad auth : Authentication failed.
[2024-10-08 12:59:25] - [ERROR] => Restarting Mongo server
[2024-10-08 12:59:27] - [ERROR] => MongoDB connection error => bad auth : Authentication failed.
[2024-10-08 12:59:29] - [ERROR] => Restarting Mongo server
[2024-10-08 12:59:31] - [ERROR] => MongoDB connection error => bad auth : Authentication failed.
[2024-10-08 12:59:33] - [ERROR] => Restarting Mongo server
[2024-10-08 12:59:35] - [ERROR] => MongoDB connection error => bad auth : Authentication failed.
[2024-10-08 12:59:37] - [ERROR] => Restarting Mongo server
[2024-10-08 12:59:39] - [ERROR] => MongoDB connection error => bad auth : Authentication failed.
[2024-10-08 12:59:41] - [ERROR] => Restarting Mongo server
[2024-10-08 12:59:43] - [ERROR] => MongoDB connection error => bad auth : Authentication failed.
[2024-10-08 12:59:45] - [ERROR] => Restarting Mongo server
[2024-10-08 12:59:47] - [ERROR] => MongoDB connection error => bad auth : Authentication failed.
[2024-10-08 12:59:49] - [ERROR] => Restarting Mongo server
[2024-10-08 12:59:51] - [ERROR] => MongoDB connection error => bad auth : Authentication failed.
[2024-10-08 12:59:53] - [ERROR] => Restarting Mongo server
[2024-10-08 12:59:55] - [ERROR] => MongoDB connection error => bad auth : Authentication failed.
[2024-10-08 12:59:57] - [ERROR] => Restarting Mongo server
[2024-10-08 12:59:59] - [ERROR] => MongoDB connection error => bad auth : Authentication failed.
[2024-10-08 13:00:01] - [ERROR] => Restarting Mongo server
[2024-10-08 13:00:03] - [ERROR] => MongoDB connection error => bad auth : Authentication failed.
[2024-10-08 13:00:05] - [ERROR] => Restarting Mongo server
[2024-10-08 13:00:07] - [ERROR] => MongoDB connection error => bad auth : Authentication failed.
[2024-10-08 13:00:09] - [ERROR] => Restarting Mongo server
[2024-10-08 13:00:10] - [ERROR] => MongoDB connection error => bad auth : Authentication failed.
[2024-10-08 13:00:12] - [ERROR] => Restarting Mongo server
[2024-10-08 13:00:14] - [ERROR] => MongoDB connection error => bad auth : Authentication failed.
[2024-10-08 13:00:16] - [ERROR] => Restarting Mongo server
[2024-10-08 13:00:18] - [ERROR] => MongoDB connection error => bad auth : Authentication failed.
[2024-10-08 13:00:20] - [ERROR] => Restarting Mongo server
[2024-10-08 13:00:22] - [ERROR] => MongoDB connection error => bad auth : Authentication failed.
[2024-10-08 13:00:24] - [ERROR] => Restarting Mongo server
[2024-10-08 13:00:26] - [ERROR] => MongoDB connection error => bad auth : Authentication failed.
[2024-10-08 13:00:28] - [ERROR] => Restarting Mongo server
[2024-10-08 13:00:30] - [ERROR] => MongoDB connection error => bad auth : Authentication failed.
[2024-10-08 13:00:32] - [ERROR] => Restarting Mongo server
[2024-10-08 13:00:34] - [ERROR] => MongoDB connection error => bad auth : Authentication failed.
[2024-10-08 13:00:36] - [ERROR] => Restarting Mongo server
[2024-10-08 13:00:38] - [ERROR] => MongoDB connection error => bad auth : Authentication failed.
[2024-10-08 13:00:40] - [ERROR] => Restarting Mongo server
[2024-10-08 13:00:42] - [ERROR] => MongoDB connection error => bad auth : Authentication failed.
[2024-10-08 13:00:44] - [ERROR] => Restarting Mongo server
[2024-10-08 13:00:46] - [ERROR] => MongoDB connection error => bad auth : Authentication failed.
[2024-10-08 13:00:48] - [ERROR] => Restarting Mongo server
[2024-10-08 13:00:50] - [ERROR] => MongoDB connection error => bad auth : Authentication failed.
[2024-10-08 13:00:52] - [ERROR] => Restarting Mongo server
[2024-10-08 13:00:53] - [ERROR] => MongoDB connection error => bad auth : Authentication failed.
[2024-10-08 13:00:55] - [ERROR] => Restarting Mongo server
[2024-10-08 13:00:57] - [ERROR] => MongoDB connection error => bad auth : Authentication failed.
[2024-10-08 13:00:59] - [ERROR] => Restarting Mongo server
[2024-10-08 13:01:01] - [ERROR] => MongoDB connection error => bad auth : Authentication failed.
[2024-10-08 13:01:03] - [ERROR] => Restarting Mongo server
[2024-10-08 13:01:05] - [ERROR] => MongoDB connection error => bad auth : Authentication failed.
[2024-10-08 13:01:07] - [ERROR] => Restarting Mongo server
[2024-10-08 13:01:09] - [ERROR] => MongoDB connection error => bad auth : Authentication failed.
[2024-10-08 13:01:11] - [ERROR] => Restarting Mongo server
[2024-10-08 13:01:12] - [ERROR] => MongoDB connection error => bad auth : Authentication failed.
[2024-10-08 13:01:14] - [ERROR] => Restarting Mongo server
[2024-10-08 13:01:16] - [ERROR] => MongoDB connection error => bad auth : Authentication failed.
[2024-10-08 13:01:18] - [ERROR] => Restarting Mongo server
[2024-10-08 13:01:20] - [ERROR] => MongoDB connection error => bad auth : Authentication failed.
[2024-10-08 13:01:22] - [ERROR] => Restarting Mongo server
[2024-10-08 13:01:24] - [ERROR] => MongoDB connection error => bad auth : Authentication failed.
[2024-10-08 13:01:26] - [ERROR] => Restarting Mongo server
[2024-10-08 13:01:28] - [ERROR] => MongoDB connection error => bad auth : Authentication failed.
[2024-10-08 13:01:30] - [ERROR] => Restarting Mongo server
[2024-10-08 13:01:32] - [ERROR] => MongoDB connection error => bad auth : Authentication failed.
[2024-10-08 13:01:34] - [ERROR] => Restarting Mongo server
[2024-10-08 13:01:36] - [ERROR] => MongoDB connection error => bad auth : Authentication failed.
[2024-10-08 13:01:38] - [ERROR] => Restarting Mongo server
[2024-10-08 13:01:40] - [ERROR] => MongoDB connection error => bad auth : Authentication failed.
[2024-10-08 13:01:42] - [ERROR] => Restarting Mongo server
[2024-10-08 13:01:43] - [ERROR] => MongoDB connection error => bad auth : Authentication failed.
[2024-10-08 13:01:45] - [ERROR] => Restarting Mongo server
[2024-10-08 13:01:47] - [ERROR] => MongoDB connection error => bad auth : Authentication failed.
[2024-10-08 13:01:49] - [ERROR] => Restarting Mongo server
[2024-10-08 13:01:51] - [ERROR] => MongoDB connection error => bad auth : Authentication failed.
[2024-10-08 13:01:53] - [ERROR] => Restarting Mongo server
[2024-10-08 13:01:55] - [ERROR] => MongoDB connection error => bad auth : Authentication failed.
[2024-10-08 13:01:57] - [ERROR] => Restarting Mongo server
[2024-10-08 13:01:59] - [ERROR] => MongoDB connection error => bad auth : Authentication failed.
[2024-10-08 13:02:01] - [ERROR] => Restarting Mongo server
[2024-10-08 13:02:03] - [ERROR] => MongoDB connection error => bad auth : Authentication failed.
[2024-10-08 13:02:05] - [ERROR] => Restarting Mongo server
[2024-10-08 13:02:06] - [ERROR] => MongoDB connection error => bad auth : Authentication failed.
[2024-10-08 13:02:08] - [ERROR] => Restarting Mongo server
[2024-10-08 13:02:10] - [ERROR] => MongoDB connection error => bad auth : Authentication failed.
[2024-10-08 13:02:12] - [ERROR] => Restarting Mongo server
[2024-10-08 13:02:14] - [ERROR] => MongoDB connection error => bad auth : Authentication failed.
[2024-10-08 13:02:16] - [ERROR] => Restarting Mongo server
[2024-10-08 13:02:18] - [ERROR] => MongoDB connection error => bad auth : Authentication failed.
[2024-10-08 13:02:20] - [ERROR] => Restarting Mongo server
[2024-10-08 13:02:22] - [ERROR] => MongoDB connection error => bad auth : Authentication failed.
[2024-10-08 13:02:24] - [ERROR] => Restarting Mongo server
[2024-10-08 13:02:25] - [ERROR] => MongoDB connection error => bad auth : Authentication failed.
[2024-10-08 13:02:27] - [ERROR] => Restarting Mongo server
[2024-10-08 13:02:29] - [ERROR] => MongoDB connection error => bad auth : Authentication failed.
[2024-10-08 13:02:31] - [ERROR] => Restarting Mongo server
[2024-10-08 13:02:33] - [ERROR] => MongoDB connection error => bad auth : Authentication failed.
[2024-10-08 13:02:35] - [ERROR] => Restarting Mongo server
[2024-10-08 13:02:37] - [ERROR] => MongoDB connection error => bad auth : Authentication failed.
[2024-10-08 13:02:39] - [ERROR] => Restarting Mongo server
[2024-10-08 13:02:41] - [ERROR] => MongoDB connection error => bad auth : Authentication failed.
[2024-10-08 13:02:43] - [ERROR] => Restarting Mongo server
[2024-10-08 13:02:45] - [ERROR] => MongoDB connection error => bad auth : Authentication failed.
[2024-10-08 13:02:47] - [ERROR] => Restarting Mongo server
[2024-10-08 13:02:49] - [ERROR] => MongoDB connection error => bad auth : Authentication failed.
[2024-10-08 13:02:51] - [ERROR] => Restarting Mongo server
[2024-10-08 13:02:53] - [ERROR] => MongoDB connection error => bad auth : Authentication failed.
[2024-10-08 13:02:55] - [ERROR] => Restarting Mongo server
[2024-10-08 13:02:57] - [ERROR] => MongoDB connection error => bad auth : Authentication failed.
[2024-10-08 13:02:59] - [ERROR] => Restarting Mongo server
[2024-10-08 13:03:00] - [ERROR] => MongoDB connection error => bad auth : Authentication failed.
[2024-10-08 13:03:02] - [ERROR] => Restarting Mongo server
[2024-10-08 13:03:04] - [ERROR] => MongoDB connection error => bad auth : Authentication failed.
[2024-10-08 13:03:06] - [ERROR] => Restarting Mongo server
[2024-10-08 13:03:08] - [ERROR] => MongoDB connection error => bad auth : Authentication failed.
[2024-10-08 13:03:10] - [ERROR] => Restarting Mongo server
[2024-10-08 13:03:12] - [ERROR] => MongoDB connection error => bad auth : Authentication failed.
[2024-10-08 13:03:14] - [ERROR] => Restarting Mongo server
[2024-10-08 13:03:16] - [ERROR] => MongoDB connection error => bad auth : Authentication failed.
[2024-10-08 13:03:18] - [ERROR] => Restarting Mongo server
[2024-10-08 13:03:19] - [ERROR] => MongoDB connection error => bad auth : Authentication failed.
[2026-08-22 13:50:23] - [INFO] => Server is running on port 4000
[2026-08-22 13:50:26] - [ERROR] => RedisDB connection error => Error: getaddrinfo ENOTFOUND redis
[2026-08-22 13:50:30] - [ERROR] => MongoDB connection error => querySrv ENOTFOUND _mongodb._tcp.testcluster.urrgt.mongodb.net
[2026-08-22 13:50:32] - [ERROR] => Restarting Mongo server
[2026-08-22 13:50:32] - [ERROR] => MongoDB connection error => querySrv ENOTFOUND _mongodb._tcp.testcluster.urrgt.mongodb.net
[2026-08-22 13:50:34] - [ERROR] => Restarting Mongo server
[2026-08-22 13:50:34] - [ERROR] => MongoDB connection error => querySrv ENOTFOUND _mongodb._tcp.testcluster.urrgt.mongodb.net
[2026-08-22 13:50:36] - [ERROR] => Restarting Mongo server
[2026-08-22 13:50:36] - [ERROR] => MongoDB connection error => querySrv ENOTFOUND _mongodb._tcp.testcluster.urrgt.mongodb.net
[2026-08-22 13:50:38] - [ERROR] => Restarting Mongo server
[2026-08-22 13:50:38] - [ERROR] => MongoDB connection error => querySrv ENOTFOUND _mongodb._tcp.testcluster.urrgt.mongodb.net
[2026-08-22 13:50:40] - [ERROR] => Restarting Mongo server
[2026-08-22 13:50:40] - [ERROR] => MongoDB connection error => querySrv ENOTFOUND _mongodb._tcp.testcluster.urrgt.mongodb.net
[2026-08-22 13:50:42] - [ERROR] => Restarting Mongo server
[2026-08-22 13:50:42] - [ERROR] => MongoDB connection error => querySrv ENOTFOUND _mongodb._tcp.testcluster.urrgt.mongodb.net
[2026-08-22 13:50:44] - [ERROR] => Restarting Mongo server
[2026-08-22 13:50:44] - [ERROR] => MongoDB connection error => querySrv ENOTFOUND _mongodb._tcp.testcluster.urrgt.mongodb.net
[2026-08-22 13:50:46] - [ERROR] => Restarting Mongo server
[2026-08-22 13:50:46] - [ERROR] => MongoDB connection error => querySrv ENOTFOUND _mongodb._tcp.testcluster.urrgt.mongodb.net
[2026-08-22 13:50:48] - [ERROR] => Restarting Mongo server
[2026-08-22 13:50:48] - [ERROR] => MongoDB connection error => querySrv ENOTFOUND _mongodb._tcp.testcluster.urrgt.mongodb.net
[2026-08-22 13:50:50] - [ERROR] => Restarting Mongo server
[2026-08-22 13:50:50] - [ERROR] => MongoDB connection error => querySrv ENOTFOUND _mongodb._tcp.testcluster.urrgt.mongodb.net
[2026-08-22 13:50:52] - [ERROR] => Restarting Mongo server
[2026-08-22 13:50:52] - [ERROR] => MongoDB connection error => querySrv ENOTFOUND _mongodb._tcp.testcluster.urrgt.mongodb.net
[2026-08-22 13:50:54] - [ERROR] => Restarting Mongo server
[2026-08-22 13:50:54] - [ERROR] => MongoDB connection error => querySrv ENOTFOUND _mongodb._tcp.testcluster.urrgt.mongodb.net
[2026-08-22 13:50:56] - [ERROR] => Restarting Mongo server
[2026-08-22 13:50:56] - [ERROR] => MongoDB connection error => querySrv ENOTFOUND _mongodb._tcp.testcluster.urrgt.mongodb.net
[2026-08-22 13:50:58] - [ERROR] => Restarting Mongo server
[2026-08-22 13:50:58] - [ERROR] => MongoDB connection error => querySrv ENOTFOUND _mongodb._tcp.testcluster.urrgt.mongodb.net
[2026-08-22 13:51:00] - [ERROR] => Restarting Mongo server
[2026-08-22 13:51:00] - [ERROR] => MongoDB connection error => querySrv ENOTFOUND _mongodb._tcp.testcluster.urrgt.mongodb.net
[2026-08-22 13:51:02] - [ERROR] => Restarting Mongo server
[2026-08-22 13:51:02] - [ERROR] => MongoDB connection error => querySrv ENOTFOUND _mongodb._tcp.testcluster.urrgt.mongodb.net
[2026-08-22 13:51:04] - [ERROR] => Restarting Mongo server
[2026-08-22 13:51:04] - [ERROR] => MongoDB connection error => querySrv ENOTFOUND _mongodb._tcp.testcluster.urrgt.mongodb.net
[2026-08-22 13:51:06] - [ERROR] => Restarting Mongo server
[2026-08-22 13:51:06] - [ERROR] => MongoDB connection error => querySrv ENOTFOUND _mongodb._tcp.testcluster.urrgt.mongodb.net
[2026-08-22 13:51:08] - [ERROR] => Restarting Mongo server
[2026-08-22 13:51:08] - [ERROR] => MongoDB connection error => querySrv ENOTFOUND _mongodb._tcp.testcluster.urrgt.mongodb.net
[2026-08-22 13:51:10] - [ERROR] => Restarting Mongo server
[2026-08-22 13:51:10] - [ERROR] => MongoDB connection error => querySrv ENOTFOUND _mongodb._tcp.testcluster.urrgt.mongodb.net
[2026-08-22 13:51:12] - [ERROR] => Restarting Mongo server
[2026-08-22 13:51:12] - [ERROR] => MongoDB connection error => querySrv ENOTFOUND _mongodb._tcp.testcluster.urrgt.mongodb.net
[2026-08-22 13:51:14] - [ERROR] => Restarting Mongo server
[2026-08-22 13:51:14] - [ERROR] => MongoDB connection error => querySrv ENOTFOUND _mongodb._tcp.testcluster.urrgt.mongodb.net
[2026-08-22 13:51:16] - [ERROR] => Restarting Mongo server
[2026-08-22 13:51:16] - [ERROR] => MongoDB connection error => querySrv ENOTFOUND _mongodb._tcp.testcluster.urrgt.mongodb.net
[2026-08-22 13:51:18] - [ERROR] => Restarting Mongo server
[2026-08-22 13:51:18] - [ERROR] => MongoDB connection error => querySrv ENOTFOUND _mongodb._tcp.testcluster.urrgt.mongodb.net
[2026-08-22 13:51:20] - [ERROR] => Restarting Mongo server
[2026-08-22 13:51:20] - [ERROR] => MongoDB connection error => querySrv ENOTFOUND _mongodb._tcp.testcluster.urrgt.mongodb.net
[2026-08-22 13:51:22] - [ERROR] => Restarting Mongo server
[2026-08-22 13:51:22] - [ERROR] => MongoDB connection error => querySrv ENOTFOUND _mongodb._tcp.testcluster.urrgt.mongodb.net
[2026-08-22 13:51:24] - [ERROR] => Restarting Mongo server
[2026-08-22 13:51:24] - [ERROR] => MongoDB connection error => querySrv ENOTFOUND _mongodb._tcp.testcluster.urrgt.mongodb.net
[2026-08-22 13:51:26] - [ERROR] => Restarting Mongo server
[2026-08-22 13:51:26] - [ERROR] => MongoDB connection error => querySrv ENOTFOUND _mongodb._tcp.testcluster.urrgt.mongodb.net
[2026-08-22 13:51:28] - [ERROR] => Restarting Mongo server
[2026-08-22 13:51:28] - [ERROR] => MongoDB connection error => querySrv ENOTFOUND _mongodb._tcp.testcluster.urrgt.mongodb.net
[2026-08-22 13:51:30] - [ERROR] => Restarting Mongo server
[2026-08-22 13:51:31] - [ERROR] => MongoDB connection error => querySrv ENOTFOUND _mongodb._tcp.testcluster.urrgt.mongodb.net
[2026-08-22 13:51:33] - [ERROR] => Restarting Mongo server
[2026-08-22 13:51:33] - [ERROR] => MongoDB connection error => querySrv ENOTFOUND _mongodb._tcp.testcluster.urrgt.mongodb.net
[2026-08-22 13:51:35] - [ERROR] => Restarting Mongo server
[2026-08-22 13:51:35] - [ERROR] => MongoDB connection error => querySrv ENOTFOUND _mongodb._tcp.testcluster.urrgt.mongodb.net
[2026-08-22 13:51:37] - [ERROR] => Restarting Mongo server
[2026-08-22 13:51:37] - [ERROR] => MongoDB connection error => querySrv ENOTFOUND _mongodb._tcp.testcluster.urrgt.mongodb.net
[2026-08-22 13:51:39] - [ERROR] => Restarting Mongo server
[2026-08-22 13:51:39] - [ERROR] => MongoDB connection error => querySrv ENOTFOUND _mongodb._tcp.testcluster.urrgt.mongodb.net
[2026-08-22 13:51:41] - [ERROR] => Restarting Mongo server
[2026-08-22 13:51:41] - [ERROR] => MongoDB connection error => querySrv ENOTFOUND _mongodb._tcp.testcluster.urrgt.mongodb.net
[2026-08-22 13:51:43] - [ERROR] => Restarting Mongo server
[2026-08-22 13:51:43] - [ERROR] => MongoDB connection error => querySrv ENOTFOUND _mongodb._tcp.testcluster.urrgt.mongodb.net
[2026-08-22 13:51:45] - [ERROR] => Restarting Mongo server
[2026-08-22 13:51:45] - [ERROR] => MongoDB connection error => querySrv ENOTFOUND _mongodb._tcp.testcluster.urrgt.mongodb.net
[2026-08-22 13:51:47] - [ERROR] => Restarting Mongo server
[2026-08-22 13:51:47] - [ERROR] => MongoDB connection error => querySrv ENOTFOUND _mongodb._tcp.testcluster.urrgt.mongodb.net
[2026-08-22 13:51:49] - [ERROR] => Restarting Mongo server
[2026-08-22 13:51:49] - [ERROR] => MongoDB connection error => querySrv ENOTFOUND _mongodb._tcp.testcluster.urrgt.mongodb.net
[2026-08-22 13:51:51] - [ERROR] => Restarting Mongo server
[2026-08-22 13:51:51] - [ERROR] => MongoDB connection error => querySrv ENOTFOUND _mongodb._tcp.testcluster.urrgt.mongodb.net
[2026-08-22 13:51:53] - [ERROR] => Restarting Mongo server
[2026-08-22 13:51:53] - [ERROR] => MongoDB connection error => querySrv ENOTFOUND _mongodb._tcp.testcluster.urrgt.mongodb.net
[2026-08-22 13:51:55] - [ERROR] => Restarting Mongo server
[2026-08-22 13:51:55] - [ERROR] => MongoDB connection error => querySrv ENOTFOUND _mongodb._tcp.testcluster.urrgt.mongodb.net
[2026-08-22 13:51:57] - [ERROR] => Restarting Mongo server
[2026-08-22 13:51:57] - [ERROR] => MongoDB connection error => querySrv ENOTFOUND _mongodb._tcp.testcluster.urrgt.mongodb.net
[2026-08-22 13:51:59] - [ERROR] => Restarting Mongo server
[2026-08-22 13:51:59] - [ERROR] => MongoDB connection error => querySrv ENOTFOUND _mongodb._tcp.testcluster.urrgt.mongodb.net
[2026-08-22 13:52:01] - [ERROR] => Restarting Mongo server
[2026-08-22 13:52:01] - [ERROR] => MongoDB connection error => querySrv ENOTFOUND _mongodb._tcp.testcluster.urrgt.mongodb.net
[2026-08-22 13:52:03] - [ERROR] => Restarting Mongo server
[2026-08-22 13:52:03] - [ERROR] => MongoDB connection error => querySrv ENOTFOUND _mongodb._tcp.testcluster.urrgt.mongodb.net
[2026-08-22 13:52:05] - [ERROR] => Restarting Mongo server
[2026-08-22 13:52:05] - [ERROR] => MongoDB connection error => querySrv ENOTFOUND _mongodb._tcp.testcluster.urrgt.mongodb.net
[2026-08-22 13:52:08] - [ERROR] => Restarting Mongo server
[2026-08-22 13:52:08] - [ERROR] => MongoDB connection error => querySrv ENOTFOUND _mongodb._tcp.testcluster.urrgt.mongodb.net
[2026-08-22 13:52:10] - [ERROR] => Restarting Mongo server
[2026-08-22 13:52:10] - [ERROR] => MongoDB connection error => querySrv ENOTFOUND _mongodb._tcp.testcluster.urrgt.mongodb.net
[2026-08-22 13:52:12] - [ERROR] => Restarting Mongo server
[2026-08-22 13:52:12] - [ERROR] => MongoDB connection error => querySrv ENOTFOUND _mongodb._tcp.testcluster.urrgt.mongodb.net
[2026-08-22 13:52:14] - [ERROR] => Restarting Mongo server
[2026-08-22 13:52:14] - [ERROR] => MongoDB connection error => querySrv ENOTFOUND _mongodb._tcp.testcluster.urrgt.mongodb.net
[2026-08-22 13:52:16] - [ERROR] => Restarting Mongo server
[2026-08-22 13:52:16] - [ERROR] => MongoDB connection error => querySrv ENOTFOUND _mongodb._tcp.testcluster.urrgt.mongodb.net
[2026-08-22 13:52:18] - [ERROR] => Restarting Mongo server
[2026-08-22 13:52:18] - [ERROR] => MongoDB connection error => querySrv ENOTFOUND _mongodb._tcp.testcluster.urrgt.mongodb.net
[2026-08-22 13:52:20] - [ERROR] => Restarting Mongo server
[2026-08-22 13:52:20] - [ERROR] => MongoDB connection error => querySrv ENOTFOUND _mongodb._tcp.testcluster.urrgt.mongodb.net
[2026-08-22 13:52:22] - [ERROR] => Restarting Mongo server
[2026-08-22 13:52:22] - [ERROR] => MongoDB connection error => querySrv ENOTFOUND _mongodb._tcp.testcluster.urrgt.mongodb.net
[2026-08-22 13:52:24] - [ERROR] => Restarting Mongo server
[2026-08-22 13:52:24] - [ERROR] => MongoDB connection error => querySrv ENOTFOUND _mongodb._tcp.testcluster.urrgt.mongodb.net
[2026-08-22 13:52:26] - [ERROR] => Restarting Mongo server
[2026-08-22 13:52:26] - [ERROR] => MongoDB connection error => querySrv ENOTFOUND _mongodb._tcp.testcluster.urrgt.mongodb.net
[2026-08-22 13:52:28] - [ERROR] => Restarting Mongo server
[2026-08-22 13:52:28] - [ERROR] => MongoDB connection error => querySrv ENOTFOUND _mongodb._tcp.testcluster.urrgt.mongodb.net
[2026-08-22 13:52:30] - [ERROR] => Restarting Mongo server
[2026-08-22 13:52:30] - [ERROR] => MongoDB connection error => querySrv ENOTFOUND _mongodb._tcp.testcluster.urrgt.mongodb.net
[2026-08-22 13:52:32] - [ERROR] => Restarting Mongo server
[2026-08-22 13:52:33] - [ERROR] => MongoDB connection error => querySrv ENOTFOUND _mongodb._tcp.testcluster.urrgt.mongodb.net
[2026-08-22 13:52:35] - [ERROR] => Restarting Mongo server
[2026-08-22 13:52:35] - [ERROR] => MongoDB connection error => querySrv ENOTFOUND _mongodb._tcp.testcluster.urrgt.mongodb.net
[2026-08-22 13:52:37] - [ERROR] => Restarting Mongo server
[2026-08-22 13:52:37] - [ERROR] => MongoDB connection error => querySrv ENOTFOUND _mongodb._tcp.testcluster.urrgt.mongodb.net
[2026-08-22 13:52:39] - [ERROR] => Restarting Mongo server
[2026-08-22 13:52:39] - [ERROR] => MongoDB connection error => querySrv ENOTFOUND _mongodb._tcp.testcluster.urrgt.mongodb.net
[2026-08-22 13:52:41] - [ERROR] => Restarting Mongo server
[2026-08-22 13:52:41] - [ERROR] => MongoDB connection error => querySrv ENOTFOUND _mongodb._tcp.testcluster.urrgt.mongodb.net
[2026-08-22 13:52:43] - [ERROR] => Restarting Mongo server
[2026-08-22 13:52:43] - [ERROR] => MongoDB connection error => querySrv ENOTFOUND _mongodb._tcp.testcluster.urrgt.mongodb.net
[2026-08-22 13:52:45] - [ERROR] => Restarting Mongo server
[2026-08-22 13:52:45] - [ERROR] => MongoDB connection error => querySrv ENOTFOUND _mongodb._tcp.testcluster.urrgt.mongodb.net
[2026-08-22 13:52:47] - [ERROR] => Restarting Mongo server
[2026-08-22 13:52:47] - [ERROR] => MongoDB connection error => querySrv ENOTFOUND _mongodb._tcp.testcluster.urrgt.mongodb.net
[2026-08-22 13:52:49] - [ERROR] => Restarting Mongo server
[2026-08-22 13:52:49] - [ERROR] => MongoDB connection error => querySrv ENOTFOUND _mongodb._tcp.testcluster.urrgt.mongodb.net
[2026-08-22 13:52:51] - [ERROR] => Restarting Mongo server
[2026-08-22 13:52:51] - [ERROR] => MongoDB connection error => querySrv ENOTFOUND _mongodb._tcp.testcluster.urrgt.mongodb.net
[2026-08-22 13:52:53] - [ERROR] => Restarting Mongo server
[2026-08-22 13:52:53] - [ERROR] => MongoDB connection error => querySrv ENOTFOUND _mongodb._tcp.testcluster.urrgt.mongodb.net
[2026-08-22 13:52:55] - [ERROR] => Restarting Mongo server
[2026-08-22 13:52:55] - [ERROR] => MongoDB connection error => querySrv ENOTFOUND _mongodb._tcp.testcluster.urrgt.mongodb.net
[2026-08-22 13:52:57] - [ERROR] => Restarting Mongo server
[2026-08-22 13:52:57] - [ERROR] => MongoDB connection error => querySrv ENOTFOUND _mongodb._tcp.testcluster.urrgt.mongodb.net
[2026-08-22 13:52:59] - [ERROR] => Restarting Mongo server
[2026-08-22 13:52:59] - [ERROR] => MongoDB connection error => querySrv ENOTFOUND _mongodb._tcp.testcluster.urrgt.mongodb.net
[2026-08-22 13:53:01] - [ERROR] => Restarting Mongo server
[2026-08-22 13:53:01] - [ERROR] => MongoDB connection error => querySrv ENOTFOUND _mongodb._tcp.testcluster.urrgt.mongodb.net
[2026-08-22 13:53:03] - [ERROR] => Restarting Mongo server
[2026-08-22 13:53:03] - [ERROR] => MongoDB connection error => querySrv ENOTFOUND _mongodb._tcp.testcluster.urrgt.mongodb.net
[2026-08-22 13:53:05] - [ERROR] => Restarting Mongo server
[2026-08-22 13:53:05] - [ERROR] => MongoDB connection error => querySrv ENOTFOUND _mongodb._tcp.testcluster.urrgt.mongodb.net
[2026-08-22 13:53:07] - [ERROR] => Restarting Mongo server
[2026-08-22 13:53:07] - [ERROR] => MongoDB connection error => querySrv ENOTFOUND _mongodb._tcp.testcluster.urrgt.mongodb.net
[2026-08-22 13:53:09] - [ERROR] => Restarting Mongo server
[2026-08-22 13:53:09] - [ERROR] => MongoDB connection error => querySrv ENOTFOUND _mongodb._tcp.testcluster.urrgt.mongodb.net
[2026-08-22 13:53:11] - [ERROR] => Restarting Mongo server
[2026-08-22 13:53:11] - [ERROR] => MongoDB connection error => querySrv ENOTFOUND _mongodb._tcp.testcluster.urrgt.mongodb.net
[2026-08-22 13:53:13] - [ERROR] => Restarting Mongo server
[2026-08-22 13:53:13] - [ERROR] => MongoDB connection error => querySrv ENOTFOUND _mongodb._tcp.testcluster.urrgt.mongodb.net
[2026-08-22 13:53:15] - [ERROR] => Restarting Mongo server
[2026-08-22 13:53:15] - [ERROR] => MongoDB connection error => querySrv ENOTFOUND _mongodb._tcp.testcluster.urrgt.mongodb.net
[2026-08-22 13:53:17] - [ERROR] => Restarting Mongo server
[2026-08-22 13:53:17] - [ERROR] => MongoDB connection error => querySrv ENOTFOUND _mongodb._tcp.testcluster.urrgt.mongodb.net
[2026-08-22 13:53:19] - [ERROR] => Restarting Mongo server
[2026-08-22 13:53:19] - [ERROR] => MongoDB connection error => querySrv ENOTFOUND _mongodb._tcp.testcluster.urrgt.mongodb.net
[2026-08-22 13:53:21] - [ERROR] => Restarting Mongo server
[2026-08-22 13:53:21] - [ERROR] => MongoDB connection error => querySrv ENOTFOUND _mongodb._tcp.testcluster.urrgt.mongodb.net
[2026-08-22 13:53:23] - [ERROR] => Restarting Mongo server
[2026-08-22 13:53:23] - [ERROR] => MongoDB connection error => querySrv ENOTFOUND _mongodb._tcp.testcluster.urrgt.mongodb.net
[2026-08-22 13:53:25] - [ERROR] => Restarting Mongo server
[2026-08-22 13:53:25] - [ERROR] => MongoDB connection error => querySrv ENOTFOUND _mongodb._tcp.testcluster.urrgt.mongodb.net
[2026-08-22 13:53:27] - [ERROR] => Restarting Mongo server
[2026-08-22 13:53:27] - [ERROR] => MongoDB connection error => querySrv ENOTFOUND _mongodb._tcp.testcluster.urrgt.mongodb.net
[2026-08-22 13:53:29] - [ERROR] => Restarting Mongo server
[2026-08-22 13:53:29] - [ERROR] => MongoDB connection error => querySrv ENOTFOUND _mongodb._tcp.testcluster.urrgt.mongodb.net
[2026-08-22 13:53:31] - [ERROR] => Restarting Mongo server
[2026-08-22 13:53:31] - [ERROR] => MongoDB connection error => querySrv ENOTFOUND _mongodb._tcp.testcluster.urrgt.mongodb.net
[2026-08-22 13:53:33] - [ERROR] => Restarting Mongo server
[2026-08-22 13:53:34] - [ERROR] => MongoDB connection error => querySrv ENOTFOUND _mongodb._tcp.testcluster.urrgt.mongodb.net
[2026-08-22 13:53:37] - [ERROR] => Restarting Mongo server
[2026-08-22 13:53:37] - [ERROR] => MongoDB connection error => querySrv ENOTFOUND _mongodb._tcp.testcluster.urrgt.mongodb.net
[2026-08-22 13:53:39] - [ERROR] => Restarting Mongo server
[2026-08-22 13:53:39] - [ERROR] => MongoDB connection error => querySrv ENOTFOUND _mongodb._tcp.testcluster.urrgt.mongodb.net
[2026-08-22 13:53:41] - [ERROR] => Restarting Mongo server
[2026-08-22 13:53:41] - [ERROR] => MongoDB connection error => querySrv ENOTFOUND _mongodb._tcp.testcluster.urrgt.mongodb.net
[2026-08-22 13:53:43] - [ERROR] => Restarting Mongo server
[2026-08-22 13:53:43] - [ERROR] => MongoDB connection error => querySrv ENOTFOUND _mongodb._tcp.testcluster.urrgt.mongodb.net
[2026-08-22 13:53:45] - [ERROR] => Restarting Mongo server
[2026-08-22 13:53:45] - [ERROR] => MongoDB connection error => querySrv ENOTFOUND _mongodb._tcp.testcluster.urrgt.mongodb.net
[2026-08-22 13:53:47] - [ERROR] => Restarting Mongo server
[2026-08-22 13:53:47] - [ERROR] => MongoDB connection error => querySrv ENOTFOUND _mongodb._tcp.testcluster.urrgt.mongodb.net
[2026-08-22 13:53:49] - [ERROR] => Restarting Mongo server
[2026-08-22 13:53:49] - [ERROR] => MongoDB connection error => querySrv ENOTFOUND _mongodb._tcp.testcluster.urrgt.mongodb.net
[2026-08-22 13:53:51] - [ERROR] => Restarting Mongo server
[2026-08-22 13:53:51] - [ERROR] => MongoDB connection error => querySrv ENOTFOUND _mongodb._tcp.testcluster.urrgt.mongodb.net
[2026-08-22 13:53:53] - [ERROR] => Restarting Mongo server
[2026-08-22 13:53:53] - [ERROR] => MongoDB connection error => querySrv ENOTFOUND _mongodb._tcp.testcluster.urrgt.mongodb.net
[2026-08-22 13:53:55] - [ERROR] => Restarting Mongo server
[2026-08-22 13:53:55] - [ERROR] => MongoDB connection error => querySrv ENOTFOUND _mongodb._tcp.testcluster.urrgt.mongodb.net
[2026-08-22 13:53:57] - [ERROR] => Restarting Mongo server
[2026-08-22 13:53:57] - [ERROR] => MongoDB connection error => querySrv ENOTFOUND _mongodb._tcp.testcluster.urrgt.mongodb.net
[2026-08-22 13:53:59] - [ERROR] => Restarting Mongo server
[2026-08-22 13:53:59] - [ERROR] => MongoDB connection error => querySrv ENOTFOUND _mongodb._tcp.testcluster.urrgt.mongodb.net
[2026-08-22 13:54:01] - [ERROR] => Restarting Mongo server
[2026-08-22 13:54:01] - [ERROR] => MongoDB connection error => querySrv ENOTFOUND _mongodb._tcp.testcluster.urrgt.mongodb.net
[2026-08-22 13:54:03] - [ERROR] => Restarting Mongo server
[2026-08-22 13:54:03] - [ERROR] => MongoDB connection error => querySrv ENOTFOUND _mongodb._tcp.testcluster.urrgt.mongodb.net
[2026-08-22 13:54:05] - [ERROR] => Restarting Mongo server
[2026-08-22 13:54:05] - [ERROR] => MongoDB connection error => querySrv ENOTFOUND _mongodb._tcp.testcluster.urrgt.mongodb.net
[2026-08-22 13:54:07] - [ERROR] => Restarting Mongo server
[2026-08-22 13:54:07] - [ERROR] => MongoDB connection error => querySrv ENOTFOUND _mongodb._tcp.testcluster.urrgt.mongodb.net
[2026-08-22 13:54:09] - [ERROR] => Restarting Mongo server
[2026-08-22 13:54:09] - [ERROR] => MongoDB connection error => querySrv ENOTFOUND _mongodb._tcp.testcluster.urrgt.mongodb.net
[2026-08-22 13:54:11] - [ERROR] => Restarting Mongo server
[2026-08-22 13:54:11] - [ERROR] => MongoDB connection error => querySrv ENOTFOUND _mongodb._tcp.testcluster.urrgt.mongodb.net
[2026-08-22 13:54:13] - [ERROR] => Restarting Mongo server
[2026-08-22 13:54:13] - [ERROR] => MongoDB connection error => querySrv ENOTFOUND _mongodb._tcp.testcluster.urrgt.mongodb.net
[2026-08-22 13:54:15] - [ERROR] => Restarting Mongo server
[2026-08-22 13:54:15] - [ERROR] => MongoDB connection error => querySrv ENOTFOUND _mongodb._tcp.testcluster.urrgt.mongodb.net
[2026-08-22 13:54:17] - [ERROR] => Restarting Mongo server
[2026-08-22 13:54:17] - [ERROR] => MongoDB connection error => querySrv ENOTFOUND _mongodb._tcp.testcluster.urrgt.mongodb.net
[2026-08-22 13:54:19] - [ERROR] => Restarting Mongo server
[2026-08-22 13:54:19] - [ERROR] => MongoDB connection error => querySrv ENOTFOUND _mongodb._tcp.testcluster.urrgt.mongodb.net
[2026-08-22 13:54:21] - [ERROR] => Restarting Mongo server
[2026-08-22 13:54:21] - [ERROR] => MongoDB connection error => querySrv ENOTFOUND _mongodb._tcp.testcluster.urrgt.mongodb.net
[2026-08-22 13:54:23] - [ERROR] => Restarting Mongo server
[2026-08-22 13:54:23] - [ERROR] => MongoDB connection error => querySrv ENOTFOUND _mongodb._tcp.testcluster.urrgt.mongodb.net
[2026-08-22 13:54:25] - [ERROR] => Restarting Mongo server
[2026-08-22 13:54:25] - [ERROR] => MongoDB connection error => querySrv ENOTFOUND _mongodb._tcp.testcluster.urrgt.mongodb.net
[2026-08-22 13:54:27] - [ERROR] => Restarting Mongo server
[2026-08-22 13:54:27] - [ERROR] => MongoDB connection error => querySrv ENOTFOUND _mongodb._tcp.testcluster.urrgt.mongodb.net
[2026-08-22 13:54:29] - [ERROR] => Restarting Mongo server
[2026-08-22 13:54:29] - [ERROR] => MongoDB connection error => querySrv ENOTFOUND _mongodb._tcp.testcluster.urrgt.mongodb.net
[2026-08-22 13:54:31] - [ERROR] => Restarting Mongo server
[2026-08-22 13:54:31] - [ERROR] => MongoDB connection error => querySrv ENOTFOUND _mongodb._tcp.testcluster.urrgt.mongodb.net
[2026-08-22 13:54:33] - [ERROR] => Restarting Mongo server
[2026-08-22 13:54:33] - [ERROR] => MongoDB connection error => querySrv ENOTFOUND _mongodb._tcp.testcluster.urrgt.mongodb.net
[2026-08-22 13:54:35] - [ERROR] => Restarting Mongo server
[2026-08-22 13:54:37] - [ERROR] => MongoDB connection error => querySrv ENOTFOUND _mongodb._tcp.testcluster.urrgt.mongodb.net
[2026-08-22 13:54:39] - [ERROR] => Restarting Mongo server
[2026-08-22 13:54:39] - [ERROR] => MongoDB connection error => querySrv ENOTFOUND _mongodb._tcp.testcluster.urrgt.mongodb.net
[2026-08-22 13:54:41] - [ERROR] => Restarting Mongo server
[2026-08-22 13:54:41] - [ERROR] => MongoDB connection error => querySrv ENOTFOUND _mongodb._tcp.testcluster.urrgt.mongodb.net
[2026-08-22 13:54:43] - [ERROR] => Restarting Mongo server
[2026-08-22 13:54:43] - [ERROR] => MongoDB connection error => querySrv ENOTFOUND _mongodb._tcp.testcluster.urrgt.mongodb.net
[2026-08-22 13:54:45] - [ERROR] => Restarting Mongo server
[2026-08-22 13:54:45] - [ERROR] => MongoDB connection error => querySrv ENOTFOUND _mongodb._tcp.testcluster.urrgt.mongodb.net
[2026-08-22 13:54:47] - [ERROR] => Restarting Mongo server
[2026-08-22 13:54:47] - [ERROR] => MongoDB connection error => querySrv ENOTFOUND _mongodb._tcp.testcluster.urrgt.mongodb.net
[2026-08-22 13:54:49] - [ERROR] => Restarting Mongo server
[2026-08-22 13:54:49] - [ERROR] => MongoDB connection error => querySrv ENOTFOUND _mongodb._tcp.testcluster.urrgt.mongodb.net
[2026-08-22 13:54:51] - [ERROR] => Restarting Mongo server
[2026-08-22 13:54:51] - [ERROR] => MongoDB connection error => querySrv ENOTFOUND _mongodb._tcp.testcluster.urrgt.mongodb.net
[2026-08-22 13:54:53] - [ERROR] => Restarting Mongo server
[2026-08-22 13:54:53] - [ERROR] => MongoDB connection error => querySrv ENOTFOUND _mongodb._tcp.testcluster.urrgt.mongodb.net
[2026-08-22 13:54:55] - [ERROR] => Restarting Mongo server
[2026-08-22 13:54:55] - [ERROR] => MongoDB connection error => querySrv ENOTFOUND _mongodb._tcp.testcluster.urrgt.mongodb.net
[2026-08-22 13:54:57] - [ERROR] => Restarting Mongo server
[2026-08-22 13:54:57] - [ERROR] => MongoDB connection error => querySrv ENOTFOUND _mongodb._tcp.testcluster.urrgt.mongodb.net
[2026-08-22 13:54:59] - [ERROR] => Restarting Mongo server
[2026-08-22 13:54:59] - [ERROR] => MongoDB connection error => querySrv ENOTFOUND _mongodb._tcp.testcluster.urrgt.mongodb.net
[2026-08-22 13:55:01] - [ERROR] => Restarting Mongo server
[2026-08-22 13:55:02] - [ERROR] => MongoDB connection error => querySrv ENOTFOUND _mongodb._tcp.testcluster.urrgt.mongodb.net
[2026-08-22 13:55:04] - [ERROR] => Restarting Mongo server
[2026-08-22 13:55:04] - [ERROR] => MongoDB connection error => querySrv ENOTFOUND _mongodb._tcp.testcluster.urrgt.mongodb.net
[2026-08-22 13:55:06] - [ERROR] => Restarting Mongo server
[2026-08-22 13:55:06] - [ERROR] => MongoDB connection error => querySrv ENOTFOUND _mongodb._tcp.testcluster.urrgt.mongodb.net
[2026-08-22 13:55:08] - [ERROR] => Restarting Mongo server
[2026-08-22 13:55:08] - [ERROR] => MongoDB connection error => querySrv ENOTFOUND _mongodb._tcp.testcluster.urrgt.mongodb.net
[2026-08-22 13:55:10] - [ERROR] => Restarting Mongo server
[2026-08-22 13:55:10] - [ERROR] => MongoDB connection error => querySrv ENOTFOUND _mongodb._tcp.testcluster.urrgt.mongodb.net
[2026-08-22 13:55:12] - [ERROR] => Restarting Mongo server
[2026-08-22 13:55:12] - [ERROR] => MongoDB connection error => querySrv ENOTFOUND _mongodb._tcp.testcluster.urrgt.mongodb.net
[2026-08-22 13:55:14] - [ERROR] => Restarting Mongo server
[2026-08-22 13:55:14] - [ERROR] => MongoDB connection error => querySrv ENOTFOUND _mongodb._tcp.testcluster.urrgt.mongodb.net
[2026-08-22 13:55:16] - [ERROR] => Restarting Mongo server
[2026-08-22 13:55:16] - [ERROR] => MongoDB connection error => querySrv ENOTFOUND _mongodb._tcp.testcluster.urrgt.mongodb.net
[2026-08-22 13:55:18] - [ERROR] => Restarting Mongo server
[2026-08-22 13:55:18] - [ERROR] => MongoDB connection error => querySrv ENOTFOUND _mongodb._tcp.testcluster.urrgt.mongodb.net
[2026-08-22 13:55:20] - [ERROR] => Restarting Mongo server
[2026-08-22 13:55:20] - [ERROR] => MongoDB connection error => querySrv ENOTFOUND _mongodb._tcp.testcluster.urrgt.mongodb.net
[2026-08-22 13:55:22] - [ERROR] => Restarting Mongo server
[2026-08-22 13:55:22] - [ERROR] => MongoDB connection error => querySrv ENOTFOUND _mongodb._tcp.testcluster.urrgt.mongodb.net
[2026-08-22 13:55:24] - [ERROR] => Restarting Mongo server
[2026-08-22 13:55:24] - [ERROR] => MongoDB connection error => querySrv ENOTFOUND _mongodb._tcp.testcluster.urrgt.mongodb.net
[2026-08-22 13:55:26] - [ERROR] => Restarting Mongo server
[2026-08-22 13:55:26] - [ERROR] => MongoDB connection error => querySrv ENOTFOUND _mongodb._tcp.testcluster.urrgt.mongodb.net
[2026-08-22 13:55:28] - [ERROR] => Restarting Mongo server
[2026-08-22 13:55:28] - [ERROR] => MongoDB connection error => querySrv ENOTFOUND _mongodb._tcp.testcluster.urrgt.mongodb.net
[2026-08-22 13:55:30] - [ERROR] => Restarting Mongo server
[2026-08-22 13:55:30] - [ERROR] => MongoDB connection error => querySrv ENOTFOUND _mongodb._tcp.testcluster.urrgt.mongodb.net
[2026-08-22 13:55:32] - [ERROR] => Restarting Mongo server
[2026-08-22 13:55:32] - [ERROR] => MongoDB connection error => querySrv ENOTFOUND _mongodb._tcp.testcluster.urrgt.mongodb.net
[2026-08-22 13:55:34] - [ERROR] => Restarting Mongo server
[2026-08-22 13:55:34] - [ERROR] => MongoDB connection error => querySrv ENOTFOUND _mongodb._tcp.testcluster.urrgt.mongodb.net
[2026-08-22 13:55:36] - [ERROR] => Restarting Mongo server
[2026-08-22 13:55:36] - [ERROR] => MongoDB connection error => querySrv ENOTFOUND _mongodb._tcp.testcluster.urrgt.mongodb.net
[2026-08-22 13:55:38] - [ERROR] => Restarting Mongo server
[2026-08-22 13:55:39] - [ERROR] => MongoDB connection error => querySrv ENOTFOUND _mongodb._tcp.testcluster.urrgt.mongodb.net
[2026-08-22 13:55:41] - [ERROR] => Restarting Mongo server
[2026-08-22 13:55:41] - [ERROR] => MongoDB connection error => querySrv ENOTFOUND _mongodb._tcp.testcluster.urrgt.mongodb.net
[2026-08-22 13:55:43] - [ERROR] => Restarting Mongo server
[2026-08-22 13:55:43] - [ERROR] => MongoDB connection error => querySrv ENOTFOUND _mongodb._tcp.testcluster.urrgt.mongodb.net
[2026-08-22 13:55:45] - [ERROR] => Restarting Mongo server
[2026-08-22 13:55:45] - [ERROR] => MongoDB connection error => querySrv ENOTFOUND _mongodb._tcp.testcluster.urrgt.mongodb.net
[2026-08-22 13:55:47] - [ERROR] => Restarting Mongo server
[2026-08-22 13:55:47] - [ERROR] => MongoDB connection error => querySrv ENOTFOUND _mongodb._tcp.testcluster.urrgt.mongodb.net
[2026-08-22 13:55:49] - [ERROR] => Restarting Mongo server
[2026-08-22 13:55:49] - [ERROR] => MongoDB connection error => querySrv ENOTFOUND _mongodb._tcp.testcluster.urrgt.mongodb.net
[2026-08-22 13:55:51] - [ERROR] => Restarting Mongo server
[2026-08-22 13:55:51] - [ERROR] => MongoDB connection error => querySrv ENOTFOUND _mongodb._tcp.testcluster.urrgt.mongodb.net
[2026-08-22 13:55:53] - [ERROR] => Restarting Mongo server
[2026-08-22 13:55:53] - [ERROR] => MongoDB connection error => querySrv ENOTFOUND _mongodb._tcp.testcluster.urrgt.mongodb.net
[2026-08-22 13:55:55] - [ERROR] => Restarting Mongo server
[2026-08-22 13:55:55] - [ERROR] => MongoDB connection error => querySrv ENOTFOUND _mongodb._tcp.testcluster.urrgt.mongodb.net
[2026-08-22 13:55:57] - [ERROR] => Restarting Mongo server
[2026-08-22 13:55:57] - [ERROR] => MongoDB connection error => querySrv ENOTFOUND _mongodb._tcp.testcluster.urrgt.mongodb.net
[2026-08-22 13:55:59] - [ERROR] => Restarting Mongo server
[2026-08-22 13:55:59] - [ERROR] => MongoDB connection error => querySrv ENOTFOUND _mongodb._tcp.testcluster.urrgt.mongodb.net
[2026-08-22 13:56:01] - [ERROR] => Restarting Mongo server
[2026-08-22 13:56:01] - [ERROR] => MongoDB connection error => querySrv ENOTFOUND _mongodb._tcp.testcluster.urrgt.mongodb.net
[2026-08-22 13:56:03] - [ERROR] => Restarting Mongo server
[2026-08-22 13:56:03] - [ERROR] => MongoDB connection error => querySrv ENOTFOUND _mongodb._tcp.testcluster.urrgt.mongodb.net
[2026-08-22 13:56:05] - [ERROR] => Restarting Mongo server
[2026-08-22 13:56:05] - [ERROR] => MongoDB connection error => querySrv ENOTFOUND _mongodb._tcp.testcluster.urrgt.mongodb.net
[2026-08-22 13:56:07] - [ERROR] => Restarting Mongo server
[2026-08-22 13:56:07] - [ERROR] => MongoDB connection error => querySrv ENOTFOUND _mongodb._tcp.testcluster.urrgt.mongodb.net
[2026-08-22 13:56:09] - [ERROR] => Restarting Mongo server
[2026-08-22 13:56:09] - [ERROR] => MongoDB connection error => querySrv ENOTFOUND _mongodb._tcp.testcluster.urrgt.mongodb.net
[2026-08-22 13:56:11] - [ERROR] => Restarting Mongo server
[2026-08-22 13:56:11] - [ERROR] => MongoDB connection error => querySrv ENOTFOUND _mongodb._tcp.testcluster.urrgt.mongodb.net
[2026-08-22 13:56:13] - [ERROR] => Restarting Mongo server
[2026-08-22 13:56:13] - [ERROR] => MongoDB connection error => querySrv ENOTFOUND _mongodb._tcp.testcluster.urrgt.mongodb.net
[2026-08-22 13:56:15] - [ERROR] => Restarting Mongo server
[2026-08-22 13:56:16] - [ERROR] => MongoDB connection error => querySrv ENOTFOUND _mongodb._tcp.testcluster.urrgt.mongodb.net
[2026-08-22 13:56:18] - [ERROR] => Restarting Mongo server
[2026-08-22 13:56:18] - [ERROR] => MongoDB connection error => querySrv ENOTFOUND _mongodb._tcp.testcluster.urrgt.mongodb.net
[2026-08-22 13:56:20] - [ERROR] => Restarting Mongo server
[2026-08-22 13:56:20] - [ERROR] => MongoDB connection error => querySrv ENOTFOUND _mongodb._tcp.testcluster.urrgt.mongodb.net
[2026-08-22 13:56:22] - [ERROR] => Restarting Mongo server
[2026-08-22 13:56:22] - [ERROR] => MongoDB connection error => querySrv ENOTFOUND _mongodb._tcp.testcluster.urrgt.mongodb.net
[2026-08-22 13:56:24] - [ERROR] => Restarting Mongo server
[2026-08-22 13:56:24] - [ERROR] => MongoDB connection error => querySrv ENOTFOUND _mongodb._tcp.testcluster.urrgt.mongodb.net
[2026-08-22 13:56:26] - [ERROR] => Restarting Mongo server
[2026-08-22 13:56:26] - [ERROR] => MongoDB connection error => querySrv ENOTFOUND _mongodb._tcp.testcluster.urrgt.mongodb.net
[2026-08-22 13:56:28] - [ERROR] => Restarting Mongo server
[2026-08-22 13:56:28] - [ERROR] => MongoDB connection error => querySrv ENOTFOUND _mongodb._tcp.testcluster.urrgt.mongodb.net
[2026-08-22 13:56:30] - [ERROR] => Restarting Mongo server
[2026-08-22 13:56:30] - [ERROR] => MongoDB connection error => querySrv ENOTFOUND _mongodb._tcp.testcluster.urrgt.mongodb.net
[2026-08-22 13:56:32] - [ERROR] => Restarting Mongo server
[2026-08-22 13:56:32] - [ERROR] => MongoDB connection error => querySrv ENOTFOUND _mongodb._tcp.testcluster.urrgt.mongodb.net
[2026-08-22 13:56:34] - [ERROR] => Restarting Mongo server
[2026-08-22 13:56:34] - [ERROR] => MongoDB connection error => querySrv ENOTFOUND _mongodb._tcp.testcluster.urrgt.mongodb.net
[2026-08-22 13:56:36] - [ERROR] => Restarting Mongo server
[2026-08-22 13:56:36] - [ERROR] => MongoDB connection error => querySrv ENOTFOUND _mongodb._tcp.testcluster.urrgt.mongodb.net
[2026-08-22 13:56:38] - [ERROR] => Restarting Mongo server
[2026-08-22 13:56:38] - [ERROR] => MongoDB connection error => querySrv ENOTFOUND _mongodb._tcp.testcluster.urrgt.mongodb.net
[2026-08-22 13:56:40] - [ERROR] => Restarting Mongo server
[2026-08-22 13:56:41] - [ERROR] => MongoDB connection error => querySrv ENOTFOUND _mongodb._tcp.testcluster.urrgt.mongodb.net
[2026-08-22 13:56:43] - [ERROR] => Restarting Mongo server
[2026-08-22 13:56:43] - [ERROR] => MongoDB connection error => querySrv ENOTFOUND _mongodb._tcp.testcluster.urrgt.mongodb.net
[2026-08-22 13:56:45] - [ERROR] => Restarting Mongo server
[2026-08-22 13:56:45] - [ERROR] => MongoDB connection error => querySrv ENOTFOUND _mongodb._tcp.testcluster.urrgt.mongodb.net
[2026-08-22 13:56:47] - [ERROR] => Restarting Mongo server
[2026-08-22 13:56:47] - [ERROR] => MongoDB connection error => querySrv ENOTFOUND _mongodb._tcp.testcluster.urrgt.mongodb.net
[2026-08-22 13:56:49] - [ERROR] => Restarting Mongo server
[2026-08-22 13:56:49] - [ERROR] => MongoDB connection error => querySrv ENOTFOUND _mongodb._tcp.testcluster.urrgt.mongodb.net
[2026-08-22 13:56:51] - [ERROR] => Restarting Mongo server
[2026-08-22 13:56:51] - [ERROR] => MongoDB connection error => querySrv ENOTFOUND _mongodb._tcp.testcluster.urrgt.mongodb.net
[2026-08-22 13:56:53] - [ERROR] => Restarting Mongo server
[2026-08-22 13:56:53] - [ERROR] => MongoDB connection error => querySrv ENOTFOUND _mongodb._tcp.testcluster.urrgt.mongodb.net
[2026-08-22 13:56:55] - [ERROR] => Restarting Mongo server
[2026-08-22 13:56:55] - [ERROR] => MongoDB connection error => querySrv ENOTFOUND _mongodb._tcp.testcluster.urrgt.mongodb.net
[2026-08-22 13:56:57] - [ERROR] => Restarting Mongo server
[2026-08-22 13:56:57] - [ERROR] => MongoDB connection error => querySrv ENOTFOUND _mongodb._tcp.testcluster.urrgt.mongodb.net
[2026-08-22 13:56:59] - [ERROR] => Restarting Mongo server
[2026-08-22 13:56:59] - [ERROR] => MongoDB connection error => querySrv ENOTFOUND _mongodb._tcp.testcluster.urrgt.mongodb.net
[2026-08-22 13:57:01] - [ERROR] => Restarting Mongo server
[2026-08-22 13:57:01] - [ERROR] => MongoDB connection error => querySrv ENOTFOUND _mongodb._tcp.testcluster.urrgt.mongodb.net
[2026-08-22 13:57:03] - [ERROR] => Restarting Mongo server
[2026-08-22 13:57:03] - [ERROR] => MongoDB connection error => querySrv ENOTFOUND _mongodb._tcp.testcluster.urrgt.mongodb.net
[2026-08-22 13:57:05] - [ERROR] => Restarting Mongo server
[2026-08-22 13:57:05] - [ERROR] => MongoDB connection error => querySrv ENOTFOUND _mongodb._tcp.testcluster.urrgt.mongodb.net
[2026-08-22 13:57:07] - [ERROR] => Restarting Mongo server
[2026-08-22 13:57:07] - [ERROR] => MongoDB connection error => querySrv ENOTFOUND _mongodb._tcp.testcluster.urrgt.mongodb.net
[2026-08-22 13:57:09] - [ERROR] => Restarting Mongo server
[2026-08-22 13:57:09] - [ERROR] => MongoDB connection error => querySrv ENOTFOUND _mongodb._tcp.testcluster.urrgt.mongodb.net
[2026-08-22 13:57:11] - [ERROR] => Restarting Mongo server
[2026-08-22 13:57:11] - [ERROR] => MongoDB connection error => querySrv ENOTFOUND _mongodb._tcp.testcluster.urrgt.mongodb.net
[2026-08-22 13:57:13] - [ERROR] => Restarting Mongo server
[2026-08-22 13:57:13] - [ERROR] => MongoDB connection error => querySrv ENOTFOUND _mongodb._tcp.testcluster.urrgt.mongodb.net
[2026-08-22 13:57:15] - [ERROR] => Restarting Mongo server
[2026-08-22 13:57:15] - [ERROR] => MongoDB connection error => querySrv ENOTFOUND _mongodb._tcp.testcluster.urrgt.mongodb.net
[2026-08-22 13:57:17] - [ERROR] => Restarting Mongo server
[2026-08-22 13:57:17] - [ERROR] => MongoDB connection error => querySrv ENOTFOUND _mongodb._tcp.testcluster.urrgt.mongodb.net
[2026-08-22 13:57:19] - [ERROR] => Restarting Mongo server
[2026-08-22 13:57:19] - [ERROR] => MongoDB connection error => querySrv ENOTFOUND _mongodb._tcp.testcluster.urrgt.mongodb.net
[2026-08-22 13:57:21] - [ERROR] => Restarting Mongo server
[2026-08-22 13:57:21] - [ERROR] => MongoDB connection error => querySrv ENOTFOUND _mongodb._tcp.testcluster.urrgt.mongodb.net
[2026-08-22 13:57:23] - [ERROR] => Restarting Mongo server
[2026-08-22 13:57:23] - [ERROR] => MongoDB connection error => querySrv ENOTFOUND _mongodb._tcp.testcluster.urrgt.mongodb.net
[2026-08-22 13:57:25] - [ERROR] => Restarting Mongo server
[2026-08-22 13:57:25] - [ERROR] => MongoDB connection error => querySrv ENOTFOUND _mongodb._tcp.testcluster.urrgt.mongodb.net
[2026-08-22 13:57:27] - [ERROR] => Restarting Mongo server
[2026-08-22 13:57:27] - [ERROR] => MongoDB connection error => querySrv ENOTFOUND _mongodb._tcp.testcluster.urrgt.mongodb.net
[2026-08-22 13:57:29] - [ERROR] => Restarting Mongo server
[2026-08-22 13:57:29] - [ERROR] => MongoDB connection error => querySrv ENOTFOUND _mongodb._tcp.testcluster.urrgt.mongodb.net
[2026-08-22 13:57:31] - [ERROR] => Restarting Mongo server
[2026-08-22 13:57:31] - [ERROR] => MongoDB connection error => querySrv ENOTFOUND _mongodb._tcp.testcluster.urrgt.mongodb.net
[2026-08-22 13:57:33] - [ERROR] => Restarting Mongo server
[2026-08-22 13:57:33] - [ERROR] => MongoDB connection error => querySrv ENOTFOUND _mongodb._tcp.testcluster.urrgt.mongodb.net
[2026-08-22 13:57:35] - [ERROR] => Restarting Mongo server
[2026-08-22 13:57:35] - [ERROR] => MongoDB connection error => querySrv ENOTFOUND _mongodb._tcp.testcluster.urrgt.mongodb.net
[2026-08-22 13:57:37] - [ERROR] => Restarting Mongo server
[2026-08-22 13:57:37] - [ERROR] => MongoDB connection error => querySrv ENOTFOUND _mongodb._tcp.testcluster.urrgt.mongodb.net
[2026-08-22 13:57:39] - [ERROR] => Restarting Mongo server
[2026-08-22 13:57:39] - [ERROR] => MongoDB connection error => querySrv ENOTFOUND _mongodb._tcp.testcluster.urrgt.mongodb.net
[2026-08-22 13:57:41] - [ERROR] => Restarting Mongo server
[2026-08-22 13:57:43] - [ERROR] => MongoDB connection error => querySrv ENOTFOUND _mongodb._tcp.testcluster.urrgt.mongodb.net
[2026-08-22 13:57:45] - [ERROR] => Restarting Mongo server
[2026-08-22 13:57:45] - [ERROR] => MongoDB connection error => querySrv ENOTFOUND _mongodb._tcp.testcluster.urrgt.mongodb.net
[2026-08-22 13:57:47] - [ERROR] => Restarting Mongo server
[2026-08-22 13:57:47] - [ERROR] => MongoDB connection error => querySrv ENOTFOUND _mongodb._tcp.testcluster.urrgt.mongodb.net
[2026-08-22 13:57:49] - [ERROR] => Restarting Mongo server
[2026-08-22 13:57:49] - [ERROR] => MongoDB connection error => querySrv ENOTFOUND _mongodb._tcp.testcluster.urrgt.mongodb.net
[2026-08-22 13:57:51] - [ERROR] => Restarting Mongo server
[2026-08-22 13:57:51] - [ERROR] => MongoDB connection error => querySrv ENOTFOUND _mongodb._tcp.testcluster.urrgt.mongodb.net
[2026-08-22 13:57:53] - [ERROR] => Restarting Mongo server
[2026-08-22 13:57:53] - [ERROR] => MongoDB connection error => querySrv ENOTFOUND _mongodb._tcp.testcluster.urrgt.mongodb.net
[2026-08-22 13:57:55] - [ERROR] => Restarting Mongo server
[2026-08-22 13:57:55] - [ERROR] => MongoDB connection error => querySrv ENOTFOUND _mongodb._tcp.testcluster.urrgt.mongodb.net
[2026-08-22 13:57:57] - [ERROR] => Restarting Mongo server
[2026-08-22 13:57:57] - [ERROR] => MongoDB connection error => querySrv ENOTFOUND _mongodb._tcp.testcluster.urrgt.mongodb.net
[2026-08-22 13:57:59] - [ERROR] => Restarting Mongo server
[2026-08-22 13:57:59] - [ERROR] => MongoDB connection error => querySrv ENOTFOUND _mongodb._tcp.testcluster.urrgt.mongodb.net
[2026-08-22 13:58:01] - [ERROR] => Restarting Mongo server
[2026-08-22 13:58:01] - [ERROR] => MongoDB connection error => querySrv ENOTFOUND _mongodb._tcp.testcluster.urrgt.mongodb.net
[2026-08-22 13:58:03] - [ERROR] => Restarting Mongo server
[2026-08-22 13:58:03] - [ERROR] => MongoDB connection error => querySrv ENOTFOUND _mongodb._tcp.testcluster.urrgt.mongodb.net
[2026-08-22 13:58:05] - [ERROR] => Restarting Mongo server
[2026-08-22 13:58:05] - [ERROR] => MongoDB connection error => querySrv ENOTFOUND _mongodb._tcp.testcluster.urrgt.mongodb.net
[2026-08-22 13:58:07] - [ERROR] => Restarting Mongo server
[2026-08-22 13:58:07] - [ERROR] => MongoDB connection error => querySrv ENOTFOUND _mongodb._tcp.testcluster.urrgt.mongodb.net
[2026-08-22 13:58:09] - [ERROR] => Restarting Mongo server
[2026-08-22 13:58:09] - [ERROR] => MongoDB connection error => querySrv ENOTFOUND _mongodb._tcp.testcluster.urrgt.mongodb.net
[2026-08-22 13:58:11] - [ERROR] => Restarting Mongo server
[2026-08-22 13:58:11] - [ERROR] => MongoDB connection error => querySrv ENOTFOUND _mongodb._tcp.testcluster.urrgt.mongodb.net
[2026-08-22 13:58:13] - [ERROR] => Restarting Mongo server
[2026-08-22 13:58:13] - [ERROR] => MongoDB connection error => querySrv ENOTFOUND _mongodb._tcp.testcluster.urrgt.mongodb.net
[2026-08-22 13:58:15] - [ERROR] => Restarting Mongo server
[2026-08-22 13:58:15] - [ERROR] => MongoDB connection error => querySrv ENOTFOUND _mongodb._tcp.testcluster.urrgt.mongodb.net
[2026-08-22 13:58:17] - [ERROR] => Restarting Mongo server
[2026-08-22 13:58:17] - [ERROR] => MongoDB connection error => querySrv ENOTFOUND _mongodb._tcp.testcluster.urrgt.mongodb.net
[2026-08-22 13:58:19] - [ERROR] => Restarting Mongo server
[2026-08-22 13:58:19] - [ERROR] => MongoDB connection error => querySrv ENOTFOUND _mongodb._tcp.testcluster.urrgt.mongodb.net
[2026-08-22 13:58:21] - [ERROR] => Restarting Mongo server
[2026-08-22 13:58:21] - [ERROR] => MongoDB connection error => querySrv ENOTFOUND _mongodb._tcp.testcluster.urrgt.mongodb.net
[2026-08-22 13:58:23] - [ERROR] => Restarting Mongo server
[2026-08-22 13:58:23] - [ERROR] => MongoDB connection error => querySrv ENOTFOUND _mongodb._tcp.testcluster.urrgt.mongodb.net
[2026-08-22 13:58:25] - [ERROR] => Restarting Mongo server
[2026-08-22 13:58:25] - [ERROR] => MongoDB connection error => querySrv ENOTFOUND _mongodb._tcp.testcluster.urrgt.mongodb.net
[2026-08-22 13:58:27] - [ERROR] => Restarting Mongo server
[2026-08-22 13:58:27] - [ERROR] => MongoDB connection error => querySrv ENOTFOUND _mongodb._tcp.testcluster.urrgt.mongodb.net
[2026-08-22 13:58:29] - [ERROR] => Restarting Mongo server
[2026-08-22 13:58:29] - [ERROR] => MongoDB connection error => querySrv ENOTFOUND _mongodb._tcp.testcluster.urrgt.mongodb.net
[2026-08-22 13:58:31] - [ERROR] => Restarting Mongo server
[2026-08-22 13:58:31] - [ERROR] => MongoDB connection error => querySrv ENOTFOUND _mongodb._tcp.testcluster.urrgt.mongodb.net
[2026-08-22 13:58:33] - [ERROR] => Restarting Mongo server
[2026-08-22 13:58:33] - [ERROR] => MongoDB connection error => querySrv ENOTFOUND _mongodb._tcp.testcluster.urrgt.mongodb.net
[2026-08-22 13:58:35] - [ERROR] => Restarting Mongo server
[2026-08-22 13:58:35] - [ERROR] => MongoDB connection error => querySrv ENOTFOUND _mongodb._tcp.testcluster.urrgt.mongodb.net
[2026-08-22 13:58:37] - [ERROR] => Restarting Mongo server
[2026-08-22 13:58:37] - [ERROR] => MongoDB connection error => querySrv ENOTFOUND _mongodb._tcp.testcluster.urrgt.mongodb.net
[2026-08-22 13:58:39] - [ERROR] => Restarting Mongo server
[2026-08-22 13:58:39] - [ERROR] => MongoDB connection error => querySrv ENOTFOUND _mongodb._tcp.testcluster.urrgt.mongodb.net
[2026-08-22 13:58:41] - [ERROR] => Restarting Mongo server
[2026-08-22 13:58:41] - [ERROR] => MongoDB connection error => querySrv ENOTFOUND _mongodb._tcp.testcluster.urrgt.mongodb.net
[2026-08-22 13:58:43] - [ERROR] => Restarting Mongo server
[2026-08-22 13:58:44] - [ERROR] => MongoDB connection error => querySrv ENOTFOUND _mongodb._tcp.testcluster.urrgt.mongodb.net
[2026-08-22 13:58:46] - [ERROR] => Restarting Mongo server
[2026-08-22 13:58:46] - [ERROR] => MongoDB connection error => querySrv ENOTFOUND _mongodb._tcp.testcluster.urrgt.mongodb.net
[2026-08-22 13:58:48] - [ERROR] => Restarting Mongo server
[2026-08-22 13:58:48] - [ERROR] => MongoDB connection error => querySrv ENOTFOUND _mongodb._tcp.testcluster.urrgt.mongodb.net
[2026-08-22 13:58:50] - [ERROR] => Restarting Mongo server
[2026-08-22 13:58:50] - [ERROR] => MongoDB connection error => querySrv ENOTFOUND _mongodb._tcp.testcluster.urrgt.mongodb.net
[2026-08-22 13:58:52] - [ERROR] => Restarting Mongo server
[2026-08-22 13:58:52] - [ERROR] => MongoDB connection error => querySrv ENOTFOUND _mongodb._tcp.testcluster.urrgt.mongodb.net
[2026-08-22 13:58:55] - [ERROR] => Restarting Mongo server
[2026-08-22 13:58:55] - [ERROR] => MongoDB connection error => querySrv ENOTFOUND _mongodb._tcp.testcluster.urrgt.mongodb.net
[2026-08-22 13:58:57] - [ERROR] => Restarting Mongo server
[2026-08-22 13:58:57] - [ERROR] => MongoDB connection error => querySrv ENOTFOUND _mongodb._tcp.testcluster.urrgt.mongodb.net
[2026-08-22 13:58:59] - [ERROR] => Restarting Mongo server
[2026-08-22 13:58:59] - [ERROR] => MongoDB connection error => querySrv ENOTFOUND _mongodb._tcp.testcluster.urrgt.mongodb.net
[2026-08-22 13:59:01] - [ERROR] => Restarting Mongo server
[2026-08-22 13:59:01] - [ERROR] => MongoDB connection error => querySrv ENOTFOUND _mongodb._tcp.testcluster.urrgt.mongodb.net
[2026-08-22 13:59:03] - [ERROR] => Restarting Mongo server
[2026-08-22 13:59:03] - [ERROR] => MongoDB connection error => querySrv ENOTFOUND _mongodb._tcp.testcluster.urrgt.mongodb.net
[2026-08-22 13:59:05] - [ERROR] => Restarting Mongo server
[2026-08-22 13:59:05] - [ERROR] => MongoDB connection error => querySrv ENOTFOUND _mongodb._tcp.testcluster.urrgt.mongodb.net
[2026-08-22 13:59:07] - [ERROR] => Restarting Mongo server
[2026-08-22 13:59:07] - [ERROR] => MongoDB connection error => querySrv ENOTFOUND _mongodb._tcp.testcluster.urrgt.mongodb.net
[2026-08-22 13:59:09] - [ERROR] => Restarting Mongo server
[2026-08-22 13:59:09] - [ERROR] => MongoDB connection error => querySrv ENOTFOUND _mongodb._tcp.testcluster.urrgt.mongodb.net
[2026-08-22 13:59:11] - [ERROR] => Restarting Mongo server
[2026-08-22 13:59:11] - [ERROR] => MongoDB connection error => querySrv ENOTFOUND _mongodb._tcp.testcluster.urrgt.mongodb.net
[2026-08-22 13:59:13] - [ERROR] => Restarting Mongo server
[2026-08-22 13:59:13] - [ERROR] => MongoDB connection error => querySrv ENOTFOUND _mongodb._tcp.testcluster.urrgt.mongodb.net
[2026-08-22 13:59:15] - [ERROR] => Restarting Mongo server
[2026-08-22 13:59:15] - [ERROR] => MongoDB connection error => querySrv ENOTFOUND _mongodb._tcp.testcluster.urrgt.mongodb.net
[2026-08-22 13:59:17] - [ERROR] => Restarting Mongo server
[2026-08-22 13:59:17] - [ERROR] => MongoDB connection error => querySrv ENOTFOUND _mongodb._tcp.testcluster.urrgt.mongodb.net
[2026-08-22 13:59:19] - [ERROR] => Restarting Mongo server
[2026-08-22 13:59:19] - [ERROR] => MongoDB connection error => querySrv ENOTFOUND _mongodb._tcp.testcluster.urrgt.mongodb.net
[2026-08-22 13:59:21] - [ERROR] => Restarting Mongo server
[2026-08-22 13:59:21] - [ERROR] => MongoDB connection error => querySrv ENOTFOUND _mongodb._tcp.testcluster.urrgt.mongodb.net
[2026-08-22 13:59:23] - [ERROR] => Restarting Mongo server
[2026-08-22 13:59:23] - [ERROR] => MongoDB connection error => querySrv ENOTFOUND _mongodb._tcp.testcluster.urrgt.mongodb.net
[2026-08-22 13:59:25] - [ERROR] => Restarting Mongo server
[2026-08-22 13:59:25] - [ERROR] => MongoDB connection error => querySrv ENOTFOUND _mongodb._tcp.testcluster.urrgt.mongodb.net
[2026-08-22 13:59:27] - [ERROR] => Restarting Mongo server
[2026-08-22 13:59:27] - [ERROR] => MongoDB connection error => querySrv ENOTFOUND _mongodb._tcp.testcluster.urrgt.mongodb.net
[2026-08-22 13:59:29] - [ERROR] => Restarting Mongo server
[2026-08-22 13:59:29] - [ERROR] => MongoDB connection error => querySrv ENOTFOUND _mongodb._tcp.testcluster.urrgt.mongodb.net
[2026-08-22 13:59:31] - [ERROR] => Restarting Mongo server
[2026-08-22 13:59:31] - [ERROR] => MongoDB connection error => querySrv ENOTFOUND _mongodb._tcp.testcluster.urrgt.mongodb.net
[2026-08-22 13:59:33] - [ERROR] => Restarting Mongo server
[2026-08-22 13:59:33] - [ERROR] => MongoDB connection error => querySrv ENOTFOUND _mongodb._tcp.testcluster.urrgt.mongodb.net
[2026-08-22 13:59:35] - [ERROR] => Restarting Mongo server
[2026-08-22 13:59:35] - [ERROR] => MongoDB connection error => querySrv ENOTFOUND _mongodb._tcp.testcluster.urrgt.mongodb.net
[2026-08-22 13:59:37] - [ERROR] => Restarting Mongo server
[2026-08-22 13:59:37] - [ERROR] => MongoDB connection error => querySrv ENOTFOUND _mongodb._tcp.testcluster.urrgt.mongodb.net
[2026-08-22 13:59:39] - [ERROR] => Restarting Mongo server
[2026-08-22 13:59:39] - [ERROR] => MongoDB connection error => querySrv ENOTFOUND _mongodb._tcp.testcluster.urrgt.mongodb.net
[2026-08-22 13:59:41] - [ERROR] => Restarting Mongo server
[2026-08-22 13:59:41] - [ERROR] => MongoDB connection error => querySrv ENOTFOUND _mongodb._tcp.testcluster.urrgt.mongodb.net
[2026-08-22 13:59:43] - [ERROR] => Restarting Mongo server
[2026-08-22 13:59:43] - [ERROR] => MongoDB connection error => querySrv ENOTFOUND _mongodb._tcp.testcluster.urrgt.mongodb.net
[2026-08-22 13:59:45] - [ERROR] => Restarting Mongo server
[2026-08-22 13:59:47] - [ERROR] => MongoDB connection error => querySrv ENOTFOUND _mongodb._tcp.testcluster.urrgt.mongodb.net
[2026-08-22 13:59:49] - [ERROR] => Restarting Mongo server
[2026-08-22 13:59:49] - [ERROR] => MongoDB connection error => querySrv ENOTFOUND _mongodb._tcp.testcluster.urrgt.mongodb.net
[2026-08-22 13:59:51] - [ERROR] => Restarting Mongo server
[2026-08-22 13:59:51] - [ERROR] => MongoDB connection error => querySrv ENOTFOUND _mongodb._tcp.testcluster.urrgt.mongodb.net
[2026-08-22 13:59:53] - [ERROR] => Restarting Mongo server
[2026-08-22 13:59:53] - [ERROR] => MongoDB connection error => querySrv ENOTFOUND _mongodb._tcp.testcluster.urrgt.mongodb.net
[2026-08-22 13:59:55] - [ERROR] => Restarting Mongo server
[2026-08-22 13:59:55] - [ERROR] => MongoDB connection error => querySrv ENOTFOUND _mongodb._tcp.testcluster.urrgt.mongodb.net
[2026-08-22 13:59:57] - [ERROR] => Restarting Mongo server
[2026-08-22 13:59:57] - [ERROR] => MongoDB connection error => querySrv ENOTFOUND _mongodb._tcp.testcluster.urrgt.mongodb.net
[2026-08-22 13:59:59] - [ERROR] => Restarting Mongo server
[2026-08-22 13:59:59] - [ERROR] => MongoDB connection error => querySrv ENOTFOUND _mongodb._tcp.testcluster.urrgt.mongodb.net
[2026-08-22 14:00:01] - [ERROR] => Restarting Mongo server
[2026-08-22 14:00:01] - [ERROR] => MongoDB connection error => querySrv ENOTFOUND _mongodb._tcp.testcluster.urrgt.mongodb.net
[2026-08-22 14:00:03] - [ERROR] => Restarting Mongo server
[2026-08-22 14:00:03] - [ERROR] => MongoDB connection error => querySrv ENOTFOUND _mongodb._tcp.testcluster.urrgt.mongodb.net
[2026-08-22 14:00:05] - [ERROR] => Restarting Mongo server
[2026-08-22 14:00:05] - [ERROR] => MongoDB connection error => querySrv ENOTFOUND _mongodb._tcp.testcluster.urrgt.mongodb.net
[2026-08-22 14:00:07] - [ERROR] => Restarting Mongo server
[2026-08-22 14:00:07] - [ERROR] => MongoDB connection error => querySrv ENOTFOUND _mongodb._tcp.testcluster.urrgt.mongodb.net
[2026-08-22 14:00:09] - [ERROR] => Restarting Mongo server
[2026-08-22 14:00:09] - [ERROR] => MongoDB connection error => querySrv ENOTFOUND _mongodb._tcp.testcluster.urrgt.mongodb.net
[2026-08-22 14:00:11] - [ERROR] => Restarting Mongo server
[2026-08-22 14:00:11] - [ERROR] => MongoDB connection error => querySrv ENOTFOUND _mongodb._tcp.testcluster.urrgt.mongodb.net
[2026-08-22 14:00:13] - [ERROR] => Restarting Mongo server
[2026-08-22 14:00:13] - [ERROR] => MongoDB connection error => querySrv ENOTFOUND _mongodb._tcp.testcluster.urrgt.mongodb.net
[2026-08-22 14:00:15] - [ERROR] => Restarting Mongo server
[2026-08-22 14:00:15] - [ERROR] => MongoDB connection error => querySrv ENOTFOUND _mongodb._tcp.testcluster.urrgt.mongodb.net
[2026-08-22 14:00:17] - [ERROR] => Restarting Mongo server
[2026-08-22 14:00:17] - [ERROR] => MongoDB connection error => querySrv ENOTFOUND _mongodb._tcp.testcluster.urrgt.mongodb.net
[2026-08-22 14:00:19] - [ERROR] => Restarting Mongo server
[2026-08-22 14:00:19] - [ERROR] => MongoDB connection error => querySrv ENOTFOUND _mongodb._tcp.testcluster.urrgt.mongodb.net
[2026-08-22 14:00:21] - [ERROR] => Restarting Mongo server
[2026-08-22 14:00:21] - [ERROR] => MongoDB connection error => querySrv ENOTFOUND _mongodb._tcp.testcluster.urrgt.mongodb.net
[2026-08-22 14:00:23] - [ERROR] => Restarting Mongo server
[2026-08-22 14:00:23] - [ERROR] => MongoDB connection error => querySrv ENOTFOUND _mongodb._tcp.testcluster.urrgt.mongodb.net
[2026-08-22 14:00:25] - [ERROR] => Restarting Mongo server
[2026-08-22 14:00:26] - [ERROR] => MongoDB connection error => querySrv ENOTFOUND _mongodb._tcp.testcluster.urrgt.mongodb.net
[2026-08-22 14:00:28] - [ERROR] => Restarting Mongo server
[2026-08-22 14:00:28] - [ERROR] => MongoDB connection error => querySrv ENOTFOUND _mongodb._tcp.testcluster.urrgt.mongodb.net
[2026-08-22 14:00:30] - [ERROR] => Restarting Mongo server
[2026-08-22 14:00:30] - [ERROR] => MongoDB connection error => querySrv ENOTFOUND _mongodb._tcp.testcluster.urrgt.mongodb.net
[2026-08-22 14:00:32] - [ERROR] => Restarting Mongo server
[2026-08-22 14:00:32] - [ERROR] => MongoDB connection error => querySrv ENOTFOUND _mongodb._tcp.testcluster.urrgt.mongodb.net
[2026-08-22 14:00:34] - [ERROR] => Restarting Mongo server
[2026-08-22 14:00:34] - [ERROR] => MongoDB connection error => querySrv ENOTFOUND _mongodb._tcp.testcluster.urrgt.mongodb.net
[2026-08-22 14:00:36] - [ERROR] => Restarting Mongo server
[2026-08-22 14:00:36] - [ERROR] => MongoDB connection error => querySrv ENOTFOUND _mongodb._tcp.testcluster.urrgt.mongodb.net
[2026-08-22 14:00:38] - [ERROR] => Restarting Mongo server
[2026-08-22 14:00:38] - [ERROR] => MongoDB connection error => querySrv ENOTFOUND _mongodb._tcp.testcluster.urrgt.mongodb.net
[2026-08-22 14:00:40] - [ERROR] => Restarting Mongo server
[2026-08-22 14:00:40] - [ERROR] => MongoDB connection error => querySrv ENOTFOUND _mongodb._tcp.testcluster.urrgt.mongodb.net
[2026-08-22 14:00:42] - [ERROR] => Restarting Mongo server
[2026-08-22 14:00:42] - [ERROR] => MongoDB connection error => querySrv ENOTFOUND _mongodb._tcp.testcluster.urrgt.mongodb.net
[2026-08-22 14:00:44] - [ERROR] => Restarting Mongo server
[2026-08-22 14:00:44] - [ERROR] => MongoDB connection error => querySrv ENOTFOUND _mongodb._tcp.testcluster.urrgt.mongodb.net
[2026-08-22 14:00:46] - [ERROR] => Restarting Mongo server
[2026-08-22 14:00:46] - [ERROR] => MongoDB connection error => querySrv ENOTFOUND _mongodb._tcp.testcluster.urrgt.mongodb.net
[2026-08-22 14:00:48] - [ERROR] => Restarting Mongo server
[2026-08-22 14:00:49] - [ERROR] => MongoDB connection error => querySrv ENOTFOUND _mongodb._tcp.testcluster.urrgt.mongodb.net
[2026-08-22 14:00:51] - [ERROR] => Restarting Mongo server
[2026-08-22 14:00:51] - [ERROR] => MongoDB connection error => querySrv ENOTFOUND _mongodb._tcp.testcluster.urrgt.mongodb.net
[2026-08-22 14:00:53] - [ERROR] => Restarting Mongo server
[2026-08-22 14:00:53] - [ERROR] => MongoDB connection error => querySrv ENOTFOUND _mongodb._tcp.testcluster.urrgt.mongodb.net
[2026-08-22 14:00:55] - [ERROR] => Restarting Mongo server
[2026-08-22 14:00:55] - [ERROR] => MongoDB connection error => querySrv ENOTFOUND _mongodb._tcp.testcluster.urrgt.mongodb.net
[2026-08-22 14:00:57] - [ERROR] => Restarting Mongo server
[2026-08-22 14:00:57] - [ERROR] => MongoDB connection error => querySrv ENOTFOUND _mongodb._tcp.testcluster.urrgt.mongodb.net
[2026-08-22 14:00:59] - [ERROR] => Restarting Mongo server
[2026-08-22 14:00:59] - [ERROR] => MongoDB connection error => querySrv ENOTFOUND _mongodb._tcp.testcluster.urrgt.mongodb.net
[2026-08-22 14:01:01] - [ERROR] => Restarting Mongo server
[2026-08-22 14:01:01] - [ERROR] => MongoDB connection error => querySrv ENOTFOUND _mongodb._tcp.testcluster.urrgt.mongodb.net
[2026-08-22 14:01:03] - [ERROR] => Restarting Mongo server
[2026-08-22 14:01:03] - [ERROR] => MongoDB connection error => querySrv ENOTFOUND _mongodb._tcp.testcluster.urrgt.mongodb.net
[2026-08-22 14:01:05] - [ERROR] => Restarting Mongo server
[2026-08-22 14:01:05] - [ERROR] => MongoDB connection error => querySrv ENOTFOUND _mongodb._tcp.testcluster.urrgt.mongodb.net
[2026-08-22 14:01:07] - [ERROR] => Restarting Mongo server
[2026-08-22 14:01:07] - [ERROR] => MongoDB connection error => querySrv ENOTFOUND _mongodb._tcp.testcluster.urrgt.mongodb.net
[2026-08-22 14:01:09] - [ERROR] => Restarting Mongo server
[2026-08-22 14:01:09] - [ERROR] => MongoDB connection error => querySrv ENOTFOUND _mongodb._tcp.testcluster.urrgt.mongodb.net
[2026-08-22 14:01:11] - [ERROR] => Restarting Mongo server
[2026-08-22 14:01:11] - [ERROR] => MongoDB connection error => querySrv ENOTFOUND _mongodb._tcp.testcluster.urrgt.mongodb.net
[2026-08-22 14:01:13] - [ERROR] => Restarting Mongo server
[2026-08-22 14:01:13] - [ERROR] => MongoDB connection error => querySrv ENOTFOUND _mongodb._tcp.testcluster.urrgt.mongodb.net
[2026-08-22 14:01:15] - [ERROR] => Restarting Mongo server
[2026-08-22 14:01:15] - [ERROR] => MongoDB connection error => querySrv ENOTFOUND _mongodb._tcp.testcluster.urrgt.mongodb.net
[2026-08-22 14:01:17] - [ERROR] => Restarting Mongo server
[2026-08-22 14:01:17] - [ERROR] => MongoDB connection error => querySrv ENOTFOUND _mongodb._tcp.testcluster.urrgt.mongodb.net
[2026-08-22 14:01:19] - [ERROR] => Restarting Mongo server
[2026-08-22 14:01:19] - [ERROR] => MongoDB connection error => querySrv ENOTFOUND _mongodb._tcp.testcluster.urrgt.mongodb.net
[2026-08-22 14:01:21] - [ERROR] => Restarting Mongo server
[2026-08-22 14:01:21] - [ERROR] => MongoDB connection error => querySrv ENOTFOUND _mongodb._tcp.testcluster.urrgt.mongodb.net
[2026-08-22 14:01:23] - [ERROR] => Restarting Mongo server
[2026-08-22 14:01:23] - [ERROR] => MongoDB connection error => querySrv ENOTFOUND _mongodb._tcp.testcluster.urrgt.mongodb.net
[2026-08-22 14:01:25] - [ERROR] => Restarting Mongo server
[2026-08-22 14:01:25] - [ERROR] => MongoDB connection error => querySrv ENOTFOUND _mongodb._tcp.testcluster.urrgt.mongodb.net
[2026-08-22 14:01:27] - [ERROR] => Restarting Mongo server
[2026-08-22 14:01:27] - [ERROR] => MongoDB connection error => querySrv ENOTFOUND _mongodb._tcp.testcluster.urrgt.mongodb.net
[2026-08-22 14:01:29] - [ERROR] => Restarting Mongo server
[2026-08-22 14:01:29] - [ERROR] => MongoDB connection error => querySrv ENOTFOUND _mongodb._tcp.testcluster.urrgt.mongodb.net
[2026-08-22 14:01:31] - [ERROR] => Restarting Mongo server
[2026-08-22 14:01:31] - [ERROR] => MongoDB connection error => querySrv ENOTFOUND _mongodb._tcp.testcluster.urrgt.mongodb.net
[2026-08-22 14:01:33] - [ERROR] => Restarting Mongo server
[2026-08-22 14:01:33] - [ERROR] => MongoDB connection error => querySrv ENOTFOUND _mongodb._tcp.testcluster.urrgt.mongodb.net
[2026-08-22 14:01:35] - [ERROR] => Restarting Mongo server
[2026-08-22 14:01:35] - [ERROR] => MongoDB connection error => querySrv ENOTFOUND _mongodb._tcp.testcluster.urrgt.mongodb.net
[2026-08-22 14:01:37] - [ERROR] => Restarting Mongo server
[2026-08-22 14:01:37] - [ERROR] => MongoDB connection error => querySrv ENOTFOUND _mongodb._tcp.testcluster.urrgt.mongodb.net
[2026-08-22 14:01:39] - [ERROR] => Restarting Mongo server
[2026-08-22 14:01:39] - [ERROR] => MongoDB connection error => querySrv ENOTFOUND _mongodb._tcp.testcluster.urrgt.mongodb.net
[2026-08-22 14:01:41] - [ERROR] => Restarting Mongo server
[2026-08-22 14:01:41] - [ERROR] => MongoDB connection error => querySrv ENOTFOUND _mongodb._tcp.testcluster.urrgt.mongodb.net
[2026-08-22 14:01:43] - [ERROR] => Restarting Mongo server
[2026-08-22 14:01:43] - [ERROR] => MongoDB connection error => querySrv ENOTFOUND _mongodb._tcp.testcluster.urrgt.mongodb.net
[2026-08-22 14:01:45] - [ERROR] => Restarting Mongo server
[2026-08-22 14:01:45] - [ERROR] => MongoDB connection error => querySrv ENOTFOUND _mongodb._tcp.testcluster.urrgt.mongodb.net
[2026-08-22 14:01:47] - [ERROR] => Restarting Mongo server
[2026-08-22 14:01:47] - [ERROR] => MongoDB connection error => querySrv ENOTFOUND _mongodb._tcp.testcluster.urrgt.mongodb.net
[2026-08-22 14:01:49] - [ERROR] => Restarting Mongo server
[2026-08-22 14:01:50] - [ERROR] => MongoDB connection error => querySrv ENOTFOUND _mongodb._tcp.testcluster.urrgt.mongodb.net
[2026-08-22 14:01:52] - [ERROR] => Restarting Mongo server
[2026-08-22 14:01:52] - [ERROR] => MongoDB connection error => querySrv ENOTFOUND _mongodb._tcp.testcluster.urrgt.mongodb.net
[2026-08-22 14:01:54] - [ERROR] => Restarting Mongo server
[2026-08-22 14:01:54] - [ERROR] => MongoDB connection error => querySrv ENOTFOUND _mongodb._tcp.testcluster.urrgt.mongodb.net
[2026-08-22 14:01:56] - [ERROR] => Restarting Mongo server
[2026-08-22 14:01:56] - [ERROR] => MongoDB connection error => querySrv ENOTFOUND _mongodb._tcp.testcluster.urrgt.mongodb.net
[2026-08-22 14:01:58] - [ERROR] => Restarting Mongo server
[2026-08-22 14:01:58] - [ERROR] => MongoDB connection error => querySrv ENOTFOUND _mongodb._tcp.testcluster.urrgt.mongodb.net
[2026-08-22 14:02:00] - [ERROR] => Restarting Mongo server
[2026-08-22 14:02:00] - [ERROR] => MongoDB connection error => querySrv ENOTFOUND _mongodb._tcp.testcluster.urrgt.mongodb.net
[2026-08-22 14:02:02] - [ERROR] => Restarting Mongo server
[2026-08-22 14:02:02] - [ERROR] => MongoDB connection error => querySrv ENOTFOUND _mongodb._tcp.testcluster.urrgt.mongodb.net
[2026-08-22 14:02:04] - [ERROR] => Restarting Mongo server
[2026-08-22 14:02:04] - [ERROR] => MongoDB connection error => querySrv ENOTFOUND _mongodb._tcp.testcluster.urrgt.mongodb.net
[2026-08-22 14:02:06] - [ERROR] => Restarting Mongo server
[2026-08-22 14:02:06] - [ERROR] => MongoDB connection error => querySrv ENOTFOUND _mongodb._tcp.testcluster.urrgt.mongodb.net
[2026-08-22 14:02:08] - [ERROR] => Restarting Mongo server
[2026-08-22 14:02:08] - [ERROR] => MongoDB connection error => querySrv ENOTFOUND _mongodb._tcp.testcluster.urrgt.mongodb.net
[2026-08-22 14:02:10] - [ERROR] => Restarting Mongo server
[2026-08-22 14:02:10] - [ERROR] => MongoDB connection error => querySrv ENOTFOUND _mongodb._tcp.testcluster.urrgt.mongodb.net
[2026-08-22 14:02:12] - [ERROR] => Restarting Mongo server
[2026-08-22 14:02:12] - [ERROR] => MongoDB connection error => querySrv ENOTFOUND _mongodb._tcp.testcluster.urrgt.mongodb.net
[2026-08-22 14:02:14] - [ERROR] => Restarting Mongo server
[2026-08-22 14:02:14] - [ERROR] => MongoDB connection error => querySrv ENOTFOUND _mongodb._tcp.testcluster.urrgt.mongodb.net
[2026-08-22 14:02:16] - [ERROR] => Restarting Mongo server
[2026-08-22 14:02:16] - [ERROR] => MongoDB connection error => querySrv ENOTFOUND _mongodb._tcp.testcluster.urrgt.mongodb.net
[2026-08-22 14:02:18] - [ERROR] => Restarting Mongo server
[2026-08-22 14:02:18] - [ERROR] => MongoDB connection error => querySrv ENOTFOUND _mongodb._tcp.testcluster.urrgt.mongodb.net
[2026-08-22 14:02:20] - [ERROR] => Restarting Mongo server
[2026-08-22 14:02:20] - [ERROR] => MongoDB connection error => querySrv ENOTFOUND _mongodb._tcp.testcluster.urrgt.mongodb.net
[2026-08-22 14:02:22] - [ERROR] => Restarting Mongo server
[2026-08-22 14:02:22] - [ERROR] => MongoDB connection error => querySrv ENOTFOUND _mongodb._tcp.testcluster.urrgt.mongodb.net
[2026-08-22 14:02:24] - [ERROR] => Restarting Mongo server
[2026-08-22 14:02:24] - [ERROR] => MongoDB connection error => querySrv ENOTFOUND _mongodb._tcp.testcluster.urrgt.mongodb.net
[2026-08-22 14:02:26] - [ERROR] => Restarting Mongo server
[2026-08-22 14:02:26] - [ERROR] => MongoDB connection error => querySrv ENOTFOUND _mongodb._tcp.testcluster.urrgt.mongodb.net
[2026-08-22 14:02:28] - [ERROR] => Restarting Mongo server
[2026-08-22 14:02:28] - [ERROR] => MongoDB connection error => querySrv ENOTFOUND _mongodb._tcp.testcluster.urrgt.mongodb.net
[2026-08-22 14:02:30] - [ERROR] => Restarting Mongo server
[2026-08-22 14:02:30] - [ERROR] => MongoDB connection error => querySrv ENOTFOUND _mongodb._tcp.testcluster.urrgt.mongodb.net
[2026-08-22 14:02:32] - [ERROR] => Restarting Mongo server
[2026-08-22 14:02:32] - [ERROR] => MongoDB connection error => querySrv ENOTFOUND _mongodb._tcp.testcluster.urrgt.mongodb.net
[2026-08-22 14:02:34] - [ERROR] => Restarting Mongo server
[2026-08-22 14:02:34] - [ERROR] => MongoDB connection error => querySrv ENOTFOUND _mongodb._tcp.testcluster.urrgt.mongodb.net
[2026-08-22 14:02:36] - [ERROR] => Restarting Mongo server
[2026-08-22 14:02:36] - [ERROR] => MongoDB connection error => querySrv ENOTFOUND _mongodb._tcp.testcluster.urrgt.mongodb.net
[2026-08-22 14:02:38] - [ERROR] => Restarting Mongo server
[2026-08-22 14:02:38] - [ERROR] => MongoDB connection error => querySrv ENOTFOUND _mongodb._tcp.testcluster.urrgt.mongodb.net
[2026-08-22 14:02:40] - [ERROR] => Restarting Mongo server
[2026-08-22 14:02:40] - [ERROR] => MongoDB connection error => querySrv ENOTFOUND _mongodb._tcp.testcluster.urrgt.mongodb.net
[2026-08-22 14:02:42] - [ERROR] => Restarting Mongo server
[2026-08-22 14:02:42] - [ERROR] => MongoDB connection error => querySrv ENOTFOUND _mongodb._tcp.testcluster.urrgt.mongodb.net
[2026-08-22 14:02:44] - [ERROR] => Restarting Mongo server
[2026-08-22 14:02:44] - [ERROR] => MongoDB connection error => querySrv ENOTFOUND _mongodb._tcp.testcluster.urrgt.mongodb.net
[2026-08-22 14:02:46] - [ERROR] => Restarting Mongo server
[2026-08-22 14:02:46] - [ERROR] => MongoDB connection error => querySrv ENOTFOUND _mongodb._tcp.testcluster.urrgt.mongodb.net
[2026-08-22 14:02:48] - [ERROR] => Restarting Mongo server
[2026-08-22 14:02:48] - [ERROR] => MongoDB connection error => querySrv ENOTFOUND _mongodb._tcp.testcluster.urrgt.mongodb.net
[2026-08-22 14:02:50] - [ERROR] => Restarting Mongo server
[2026-08-22 14:02:51] - [ERROR] => MongoDB connection error => querySrv ENOTFOUND _mongodb._tcp.testcluster.urrgt.mongodb.net
[2026-08-22 14:02:53] - [ERROR] => Restarting Mongo server
[2026-08-22 14:02:53] - [ERROR] => MongoDB connection error => querySrv ENOTFOUND _mongodb._tcp.testcluster.urrgt.mongodb.net
[2026-08-22 14:02:55] - [ERROR] => Restarting Mongo server
[2026-08-22 14:02:55] - [ERROR] => MongoDB connection error => querySrv ENOTFOUND _mongodb._tcp.testcluster.urrgt.mongodb.net
[2026-08-22 14:02:57] - [ERROR] => Restarting Mongo server
[2026-08-22 14:02:57] - [ERROR] => MongoDB connection error => querySrv ENOTFOUND _mongodb._tcp.testcluster.urrgt.mongodb.net
[2026-08-22 14:02:59] - [ERROR] => Restarting Mongo server
[2026-08-22 14:02:59] - [ERROR] => MongoDB connection error => querySrv ENOTFOUND _mongodb._tcp.testcluster.urrgt.mongodb.net
[2026-08-22 14:03:01] - [ERROR] => Restarting Mongo server
[2026-08-22 14:03:01] - [ERROR] => MongoDB connection error => querySrv ENOTFOUND _mongodb._tcp.testcluster.urrgt.mongodb.net
[2026-08-22 14:03:03] - [ERROR] => Restarting Mongo server
[2026-08-22 14:03:03] - [ERROR] => MongoDB connection error => querySrv ENOTFOUND _mongodb._tcp.testcluster.urrgt.mongodb.net
[2026-08-22 14:03:05] - [ERROR] => Restarting Mongo server
[2026-08-22 14:03:05] - [ERROR] => MongoDB connection error => querySrv ENOTFOUND _mongodb._tcp.testcluster.urrgt.mongodb.net
[2026-08-22 14:03:07] - [ERROR] => Restarting Mongo server
[2026-08-22 14:03:07] - [ERROR] => MongoDB connection error => querySrv ENOTFOUND _mongodb._tcp.testcluster.urrgt.mongodb.net
[2026-08-22 14:03:09] - [ERROR] => Restarting Mongo server
[2026-08-22 14:03:09] - [ERROR] => MongoDB connection error => querySrv ENOTFOUND _mongodb._tcp.testcluster.urrgt.mongodb.net
[2026-08-22 14:03:11] - [ERROR] => Restarting Mongo server
[2026-08-22 14:03:11] - [ERROR] => MongoDB connection error => querySrv ENOTFOUND _mongodb._tcp.testcluster.urrgt.mongodb.net
[2026-08-22 14:03:13] - [ERROR] => Restarting Mongo server
[2026-08-22 14:03:13] - [ERROR] => MongoDB connection error => querySrv ENOTFOUND _mongodb._tcp.testcluster.urrgt.mongodb.net
[2026-08-22 14:03:15] - [ERROR] => Restarting Mongo server
[2026-08-22 14:03:15] - [ERROR] => MongoDB connection error => querySrv ENOTFOUND _mongodb._tcp.testcluster.urrgt.mongodb.net
[2026-08-22 14:03:17] - [ERROR] => Restarting Mongo server
[2026-08-22 14:03:18] - [ERROR] => MongoDB connection error => querySrv ENOTFOUND _mongodb._tcp.testcluster.urrgt.mongodb.net
[2026-08-22 14:03:20] - [ERROR] => Restarting Mongo server
[2026-08-22 14:03:20] - [ERROR] => MongoDB connection error => querySrv ENOTFOUND _mongodb._tcp.testcluster.urrgt.mongodb.net
[2026-08-22 14:03:22] - [ERROR] => Restarting Mongo server
[2026-08-22 14:03:22] - [ERROR] => MongoDB connection error => querySrv ENOTFOUND _mongodb._tcp.testcluster.urrgt.mongodb.net
[2026-08-22 14:03:24] - [ERROR] => Restarting Mongo server
[2026-08-22 14:03:24] - [ERROR] => MongoDB connection error => querySrv ENOTFOUND _mongodb._tcp.testcluster.urrgt.mongodb.net
[2026-08-22 14:03:26] - [ERROR] => Restarting Mongo server
[2026-08-22 14:03:26] - [ERROR] => MongoDB connection error => querySrv ENOTFOUND _mongodb._tcp.testcluster.urrgt.mongodb.net
[2026-08-22 14:03:28] - [ERROR] => Restarting Mongo server
[2026-08-22 14:03:28] - [ERROR] => MongoDB connection error => querySrv ENOTFOUND _mongodb._tcp.testcluster.urrgt.mongodb.net
[2026-08-22 14:03:30] - [ERROR] => Restarting Mongo server
[2026-08-22 14:03:30] - [ERROR] => MongoDB connection error => querySrv ENOTFOUND _mongodb._tcp.testcluster.urrgt.mongodb.net
[2026-08-22 14:03:32] - [ERROR] => Restarting Mongo server
[2026-08-22 14:03:32] - [ERROR] => MongoDB connection error => querySrv ENOTFOUND _mongodb._tcp.testcluster.urrgt.mongodb.net
[2026-08-22 14:03:34] - [ERROR] => Restarting Mongo server
[2026-08-22 14:03:34] - [ERROR] => MongoDB connection error => querySrv ENOTFOUND _mongodb._tcp.testcluster.urrgt.mongodb.net
[2026-08-22 14:03:36] - [ERROR] => Restarting Mongo server
[2026-08-22 14:03:36] - [ERROR] => MongoDB connection error => querySrv ENOTFOUND _mongodb._tcp.testcluster.urrgt.mongodb.net
[2026-08-22 14:03:38] - [ERROR] => Restarting Mongo server
[2026-08-22 14:03:38] - [ERROR] => MongoDB connection error => querySrv ENOTFOUND _mongodb._tcp.testcluster.urrgt.mongodb.net
[2026-08-22 14:03:40] - [ERROR] => Restarting Mongo server
[2026-08-22 14:03:40] - [ERROR] => MongoDB connection error => querySrv ENOTFOUND _mongodb._tcp.testcluster.urrgt.mongodb.net
[2026-08-22 14:03:42] - [ERROR] => Restarting Mongo server
[2026-08-22 14:03:42] - [ERROR] => MongoDB connection error => querySrv ENOTFOUND _mongodb._tcp.testcluster.urrgt.mongodb.net
[2026-08-22 14:03:44] - [ERROR] => Restarting Mongo server
[2026-08-22 14:03:44] - [ERROR] => MongoDB connection error => querySrv ENOTFOUND _mongodb._tcp.testcluster.urrgt.mongodb.net
[2026-08-22 14:03:46] - [ERROR] => Restarting Mongo server
[2026-08-22 14:03:46] - [ERROR] => MongoDB connection error => querySrv ENOTFOUND _mongodb._tcp.testcluster.urrgt.mongodb.net
[2026-08-22 14:03:48] - [ERROR] => Restarting Mongo server
[2026-08-22 14:03:48] - [ERROR] => MongoDB connection error => querySrv ENOTFOUND _mongodb._tcp.testcluster.urrgt.mongodb.net
[2026-08-22 14:03:50] - [ERROR] => Restarting Mongo server
[2026-08-22 14:03:50] - [ERROR] => MongoDB connection error => querySrv ENOTFOUND _mongodb._tcp.testcluster.urrgt.mongodb.net
[2026-08-22 14:03:52] - [ERROR] => Restarting Mongo server
[2026-08-22 14:03:53] - [ERROR] => MongoDB connection error => querySrv ENOTFOUND _mongodb._tcp.testcluster.urrgt.mongodb.net
[2026-08-22 14:03:55] - [ERROR] => Restarting Mongo server
[2026-08-22 14:03:55] - [ERROR] => MongoDB connection error => querySrv ENOTFOUND _mongodb._tcp.testcluster.urrgt.mongodb.net
[2026-08-22 14:03:57] - [ERROR] => Restarting Mongo server
[2026-08-22 14:03:57] - [ERROR] => MongoDB connection error => querySrv ENOTFOUND _mongodb._tcp.testcluster.urrgt.mongodb.net
[2026-08-22 14:03:59] - [ERROR] => Restarting Mongo server
[2026-08-22 14:03:59] - [ERROR] => MongoDB connection error => querySrv ENOTFOUND _mongodb._tcp.testcluster.urrgt.mongodb.net
[2026-08-22 14:04:01] - [ERROR] => Restarting Mongo server
[2026-08-22 14:04:01] - [ERROR] => MongoDB connection error => querySrv ENOTFOUND _mongodb._tcp.testcluster.urrgt.mongodb.net
[2026-08-22 14:04:03] - [ERROR] => Restarting Mongo server
[2026-08-22 14:04:03] - [ERROR] => MongoDB connection error => querySrv ENOTFOUND _mongodb._tcp.testcluster.urrgt.mongodb.net
[2026-08-22 14:04:05] - [ERROR] => Restarting Mongo server
[2026-08-22 14:04:05] - [ERROR] => MongoDB connection error => querySrv ENOTFOUND _mongodb._tcp.testcluster.urrgt.mongodb.net
[2026-08-22 14:04:07] - [ERROR] => Restarting Mongo server
[2026-08-22 14:04:07] - [ERROR] => MongoDB connection error => querySrv ENOTFOUND _mongodb._tcp.testcluster.urrgt.mongodb.net
[2026-08-22 14:04:09] - [ERROR] => Restarting Mongo server
[2026-08-22 14:04:09] - [ERROR] => MongoDB connection error => querySrv ENOTFOUND _mongodb._tcp.testcluster.urrgt.mongodb.net
[2026-08-22 14:04:11] - [ERROR] => Restarting Mongo server
[2026-08-22 14:04:11] - [ERROR] => MongoDB connection error => querySrv ENOTFOUND _mongodb._tcp.testcluster.urrgt.mongodb.net
[2026-08-22 14:04:13] - [ERROR] => Restarting Mongo server
[2026-08-22 14:04:13] - [ERROR] => MongoDB connection error => querySrv ENOTFOUND _mongodb._tcp.testcluster.urrgt.mongodb.net
[2026-08-22 14:04:15] - [ERROR] => Restarting Mongo server
[2026-08-22 14:04:15] - [ERROR] => MongoDB connection error => querySrv ENOTFOUND _mongodb._tcp.testcluster.urrgt.mongodb.net
[2026-08-22 14:04:17] - [ERROR] => Restarting Mongo server
[2026-08-22 14:04:17] - [ERROR] => MongoDB connection error => querySrv ENOTFOUND _mongodb._tcp.testcluster.urrgt.mongodb.net
[2026-08-22 14:04:19] - [ERROR] => Restarting Mongo server
[2026-08-22 14:04:19] - [ERROR] => MongoDB connection error => querySrv ENOTFOUND _mongodb._tcp.testcluster.urrgt.mongodb.net
[2026-08-22 14:04:21] - [ERROR] => Restarting Mongo server
[2026-08-22 14:04:21] - [ERROR] => MongoDB connection error => querySrv ENOTFOUND _mongodb._tcp.testcluster.urrgt.mongodb.net
[2026-08-22 14:04:23] - [ERROR] => Restarting Mongo server
[2026-08-22 14:04:23] - [ERROR] => MongoDB connection error => querySrv ENOTFOUND _mongodb._tcp.testcluster.urrgt.mongodb.net
[2026-08-22 14:04:25] - [ERROR] => Restarting Mongo server
[2026-08-22 14:04:25] - [ERROR] => MongoDB connection error => querySrv ENOTFOUND _mongodb._tcp.testcluster.urrgt.mongodb.net
[2026-08-22 14:04:27] - [ERROR] => Restarting Mongo server
[2026-08-22 14:04:27] - [ERROR] => MongoDB connection error => querySrv ENOTFOUND _mongodb._tcp.testcluster.urrgt.mongodb.net
[2026-08-22 14:04:29] - [ERROR] => Restarting Mongo server
[2026-08-22 14:04:29] - [ERROR] => MongoDB connection error => querySrv ENOTFOUND _mongodb._tcp.testcluster.urrgt.mongodb.net
[2026-08-22 14:04:31] - [ERROR] => Restarting Mongo server
[2026-08-22 14:04:31] - [ERROR] => MongoDB connection error => querySrv ENOTFOUND _mongodb._tcp.testcluster.urrgt.mongodb.net
[2026-08-22 14:04:33] - [ERROR] => Restarting Mongo server
[2026-08-22 14:04:33] - [ERROR] => MongoDB connection error => querySrv ENOTFOUND _mongodb._tcp.testcluster.urrgt.mongodb.net
[2026-08-22 14:04:35] - [ERROR] => Restarting Mongo server
[2026-08-22 14:04:35] - [ERROR] => MongoDB connection error => querySrv ENOTFOUND _mongodb._tcp.testcluster.urrgt.mongodb.net
[2026-08-22 14:04:37] - [ERROR] => Restarting Mongo server
[2026-08-22 14:04:37] - [ERROR] => MongoDB connection error => querySrv ENOTFOUND _mongodb._tcp.testcluster.urrgt.mongodb.net
[2026-08-22 14:04:39] - [ERROR] => Restarting Mongo server
[2026-08-22 14:04:39] - [ERROR] => MongoDB connection error => querySrv ENOTFOUND _mongodb._tcp.testcluster.urrgt.mongodb.net
[2026-08-22 14:04:41] - [ERROR] => Restarting Mongo server
[2026-08-22 14:04:41] - [ERROR] => MongoDB connection error => querySrv ENOTFOUND _mongodb._tcp.testcluster.urrgt.mongodb.net
[2026-08-22 14:04:43] - [ERROR] => Restarting Mongo server
[2026-08-22 14:04:43] - [ERROR] => MongoDB connection error => querySrv ENOTFOUND _mongodb._tcp.testcluster.urrgt.mongodb.net
[2026-08-22 14:04:45] - [ERROR] => Restarting Mongo server
[2026-08-22 14:04:45] - [ERROR] => MongoDB connection error => querySrv ENOTFOUND _mongodb._tcp.testcluster.urrgt.mongodb.net
[2026-08-22 14:04:47] - [ERROR] => Restarting Mongo server
[2026-08-22 14:04:47] - [ERROR] => MongoDB connection error => querySrv ENOTFOUND _mongodb._tcp.testcluster.urrgt.mongodb.net
[2026-08-22 14:04:49] - [ERROR] => Restarting Mongo server
[2026-08-22 14:04:49] - [ERROR] => MongoDB connection error => querySrv ENOTFOUND _mongodb._tcp.testcluster.urrgt.mongodb.net
[2026-08-22 14:04:51] - [ERROR] => Restarting Mongo server
[2026-08-22 14:04:51] - [ERROR] => MongoDB connection error => querySrv ENOTFOUND _mongodb._tcp.testcluster.urrgt.mongodb.net
[2026-08-22 14:04:53] - [ERROR] => Restarting Mongo server
[2026-08-22 14:04:55] - [ERROR] => MongoDB connection error => querySrv ENOTFOUND _mongodb._tcp.testcluster.urrgt.mongodb.net
[2026-08-22 14:04:57] - [ERROR] => Restarting Mongo server
[2026-08-22 14:04:58] - [ERROR] => MongoDB connection error => querySrv ENOTFOUND _mongodb._tcp.testcluster.urrgt.mongodb.net
[2026-08-22 14:05:00] - [ERROR] => Restarting Mongo server
[2026-08-22 14:05:00] - [ERROR] => MongoDB connection error => querySrv ENOTFOUND _mongodb._tcp.testcluster.urrgt.mongodb.net
[2026-08-22 14:05:02] - [ERROR] => Restarting Mongo server
[2026-08-22 14:05:02] - [ERROR] => MongoDB connection error => querySrv ENOTFOUND _mongodb._tcp.testcluster.urrgt.mongodb.net
[2026-08-22 14:05:04] - [ERROR] => Restarting Mongo server
[2026-08-22 14:05:04] - [ERROR] => MongoDB connection error => querySrv ENOTFOUND _mongodb._tcp.testcluster.urrgt.mongodb.net
[2026-08-22 14:05:06] - [ERROR] => Restarting Mongo server
[2026-08-22 14:05:06] - [ERROR] => MongoDB connection error => querySrv ENOTFOUND _mongodb._tcp.testcluster.urrgt.mongodb.net
[2026-08-22 14:05:08] - [ERROR] => Restarting Mongo server
[2026-08-22 14:05:08] - [ERROR] => MongoDB connection error => querySrv ENOTFOUND _mongodb._tcp.testcluster.urrgt.mongodb.net
[2026-08-22 14:05:10] - [ERROR] => Restarting Mongo server
[2026-08-22 14:05:10] - [ERROR] => MongoDB connection error => querySrv ENOTFOUND _mongodb._tcp.testcluster.urrgt.mongodb.net
[2026-08-22 14:05:12] - [ERROR] => Restarting Mongo server
[2026-08-22 14:05:12] - [ERROR] => MongoDB connection error => querySrv ENOTFOUND _mongodb._tcp.testcluster.urrgt.mongodb.net
[2026-08-22 14:05:14] - [ERROR] => Restarting Mongo server
[2026-08-22 14:05:14] - [ERROR] => MongoDB connection error => querySrv ENOTFOUND _mongodb._tcp.testcluster.urrgt.mongodb.net
[2026-08-22 14:05:16] - [ERROR] => Restarting Mongo server
[2026-08-22 14:05:16] - [ERROR] => MongoDB connection error => querySrv ENOTFOUND _mongodb._tcp.testcluster.urrgt.mongodb.net
[2026-08-22 14:05:18] - [ERROR] => Restarting Mongo server
[2026-08-22 14:05:18] - [ERROR] => MongoDB connection error => querySrv ENOTFOUND _mongodb._tcp.testcluster.urrgt.mongodb.net
[2026-08-22 14:05:20] - [ERROR] => Restarting Mongo server
[2026-08-22 14:05:20] - [ERROR] => MongoDB connection error => querySrv ENOTFOUND _mongodb._tcp.testcluster.urrgt.mongodb.net
[2026-08-22 14:05:22] - [ERROR] => Restarting Mongo server
[2026-08-22 14:05:22] - [ERROR] => MongoDB connection error => querySrv ENOTFOUND _mongodb._tcp.testcluster.urrgt.mongodb.net
[2026-08-22 14:05:24] - [ERROR] => Restarting Mongo server
[2026-08-22 14:05:24] - [ERROR] => MongoDB connection error => querySrv ENOTFOUND _mongodb._tcp.testcluster.urrgt.mongodb.net
[2026-08-22 14:05:26] - [ERROR] => Restarting Mongo server
[2026-08-22 14:05:26] - [ERROR] => MongoDB connection error => querySrv ENOTFOUND _mongodb._tcp.testcluster.urrgt.mongodb.net
[2026-08-22 14:05:28] - [ERROR] => Restarting Mongo server
[2026-08-22 14:05:28] - [ERROR] => MongoDB connection error => querySrv ENOTFOUND _mongodb._tcp.testcluster.urrgt.mongodb.net
[2026-08-22 14:05:30] - [ERROR] => Restarting Mongo server
[2026-08-22 14:05:30] - [ERROR] => MongoDB connection error => querySrv ENOTFOUND _mongodb._tcp.testcluster.urrgt.mongodb.net
[2026-08-22 14:05:32] - [ERROR] => Restarting Mongo server
[2026-08-22 14:05:32] - [ERROR] => MongoDB connection error => querySrv ENOTFOUND _mongodb._tcp.testcluster.urrgt.mongodb.net
[2026-08-22 14:05:34] - [ERROR] => Restarting Mongo server
[2026-08-22 14:05:34] - [ERROR] => MongoDB connection error => querySrv ENOTFOUND _mongodb._tcp.testcluster.urrgt.mongodb.net
[2026-08-22 14:05:36] - [ERROR] => Restarting Mongo server
[2026-08-22 14:05:36] - [ERROR] => MongoDB connection error => querySrv ENOTFOUND _mongodb._tcp.testcluster.urrgt.mongodb.net
[2026-08-22 14:05:38] - [ERROR] => Restarting Mongo server
[2026-08-22 14:05:38] - [ERROR] => MongoDB connection error => querySrv ENOTFOUND _mongodb._tcp.testcluster.urrgt.mongodb.net
[2026-08-22 14:05:40] - [ERROR] => Restarting Mongo server
[2026-08-22 14:05:40] - [ERROR] => MongoDB connection error => querySrv ENOTFOUND _mongodb._tcp.testcluster.urrgt.mongodb.net
[2026-08-22 14:05:42] - [ERROR] => Restarting Mongo server
[2026-08-22 14:05:42] - [ERROR] => MongoDB connection error => querySrv ENOTFOUND _mongodb._tcp.testcluster.urrgt.mongodb.net
[2026-08-22 14:05:44] - [ERROR] => Restarting Mongo server
[2026-08-22 14:05:44] - [ERROR] => MongoDB connection error => querySrv ENOTFOUND _mongodb._tcp.testcluster.urrgt.mongodb.net
[2026-08-22 14:05:46] - [ERROR] => Restarting Mongo server
[2026-08-22 14:05:46] - [ERROR] => MongoDB connection error => querySrv ENOTFOUND _mongodb._tcp.testcluster.urrgt.mongodb.net
[2026-08-22 14:05:48] - [ERROR] => Restarting Mongo server
[2026-08-22 14:05:48] - [ERROR] => MongoDB connection error => querySrv ENOTFOUND _mongodb._tcp.testcluster.urrgt.mongodb.net
[2026-08-22 14:05:50] - [ERROR] => Restarting Mongo server
[2026-08-22 14:05:50] - [ERROR] => MongoDB connection error => querySrv ENOTFOUND _mongodb._tcp.testcluster.urrgt.mongodb.net
[2026-08-22 14:05:52] - [ERROR] => Restarting Mongo server
[2026-08-22 14:05:52] - [ERROR] => MongoDB connection error => querySrv ENOTFOUND _mongodb._tcp.testcluster.urrgt.mongodb.net
[2026-08-22 14:05:54] - [ERROR] => Restarting Mongo server
[2026-08-22 14:05:54] - [ERROR] => MongoDB connection error => querySrv ENOTFOUND _mongodb._tcp.testcluster.urrgt.mongodb.net
[2026-08-22 14:05:56] - [ERROR] => Restarting Mongo server
[2026-08-22 14:05:57] - [ERROR] => MongoDB connection error => querySrv ENOTFOUND _mongodb._tcp.testcluster.urrgt.mongodb.net
[2026-08-22 14:05:59] - [ERROR] => Restarting Mongo server
[2026-08-22 14:05:59] - [ERROR] => MongoDB connection error => querySrv ENOTFOUND _mongodb._tcp.testcluster.urrgt.mongodb.net
[2026-08-22 14:06:01] - [ERROR] => Restarting Mongo server
[2026-08-22 14:06:01] - [ERROR] => MongoDB connection error => querySrv ENOTFOUND _mongodb._tcp.testcluster.urrgt.mongodb.net
[2026-08-22 14:06:03] - [ERROR] => Restarting Mongo server
[2026-08-22 14:06:03] - [ERROR] => MongoDB connection error => querySrv ENOTFOUND _mongodb._tcp.testcluster.urrgt.mongodb.net
[2026-08-22 14:06:05] - [ERROR] => Restarting Mongo server
[2026-08-22 14:06:05] - [ERROR] => MongoDB connection error => querySrv ENOTFOUND _mongodb._tcp.testcluster.urrgt.mongodb.net
[2026-08-22 14:06:07] - [ERROR] => Restarting Mongo server
[2026-08-22 14:06:07] - [ERROR] => MongoDB connection error => querySrv ENOTFOUND _mongodb._tcp.testcluster.urrgt.mongodb.net
[2026-08-22 14:06:09] - [ERROR] => Restarting Mongo server
[2026-08-22 14:06:09] - [ERROR] => MongoDB connection error => querySrv ENOTFOUND _mongodb._tcp.testcluster.urrgt.mongodb.net
[2026-08-22 14:06:11] - [ERROR] => Restarting Mongo server
[2026-08-22 14:06:11] - [ERROR] => MongoDB connection error => querySrv ENOTFOUND _mongodb._tcp.testcluster.urrgt.mongodb.net
[2026-08-22 14:06:13] - [ERROR] => Restarting Mongo server
[2026-08-22 14:06:13] - [ERROR] => MongoDB connection error => querySrv ENOTFOUND _mongodb._tcp.testcluster.urrgt.mongodb.net
[2026-08-22 14:06:15] - [ERROR] => Restarting Mongo server
[2026-08-22 14:06:15] - [ERROR] => MongoDB connection error => querySrv ENOTFOUND _mongodb._tcp.testcluster.urrgt.mongodb.net
[2026-08-22 14:06:17] - [ERROR] => Restarting Mongo server
[2026-08-22 14:06:17] - [ERROR] => MongoDB connection error => querySrv ENOTFOUND _mongodb._tcp.testcluster.urrgt.mongodb.net
[2026-08-22 14:06:19] - [ERROR] => Restarting Mongo server
[2026-08-22 14:06:19] - [ERROR] => MongoDB connection error => querySrv ENOTFOUND _mongodb._tcp.testcluster.urrgt.mongodb.net
[2026-08-22 14:06:21] - [ERROR] => Restarting Mongo server
[2026-08-22 14:06:21] - [ERROR] => MongoDB connection error => querySrv ENOTFOUND _mongodb._tcp.testcluster.urrgt.mongodb.net
[2026-08-22 14:06:23] - [ERROR] => Restarting Mongo server
[2026-08-22 14:06:23] - [ERROR] => MongoDB connection error => querySrv ENOTFOUND _mongodb._tcp.testcluster.urrgt.mongodb.net
[2026-08-22 14:06:25] - [ERROR] => Restarting Mongo server
[2026-08-22 14:06:25] - [ERROR] => MongoDB connection error => querySrv ENOTFOUND _mongodb._tcp.testcluster.urrgt.mongodb.net
[2026-08-22 14:06:27] - [ERROR] => Restarting Mongo server
[2026-08-22 14:06:27] - [ERROR] => MongoDB connection error => querySrv ENOTFOUND _mongodb._tcp.testcluster.urrgt.mongodb.net
[2026-08-22 14:06:29] - [ERROR] => Restarting Mongo server
[2026-08-22 14:06:29] - [ERROR] => MongoDB connection error => querySrv ENOTFOUND _mongodb._tcp.testcluster.urrgt.mongodb.net
[2026-08-22 14:06:31] - [ERROR] => Restarting Mongo server
[2026-08-22 14:06:31] - [ERROR] => MongoDB connection error => querySrv ENOTFOUND _mongodb._tcp.testcluster.urrgt.mongodb.net
[2026-08-22 14:06:33] - [ERROR] => Restarting Mongo server
[2026-08-22 14:06:33] - [ERROR] => MongoDB connection error => querySrv ENOTFOUND _mongodb._tcp.testcluster.urrgt.mongodb.net
[2026-08-22 14:06:35] - [ERROR] => Restarting Mongo server
[2026-08-22 14:06:35] - [ERROR] => MongoDB connection error => querySrv ENOTFOUND _mongodb._tcp.testcluster.urrgt.mongodb.net
[2026-08-22 14:06:37] - [ERROR] => Restarting Mongo server
[2026-08-22 14:06:37] - [ERROR] => MongoDB connection error => querySrv ENOTFOUND _mongodb._tcp.testcluster.urrgt.mongodb.net
[2026-08-22 14:06:39] - [ERROR] => Restarting Mongo server
[2026-08-22 14:06:39] - [ERROR] => MongoDB connection error => querySrv ENOTFOUND _mongodb._tcp.testcluster.urrgt.mongodb.net
[2026-08-22 14:06:41] - [ERROR] => Restarting Mongo server
[2026-08-22 14:06:41] - [ERROR] => MongoDB connection error => querySrv ENOTFOUND _mongodb._tcp.testcluster.urrgt.mongodb.net
[2026-08-22 14:06:43] - [ERROR] => Restarting Mongo server
[2026-08-22 14:06:43] - [ERROR] => MongoDB connection error => querySrv ENOTFOUND _mongodb._tcp.testcluster.urrgt.mongodb.net
[2026-08-22 14:06:45] - [ERROR] => Restarting Mongo server
[2026-08-22 14:06:45] - [ERROR] => MongoDB connection error => querySrv ENOTFOUND _mongodb._tcp.testcluster.urrgt.mongodb.net
[2026-08-22 14:06:47] - [ERROR] => Restarting Mongo server
[2026-08-22 14:06:47] - [ERROR] => MongoDB connection error => querySrv ENOTFOUND _mongodb._tcp.testcluster.urrgt.mongodb.net
[2026-08-22 14:06:50] - [ERROR] => Restarting Mongo server
[2026-08-22 14:06:50] - [ERROR] => MongoDB connection error => querySrv ENOTFOUND _mongodb._tcp.testcluster.urrgt.mongodb.net
[2026-08-22 14:06:52] - [ERROR] => Restarting Mongo server
[2026-08-22 14:06:52] - [ERROR] => MongoDB connection error => querySrv ENOTFOUND _mongodb._tcp.testcluster.urrgt.mongodb.net
[2026-08-22 14:06:54] - [ERROR] => Restarting Mongo server
[2026-08-22 14:06:54] - [ERROR] => MongoDB connection error => querySrv ENOTFOUND _mongodb._tcp.testcluster.urrgt.mongodb.net
[2026-08-22 14:06:56] - [ERROR] => Restarting Mongo server
[2026-08-22 14:06:56] - [ERROR] => MongoDB connection error => querySrv ENOTFOUND _mongodb._tcp.testcluster.urrgt.mongodb.net
[2026-08-22 14:06:58] - [ERROR] => Restarting Mongo server
[2026-08-22 14:06:59] - [ERROR] => MongoDB connection error => querySrv ENOTFOUND _mongodb._tcp.testcluster.urrgt.mongodb.net
[2026-08-22 14:07:01] - [ERROR] => Restarting Mongo server
[2026-08-22 14:07:01] - [ERROR] => MongoDB connection error => querySrv ENOTFOUND _mongodb._tcp.testcluster.urrgt.mongodb.net
[2026-08-22 14:07:03] - [ERROR] => Restarting Mongo server
[2026-08-22 14:07:03] - [ERROR] => MongoDB connection error => querySrv ENOTFOUND _mongodb._tcp.testcluster.urrgt.mongodb.net
[2026-08-22 14:07:05] - [ERROR] => Restarting Mongo server
[2026-08-22 14:07:05] - [ERROR] => MongoDB connection error => querySrv ENOTFOUND _mongodb._tcp.testcluster.urrgt.mongodb.net
[2026-08-22 14:07:07] - [ERROR] => Restarting Mongo server
[2026-08-22 14:07:07] - [ERROR] => MongoDB connection error => querySrv ENOTFOUND _mongodb._tcp.testcluster.urrgt.mongodb.net
[2026-08-22 14:07:09] - [ERROR] => Restarting Mongo server
[2026-08-22 14:07:09] - [ERROR] => MongoDB connection error => querySrv ENOTFOUND _mongodb._tcp.testcluster.urrgt.mongodb.net
[2026-08-22 14:07:11] - [ERROR] => Restarting Mongo server
[2026-08-22 14:07:11] - [ERROR] => MongoDB connection error => querySrv ENOTFOUND _mongodb._tcp.testcluster.urrgt.mongodb.net
[2026-08-22 14:07:13] - [ERROR] => Restarting Mongo server
[2026-08-22 14:07:13] - [ERROR] => MongoDB connection error => querySrv ENOTFOUND _mongodb._tcp.testcluster.urrgt.mongodb.net
[2026-08-22 14:07:15] - [ERROR] => Restarting Mongo server
[2026-08-22 14:07:15] - [ERROR] => MongoDB connection error => querySrv ENOTFOUND _mongodb._tcp.testcluster.urrgt.mongodb.net
[2026-08-22 14:07:17] - [ERROR] => Restarting Mongo server
[2026-08-22 14:07:17] - [ERROR] => MongoDB connection error => querySrv ENOTFOUND _mongodb._tcp.testcluster.urrgt.mongodb.net
[2026-08-22 14:07:19] - [ERROR] => Restarting Mongo server
[2026-08-22 14:07:19] - [ERROR] => MongoDB connection error => querySrv ENOTFOUND _mongodb._tcp.testcluster.urrgt.mongodb.net
[2026-08-22 14:07:21] - [ERROR] => Restarting Mongo server
[2026-08-22 14:07:21] - [ERROR] => MongoDB connection error => querySrv ENOTFOUND _mongodb._tcp.testcluster.urrgt.mongodb.net
[2026-08-22 14:07:23] - [ERROR] => Restarting Mongo server
[2026-08-22 14:07:23] - [ERROR] => MongoDB connection error => querySrv ENOTFOUND _mongodb._tcp.testcluster.urrgt.mongodb.net
[2026-08-22 14:07:25] - [ERROR] => Restarting Mongo server
[2026-08-22 14:07:25] - [ERROR] => MongoDB connection error => querySrv ENOTFOUND _mongodb._tcp.testcluster.urrgt.mongodb.net
[2026-08-22 14:07:27] - [ERROR] => Restarting Mongo server
[2026-08-22 14:07:27] - [ERROR] => MongoDB connection error => querySrv ENOTFOUND _mongodb._tcp.testcluster.urrgt.mongodb.net
[2026-08-22 14:07:29] - [ERROR] => Restarting Mongo server
[2026-08-22 14:07:29] - [ERROR] => MongoDB connection error => querySrv ENOTFOUND _mongodb._tcp.testcluster.urrgt.mongodb.net
[2026-08-22 14:07:31] - [ERROR] => Restarting Mongo server
[2026-08-22 14:07:31] - [ERROR] => MongoDB connection error => querySrv ENOTFOUND _mongodb._tcp.testcluster.urrgt.mongodb.net
[2026-08-22 14:07:33] - [ERROR] => Restarting Mongo server
[2026-08-22 14:07:33] - [ERROR] => MongoDB connection error => querySrv ENOTFOUND _mongodb._tcp.testcluster.urrgt.mongodb.net
[2026-08-22 14:07:35] - [ERROR] => Restarting Mongo server
[2026-08-22 14:07:35] - [ERROR] => MongoDB connection error => querySrv ENOTFOUND _mongodb._tcp.testcluster.urrgt.mongodb.net
[2026-08-22 14:07:37] - [ERROR] => Restarting Mongo server
[2026-08-22 14:07:37] - [ERROR] => MongoDB connection error => querySrv ENOTFOUND _mongodb._tcp.testcluster.urrgt.mongodb.net
[2026-08-22 14:07:39] - [ERROR] => Restarting Mongo server
[2026-08-22 14:07:39] - [ERROR] => MongoDB connection error => querySrv ENOTFOUND _mongodb._tcp.testcluster.urrgt.mongodb.net
[2026-08-22 14:07:41] - [ERROR] => Restarting Mongo server
[2026-08-22 14:07:41] - [ERROR] => MongoDB connection error => querySrv ENOTFOUND _mongodb._tcp.testcluster.urrgt.mongodb.net
[2026-08-22 14:07:43] - [ERROR] => Restarting Mongo server
[2026-08-22 14:07:43] - [ERROR] => MongoDB connection error => querySrv ENOTFOUND _mongodb._tcp.testcluster.urrgt.mongodb.net
[2026-08-22 14:07:45] - [ERROR] => Restarting Mongo server
[2026-08-22 14:07:45] - [ERROR] => MongoDB connection error => querySrv ENOTFOUND _mongodb._tcp.testcluster.urrgt.mongodb.net
[2026-08-22 14:07:47] - [ERROR] => Restarting Mongo server
[2026-08-22 14:07:47] - [ERROR] => MongoDB connection error => querySrv ENOTFOUND _mongodb._tcp.testcluster.urrgt.mongodb.net
[2026-08-22 14:07:49] - [ERROR] => Restarting Mongo server
[2026-08-22 14:07:49] - [ERROR] => MongoDB connection error => querySrv ENOTFOUND _mongodb._tcp.testcluster.urrgt.mongodb.net
[2026-08-22 14:07:51] - [ERROR] => Restarting Mongo server
[2026-08-22 14:07:51] - [ERROR] => MongoDB connection error => querySrv ENOTFOUND _mongodb._tcp.testcluster.urrgt.mongodb.net
[2026-08-22 14:07:53] - [ERROR] => Restarting Mongo server
[2026-08-22 14:07:53] - [ERROR] => MongoDB connection error => querySrv ENOTFOUND _mongodb._tcp.testcluster.urrgt.mongodb.net
[2026-08-22 14:07:55] - [ERROR] => Restarting Mongo server
[2026-08-22 14:07:55] - [ERROR] => MongoDB connection error => querySrv ENOTFOUND _mongodb._tcp.testcluster.urrgt.mongodb.net
[2026-08-22 14:07:57] - [ERROR] => Restarting Mongo server
[2026-08-22 14:07:57] - [ERROR] => MongoDB connection error => querySrv ENOTFOUND _mongodb._tcp.testcluster.urrgt.mongodb.net
[2026-08-22 14:07:59] - [ERROR] => Restarting Mongo server
[2026-08-22 14:08:01] - [ERROR] => MongoDB connection error => querySrv ENOTFOUND _mongodb._tcp.testcluster.urrgt.mongodb.net
[2026-08-22 14:08:03] - [ERROR] => Restarting Mongo server
[2026-08-22 14:08:03] - [ERROR] => MongoDB connection error => querySrv ENOTFOUND _mongodb._tcp.testcluster.urrgt.mongodb.net
[2026-08-22 14:08:05] - [ERROR] => Restarting Mongo server
[2026-08-22 14:08:05] - [ERROR] => MongoDB connection error => querySrv ENOTFOUND _mongodb._tcp.testcluster.urrgt.mongodb.net
[2026-08-22 14:08:07] - [ERROR] => Restarting Mongo server
[2026-08-22 14:08:07] - [ERROR] => MongoDB connection error => querySrv ENOTFOUND _mongodb._tcp.testcluster.urrgt.mongodb.net
[2026-08-22 14:08:09] - [ERROR] => Restarting Mongo server
[2026-08-22 14:08:09] - [ERROR] => MongoDB connection error => querySrv ENOTFOUND _mongodb._tcp.testcluster.urrgt.mongodb.net
[2026-08-22 14:08:11] - [ERROR] => Restarting Mongo server
[2026-08-22 14:08:11] - [ERROR] => MongoDB connection error => querySrv ENOTFOUND _mongodb._tcp.testcluster.urrgt.mongodb.net
[2026-08-22 14:08:13] - [ERROR] => Restarting Mongo server
[2026-08-22 14:08:13] - [ERROR] => MongoDB connection error => querySrv ENOTFOUND _mongodb._tcp.testcluster.urrgt.mongodb.net
[2026-08-22 14:08:15] - [ERROR] => Restarting Mongo server
[2026-08-22 14:08:15] - [ERROR] => MongoDB connection error => querySrv ENOTFOUND _mongodb._tcp.testcluster.urrgt.mongodb.net
[2026-08-22 14:08:17] - [ERROR] => Restarting Mongo server
[2026-08-22 14:08:17] - [ERROR] => MongoDB connection error => querySrv ENOTFOUND _mongodb._tcp.testcluster.urrgt.mongodb.net
[2026-08-22 14:08:19] - [ERROR] => Restarting Mongo server
[2026-08-22 14:08:19] - [ERROR] => MongoDB connection error => querySrv ENOTFOUND _mongodb._tcp.testcluster.urrgt.mongodb.net
[2026-08-22 14:08:21] - [ERROR] => Restarting Mongo server
[2026-08-22 14:08:21] - [ERROR] => MongoDB connection error => querySrv ENOTFOUND _mongodb._tcp.testcluster.urrgt.mongodb.net
[2026-08-22 14:08:23] - [ERROR] => Restarting Mongo server
[2026-08-22 14:08:23] - [ERROR] => MongoDB connection error => querySrv ENOTFOUND _mongodb._tcp.testcluster.urrgt.mongodb.net
[2026-08-22 14:08:25] - [ERROR] => Restarting Mongo server
[2026-08-22 14:08:25] - [ERROR] => MongoDB connection error => querySrv ENOTFOUND _mongodb._tcp.testcluster.urrgt.mongodb.net
[2026-08-22 14:08:27] - [ERROR] => Restarting Mongo server
[2026-08-22 14:08:27] - [ERROR] => MongoDB connection error => querySrv ENOTFOUND _mongodb._tcp.testcluster.urrgt.mongodb.net
[2026-08-22 14:08:29] - [ERROR] => Restarting Mongo server
[2026-08-22 14:08:29] - [ERROR] => MongoDB connection error => querySrv ENOTFOUND _mongodb._tcp.testcluster.urrgt.mongodb.net
[2026-08-22 14:08:31] - [ERROR] => Restarting Mongo server
[2026-08-22 14:08:31] - [ERROR] => MongoDB connection error => querySrv ENOTFOUND _mongodb._tcp.testcluster.urrgt.mongodb.net
[2026-08-22 14:08:33] - [ERROR] => Restarting Mongo server
[2026-08-22 14:08:33] - [ERROR] => MongoDB connection error => querySrv ENOTFOUND _mongodb._tcp.testcluster.urrgt.mongodb.net
[2026-08-22 14:08:35] - [ERROR] => Restarting Mongo server
[2026-08-22 14:08:35] - [ERROR] => MongoDB connection error => querySrv ENOTFOUND _mongodb._tcp.testcluster.urrgt.mongodb.net
[2026-08-22 14:08:37] - [ERROR] => Restarting Mongo server
[2026-08-22 14:08:37] - [ERROR] => MongoDB connection error => querySrv ENOTFOUND _mongodb._tcp.testcluster.urrgt.mongodb.net
[2026-08-22 14:08:39] - [ERROR] => Restarting Mongo server
[2026-08-22 14:08:39] - [ERROR] => MongoDB connection error => querySrv ENOTFOUND _mongodb._tcp.testcluster.urrgt.mongodb.net
[2026-08-22 14:08:41] - [ERROR] => Restarting Mongo server
[2026-08-22 14:08:41] - [ERROR] => MongoDB connection error => querySrv ENOTFOUND _mongodb._tcp.testcluster.urrgt.mongodb.net
[2026-08-22 14:08:43] - [ERROR] => Restarting Mongo server
[2026-08-22 14:08:43] - [ERROR] => MongoDB connection error => querySrv ENOTFOUND _mongodb._tcp.testcluster.urrgt.mongodb.net
[2026-08-22 14:08:45] - [ERROR] => Restarting Mongo server
[2026-08-22 14:08:45] - [ERROR] => MongoDB connection error => querySrv ENOTFOUND _mongodb._tcp.testcluster.urrgt.mongodb.net
[2026-08-22 14:08:47] - [ERROR] => Restarting Mongo server
[2026-08-22 14:08:47] - [ERROR] => MongoDB connection error => querySrv ENOTFOUND _mongodb._tcp.testcluster.urrgt.mongodb.net
[2026-08-22 14:08:49] - [ERROR] => Restarting Mongo server
[2026-08-22 14:08:49] - [ERROR] => MongoDB connection error => querySrv ENOTFOUND _mongodb._tcp.testcluster.urrgt.mongodb.net
[2026-08-22 14:08:51] - [ERROR] => Restarting Mongo server
[2026-08-22 14:08:51] - [ERROR] => MongoDB connection error => querySrv ENOTFOUND _mongodb._tcp.testcluster.urrgt.mongodb.net
[2026-08-22 14:08:53] - [ERROR] => Restarting Mongo server
[2026-08-22 14:08:53] - [ERROR] => MongoDB connection error => querySrv ENOTFOUND _mongodb._tcp.testcluster.urrgt.mongodb.net
[2026-08-22 14:08:55] - [ERROR] => Restarting Mongo server
[2026-08-22 14:08:55] - [ERROR] => MongoDB connection error => querySrv ENOTFOUND _mongodb._tcp.testcluster.urrgt.mongodb.net
[2026-08-22 14:08:57] - [ERROR] => Restarting Mongo server
[2026-08-22 14:08:57] - [ERROR] => MongoDB connection error => querySrv ENOTFOUND _mongodb._tcp.testcluster.urrgt.mongodb.net
[2026-08-22 14:08:59] - [ERROR] => Restarting Mongo server
[2026-08-22 14:08:59] - [ERROR] => MongoDB connection error => querySrv ENOTFOUND _mongodb._tcp.testcluster.urrgt.mongodb.net
[2026-08-22 14:09:01] - [ERROR] => Restarting Mongo server
[2026-08-22 14:09:02] - [ERROR] => MongoDB connection error => querySrv ENOTFOUND _mongodb._tcp.testcluster.urrgt.mongodb.net
[2026-08-22 14:09:04] - [ERROR] => Restarting Mongo server
[2026-08-22 14:09:04] - [ERROR] => MongoDB connection error => querySrv ENOTFOUND _mongodb._tcp.testcluster.urrgt.mongodb.net
[2026-08-22 14:09:06] - [ERROR] => Restarting Mongo server
[2026-08-22 14:09:06] - [ERROR] => MongoDB connection error => querySrv ENOTFOUND _mongodb._tcp.testcluster.urrgt.mongodb.net
[2026-08-22 14:09:08] - [ERROR] => Restarting Mongo server
[2026-08-22 14:09:08] - [ERROR] => MongoDB connection error => querySrv ENOTFOUND _mongodb._tcp.testcluster.urrgt.mongodb.net
[2026-08-22 14:09:10] - [ERROR] => Restarting Mongo server
[2026-08-22 14:09:10] - [ERROR] => MongoDB connection error => querySrv ENOTFOUND _mongodb._tcp.testcluster.urrgt.mongodb.net
[2026-08-22 14:09:12] - [ERROR] => Restarting Mongo server
[2026-08-22 14:09:12] - [ERROR] => MongoDB connection error => querySrv ENOTFOUND _mongodb._tcp.testcluster.urrgt.mongodb.net
[2026-08-22 14:09:14] - [ERROR] => Restarting Mongo server
[2026-08-22 14:09:14] - [ERROR] => MongoDB connection error => querySrv ENOTFOUND _mongodb._tcp.testcluster.urrgt.mongodb.net
[2026-08-22 14:09:16] - [ERROR] => Restarting Mongo server
[2026-08-22 14:09:16] - [ERROR] => MongoDB connection error => querySrv ENOTFOUND _mongodb._tcp.testcluster.urrgt.mongodb.net
[2026-08-22 14:09:18] - [ERROR] => Restarting Mongo server
[2026-08-22 14:09:18] - [ERROR] => MongoDB connection error => querySrv ENOTFOUND _mongodb._tcp.testcluster.urrgt.mongodb.net
[2026-08-22 14:09:20] - [ERROR] => Restarting Mongo server
[2026-08-22 14:09:20] - [ERROR] => MongoDB connection error => querySrv ENOTFOUND _mongodb._tcp.testcluster.urrgt.mongodb.net
[2026-08-22 14:09:22] - [ERROR] => Restarting Mongo server
[2026-08-22 14:09:22] - [ERROR] => MongoDB connection error => querySrv ENOTFOUND _mongodb._tcp.testcluster.urrgt.mongodb.net
[2026-08-22 14:09:24] - [ERROR] => Restarting Mongo server
[2026-08-22 14:09:24] - [ERROR] => MongoDB connection error => querySrv ENOTFOUND _mongodb._tcp.testcluster.urrgt.mongodb.net
[2026-08-22 14:09:26] - [ERROR] => Restarting Mongo server
[2026-08-22 14:09:26] - [ERROR] => MongoDB connection error => querySrv ENOTFOUND _mongodb._tcp.testcluster.urrgt.mongodb.net
[2026-08-22 14:09:28] - [ERROR] => Restarting Mongo server
[2026-08-22 14:09:28] - [ERROR] => MongoDB connection error => querySrv ENOTFOUND _mongodb._tcp.testcluster.urrgt.mongodb.net
[2026-08-22 14:09:30] - [ERROR] => Restarting Mongo server
[2026-08-22 14:09:30] - [ERROR] => MongoDB connection error => querySrv ENOTFOUND _mongodb._tcp.testcluster.urrgt.mongodb.net
[2026-08-22 14:09:32] - [ERROR] => Restarting Mongo server
[2026-08-22 14:09:32] - [ERROR] => MongoDB connection error => querySrv ENOTFOUND _mongodb._tcp.testcluster.urrgt.mongodb.net
[2026-08-22 14:09:34] - [ERROR] => Restarting Mongo server
[2026-08-22 14:09:34] - [ERROR] => MongoDB connection error => querySrv ENOTFOUND _mongodb._tcp.testcluster.urrgt.mongodb.net
[2026-08-22 14:09:36] - [ERROR] => Restarting Mongo server
[2026-08-22 14:09:36] - [ERROR] => MongoDB connection error => querySrv ENOTFOUND _mongodb._tcp.testcluster.urrgt.mongodb.net
[2026-08-22 14:09:38] - [ERROR] => Restarting Mongo server
[2026-08-22 14:09:38] - [ERROR] => MongoDB connection error => querySrv ENOTFOUND _mongodb._tcp.testcluster.urrgt.mongodb.net
[2026-08-22 14:09:40] - [ERROR] => Restarting Mongo server
[2026-08-22 14:09:40] - [ERROR] => MongoDB connection error => querySrv ENOTFOUND _mongodb._tcp.testcluster.urrgt.mongodb.net
[2026-08-22 14:09:42] - [ERROR] => Restarting Mongo server
[2026-08-22 14:09:42] - [ERROR] => MongoDB connection error => querySrv ENOTFOUND _mongodb._tcp.testcluster.urrgt.mongodb.net
[2026-08-22 14:09:44] - [ERROR] => Restarting Mongo server
[2026-08-22 14:09:44] - [ERROR] => MongoDB connection error => querySrv ENOTFOUND _mongodb._tcp.testcluster.urrgt.mongodb.net
[2026-08-22 14:09:46] - [ERROR] => Restarting Mongo server
[2026-08-22 14:09:46] - [ERROR] => MongoDB connection error => querySrv ENOTFOUND _mongodb._tcp.testcluster.urrgt.mongodb.net
[2026-08-22 14:09:48] - [ERROR] => Restarting Mongo server
[2026-08-22 14:09:48] - [ERROR] => MongoDB connection error => querySrv ENOTFOUND _mongodb._tcp.testcluster.urrgt.mongodb.net
[2026-08-22 14:09:50] - [ERROR] => Restarting Mongo server
[2026-08-22 14:09:50] - [ERROR] => MongoDB connection error => querySrv ENOTFOUND _mongodb._tcp.testcluster.urrgt.mongodb.net
[2026-08-22 14:09:52] - [ERROR] => Restarting Mongo server
[2026-08-22 14:09:52] - [ERROR] => MongoDB connection error => querySrv ENOTFOUND _mongodb._tcp.testcluster.urrgt.mongodb.net
[2026-08-22 14:09:54] - [ERROR] => Restarting Mongo server
[2026-08-22 14:09:54] - [ERROR] => MongoDB connection error => querySrv ENOTFOUND _mongodb._tcp.testcluster.urrgt.mongodb.net
[2026-08-22 14:09:56] - [ERROR] => Restarting Mongo server
[2026-08-22 14:09:56] - [ERROR] => MongoDB connection error => querySrv ENOTFOUND _mongodb._tcp.testcluster.urrgt.mongodb.net
[2026-08-22 14:09:58] - [ERROR] => Restarting Mongo server
[2026-08-22 14:09:58] - [ERROR] => MongoDB connection error => querySrv ENOTFOUND _mongodb._tcp.testcluster.urrgt.mongodb.net
[2026-08-22 14:10:00] - [ERROR] => Restarting Mongo server
[2026-08-22 14:10:00] - [ERROR] => MongoDB connection error => querySrv ENOTFOUND _mongodb._tcp.testcluster.urrgt.mongodb.net
[2026-08-22 14:10:02] - [ERROR] => Restarting Mongo server
[2026-08-22 14:10:03] - [ERROR] => MongoDB connection error => querySrv ENOTFOUND _mongodb._tcp.testcluster.urrgt.mongodb.net
[2026-08-22 14:10:05] - [ERROR] => Restarting Mongo server
[2026-08-22 14:10:05] - [ERROR] => MongoDB connection error => querySrv ENOTFOUND _mongodb._tcp.testcluster.urrgt.mongodb.net
[2026-08-22 14:10:07] - [ERROR] => Restarting Mongo server
[2026-08-22 14:10:07] - [ERROR] => MongoDB connection error => querySrv ENOTFOUND _mongodb._tcp.testcluster.urrgt.mongodb.net
[2026-08-22 14:10:09] - [ERROR] => Restarting Mongo server
[2026-08-22 14:10:09] - [ERROR] => MongoDB connection error => querySrv ENOTFOUND _mongodb._tcp.testcluster.urrgt.mongodb.net
[2026-08-22 14:10:11] - [ERROR] => Restarting Mongo server
[2026-08-22 14:10:11] - [ERROR] => MongoDB connection error => querySrv ENOTFOUND _mongodb._tcp.testcluster.urrgt.mongodb.net
[2026-08-22 14:10:13] - [ERROR] => Restarting Mongo server
[2026-08-22 14:10:14] - [ERROR] => MongoDB connection error => querySrv ENOTFOUND _mongodb._tcp.testcluster.urrgt.mongodb.net
[2026-08-22 14:10:16] - [ERROR] => Restarting Mongo server
[2026-08-22 14:10:16] - [ERROR] => MongoDB connection error => querySrv ENOTFOUND _mongodb._tcp.testcluster.urrgt.mongodb.net
[2026-08-22 14:10:18] - [ERROR] => Restarting Mongo server
[2026-08-22 14:10:18] - [ERROR] => MongoDB connection error => querySrv ENOTFOUND _mongodb._tcp.testcluster.urrgt.mongodb.net
[2026-08-22 14:10:20] - [ERROR] => Restarting Mongo server
[2026-08-22 14:10:20] - [ERROR] => MongoDB connection error => querySrv ENOTFOUND _mongodb._tcp.testcluster.urrgt.mongodb.net
[2026-08-22 14:10:22] - [ERROR] => Restarting Mongo server
[2026-08-22 14:10:22] - [ERROR] => MongoDB connection error => querySrv ENOTFOUND _mongodb._tcp.testcluster.urrgt.mongodb.net
[2026-08-22 14:10:24] - [ERROR] => Restarting Mongo server
[2026-08-22 14:10:24] - [ERROR] => MongoDB connection error => querySrv ENOTFOUND _mongodb._tcp.testcluster.urrgt.mongodb.net
[2026-08-22 14:10:26] - [ERROR] => Restarting Mongo server
[2026-08-22 14:10:26] - [ERROR] => MongoDB connection error => querySrv ENOTFOUND _mongodb._tcp.testcluster.urrgt.mongodb.net
[2026-08-22 14:10:28] - [ERROR] => Restarting Mongo server
[2026-08-22 14:10:28] - [ERROR] => MongoDB connection error => querySrv ENOTFOUND _mongodb._tcp.testcluster.urrgt.mongodb.net
[2026-08-22 14:10:30] - [ERROR] => Restarting Mongo server
[2026-08-22 14:10:30] - [ERROR] => MongoDB connection error => querySrv ENOTFOUND _mongodb._tcp.testcluster.urrgt.mongodb.net
[2026-08-22 14:10:32] - [ERROR] => Restarting Mongo server
[2026-08-22 14:10:32] - [ERROR] => MongoDB connection error => querySrv ENOTFOUND _mongodb._tcp.testcluster.urrgt.mongodb.net
[2026-08-22 14:10:34] - [ERROR] => Restarting Mongo server
[2026-08-22 14:10:34] - [ERROR] => MongoDB connection error => querySrv ENOTFOUND _mongodb._tcp.testcluster.urrgt.mongodb.net
[2026-08-22 14:10:36] - [ERROR] => Restarting Mongo server
[2026-08-22 14:10:36] - [ERROR] => MongoDB connection error => querySrv ENOTFOUND _mongodb._tcp.testcluster.urrgt.mongodb.net
[2026-08-22 14:10:38] - [ERROR] => Restarting Mongo server
[2026-08-22 14:10:38] - [ERROR] => MongoDB connection error => querySrv ENOTFOUND _mongodb._tcp.testcluster.urrgt.mongodb.net
[2026-08-22 14:10:40] - [ERROR] => Restarting Mongo server
[2026-08-22 14:10:40] - [ERROR] => MongoDB connection error => querySrv ENOTFOUND _mongodb._tcp.testcluster.urrgt.mongodb.net
[2026-08-22 14:10:42] - [ERROR] => Restarting Mongo server
[2026-08-22 14:10:42] - [ERROR] => MongoDB connection error => querySrv ENOTFOUND _mongodb._tcp.testcluster.urrgt.mongodb.net
[2026-08-22 14:10:44] - [ERROR] => Restarting Mongo server
[2026-08-22 14:10:44] - [ERROR] => MongoDB connection error => querySrv ENOTFOUND _mongodb._tcp.testcluster.urrgt.mongodb.net
[2026-08-22 14:10:46] - [ERROR] => Restarting Mongo server
[2026-08-22 14:10:46] - [ERROR] => MongoDB connection error => querySrv ENOTFOUND _mongodb._tcp.testcluster.urrgt.mongodb.net
[2026-08-22 14:10:48] - [ERROR] => Restarting Mongo server
[2026-08-22 14:10:48] - [ERROR] => MongoDB connection error => querySrv ENOTFOUND _mongodb._tcp.testcluster.urrgt.mongodb.net
[2026-08-22 14:10:50] - [ERROR] => Restarting Mongo server
[2026-08-22 14:10:50] - [ERROR] => MongoDB connection error => querySrv ENOTFOUND _mongodb._tcp.testcluster.urrgt.mongodb.net
[2026-08-22 14:10:52] - [ERROR] => Restarting Mongo server
[2026-08-22 14:10:52] - [ERROR] => MongoDB connection error => querySrv ENOTFOUND _mongodb._tcp.testcluster.urrgt.mongodb.net
[2026-08-22 14:10:54] - [ERROR] => Restarting Mongo server
[2026-08-22 14:10:54] - [ERROR] => MongoDB connection error => querySrv ENOTFOUND _mongodb._tcp.testcluster.urrgt.mongodb.net
[2026-08-22 14:10:56] - [ERROR] => Restarting Mongo server
[2026-08-22 14:10:56] - [ERROR] => MongoDB connection error => querySrv ENOTFOUND _mongodb._tcp.testcluster.urrgt.mongodb.net
[2026-08-22 14:10:58] - [ERROR] => Restarting Mongo server
[2026-08-22 14:10:58] - [ERROR] => MongoDB connection error => querySrv ENOTFOUND _mongodb._tcp.testcluster.urrgt.mongodb.net
[2026-08-22 14:11:00] - [ERROR] => Restarting Mongo server
[2026-08-22 14:11:00] - [ERROR] => MongoDB connection error => querySrv ENOTFOUND _mongodb._tcp.testcluster.urrgt.mongodb.net
[2026-08-22 14:11:02] - [ERROR] => Restarting Mongo server
[2026-08-22 14:11:02] - [ERROR] => MongoDB connection error => querySrv ENOTFOUND _mongodb._tcp.testcluster.urrgt.mongodb.net
[2026-08-22 14:11:04] - [ERROR] => Restarting Mongo server
[2026-08-22 14:11:09] - [ERROR] => MongoDB connection error => querySrv ETIMEOUT _mongodb._tcp.testcluster.urrgt.mongodb.net
[2026-08-22 14:11:11] - [ERROR] => Restarting Mongo server
[2026-08-22 14:11:11] - [ERROR] => MongoDB connection error => querySrv ENOTFOUND _mongodb._tcp.testcluster.urrgt.mongodb.net
[2026-08-22 14:11:13] - [ERROR] => Restarting Mongo server
[2026-08-22 14:11:13] - [ERROR] => MongoDB connection error => querySrv ENOTFOUND _mongodb._tcp.testcluster.urrgt.mongodb.net
[2026-08-22 14:11:15] - [ERROR] => Restarting Mongo server
[2026-08-22 14:11:15] - [ERROR] => MongoDB connection error => querySrv ENOTFOUND _mongodb._tcp.testcluster.urrgt.mongodb.net
[2026-08-22 14:11:17] - [ERROR] => Restarting Mongo server
[2026-08-22 14:11:17] - [ERROR] => MongoDB connection error => querySrv ENOTFOUND _mongodb._tcp.testcluster.urrgt.mongodb.net
[2026-08-22 14:11:19] - [ERROR] => Restarting Mongo server
[2026-08-22 14:11:19] - [ERROR] => MongoDB connection error => querySrv ENOTFOUND _mongodb._tcp.testcluster.urrgt.mongodb.net
[2026-08-22 14:11:21] - [ERROR] => Restarting Mongo server
[2026-08-22 14:11:21] - [ERROR] => MongoDB connection error => querySrv ENOTFOUND _mongodb._tcp.testcluster.urrgt.mongodb.net
[2026-08-22 14:11:23] - [ERROR] => Restarting Mongo server
[2026-08-22 14:11:23] - [ERROR] => MongoDB connection error => querySrv ENOTFOUND _mongodb._tcp.testcluster.urrgt.mongodb.net
[2026-08-22 14:11:25] - [ERROR] => Restarting Mongo server
[2026-08-22 14:11:25] - [ERROR] => MongoDB connection error => querySrv ENOTFOUND _mongodb._tcp.testcluster.urrgt.mongodb.net
[2026-08-22 14:11:27] - [ERROR] => Restarting Mongo server
[2026-08-22 14:11:27] - [ERROR] => MongoDB connection error => querySrv ENOTFOUND _mongodb._tcp.testcluster.urrgt.mongodb.net
[2026-08-22 14:11:29] - [ERROR] => Restarting Mongo server
[2026-08-22 14:11:29] - [ERROR] => MongoDB connection error => querySrv ENOTFOUND _mongodb._tcp.testcluster.urrgt.mongodb.net
[2026-08-22 14:11:31] - [ERROR] => Restarting Mongo server
[2026-08-22 14:11:31] - [ERROR] => MongoDB connection error => querySrv ENOTFOUND _mongodb._tcp.testcluster.urrgt.mongodb.net
[2026-08-22 14:11:33] - [ERROR] => Restarting Mongo server
[2026-08-22 14:11:33] - [ERROR] => MongoDB connection error => querySrv ENOTFOUND _mongodb._tcp.testcluster.urrgt.mongodb.net
[2026-08-22 14:11:35] - [ERROR] => Restarting Mongo server
[2026-08-22 14:11:35] - [ERROR] => MongoDB connection error => querySrv ENOTFOUND _mongodb._tcp.testcluster.urrgt.mongodb.net
[2026-08-22 14:11:37] - [ERROR] => Restarting Mongo server
[2026-08-22 14:11:37] - [ERROR] => MongoDB connection error => querySrv ENOTFOUND _mongodb._tcp.testcluster.urrgt.mongodb.net
[2026-08-22 14:11:39] - [ERROR] => Restarting Mongo server
[2026-08-22 14:11:39] - [ERROR] => MongoDB connection error => querySrv ENOTFOUND _mongodb._tcp.testcluster.urrgt.mongodb.net
[2026-08-22 14:11:41] - [ERROR] => Restarting Mongo server
[2026-08-22 14:11:41] - [ERROR] => MongoDB connection error => querySrv ENOTFOUND _mongodb._tcp.testcluster.urrgt.mongodb.net
[2026-08-22 14:11:43] - [ERROR] => Restarting Mongo server
[2026-08-22 14:11:43] - [ERROR] => MongoDB connection error => querySrv ENOTFOUND _mongodb._tcp.testcluster.urrgt.mongodb.net
[2026-08-22 14:11:45] - [ERROR] => Restarting Mongo server
[2026-08-22 14:11:45] - [ERROR] => MongoDB connection error => querySrv ENOTFOUND _mongodb._tcp.testcluster.urrgt.mongodb.net
[2026-08-22 14:11:47] - [ERROR] => Restarting Mongo server
[2026-08-22 14:11:47] - [ERROR] => MongoDB connection error => querySrv ENOTFOUND _mongodb._tcp.testcluster.urrgt.mongodb.net
[2026-08-22 14:11:49] - [ERROR] => Restarting Mongo server
[2026-08-22 14:11:49] - [ERROR] => MongoDB connection error => querySrv ENOTFOUND _mongodb._tcp.testcluster.urrgt.mongodb.net
[2026-08-22 14:11:51] - [ERROR] => Restarting Mongo server
[2026-08-22 14:11:51] - [ERROR] => MongoDB connection error => querySrv ENOTFOUND _mongodb._tcp.testcluster.urrgt.mongodb.net
[2026-08-22 14:11:53] - [ERROR] => Restarting Mongo server
[2026-08-22 14:11:53] - [ERROR] => MongoDB connection error => querySrv ENOTFOUND _mongodb._tcp.testcluster.urrgt.mongodb.net
[2026-08-22 14:11:55] - [ERROR] => Restarting Mongo server
[2026-08-22 14:11:55] - [ERROR] => MongoDB connection error => querySrv ENOTFOUND _mongodb._tcp.testcluster.urrgt.mongodb.net
[2026-08-22 14:11:57] - [ERROR] => Restarting Mongo server
[2026-08-22 14:11:57] - [ERROR] => MongoDB connection error => querySrv ENOTFOUND _mongodb._tcp.testcluster.urrgt.mongodb.net
[2026-08-22 14:11:59] - [ERROR] => Restarting Mongo server
[2026-08-22 14:11:59] - [ERROR] => MongoDB connection error => querySrv ENOTFOUND _mongodb._tcp.testcluster.urrgt.mongodb.net
[2026-08-22 14:12:01] - [ERROR] => Restarting Mongo server
[2026-08-22 14:12:01] - [ERROR] => MongoDB connection error => querySrv ENOTFOUND _mongodb._tcp.testcluster.urrgt.mongodb.net
[2026-08-22 14:12:03] - [ERROR] => Restarting Mongo server
[2026-08-22 14:12:03] - [ERROR] => MongoDB connection error => querySrv ENOTFOUND _mongodb._tcp.testcluster.urrgt.mongodb.net
[2026-08-22 14:12:05] - [ERROR] => Restarting Mongo server
[2026-08-22 14:12:05] - [ERROR] => MongoDB connection error => querySrv ENOTFOUND _mongodb._tcp.testcluster.urrgt.mongodb.net
[2026-08-22 14:12:07] - [ERROR] => Restarting Mongo server
[2026-08-22 14:12:07] - [ERROR] => MongoDB connection error => querySrv ENOTFOUND _mongodb._tcp.testcluster.urrgt.mongodb.net
[2026-08-22 14:12:09] - [ERROR] => Restarting Mongo server
[2026-08-22 14:12:09] - [ERROR] => MongoDB connection error => querySrv ENOTFOUND _mongodb._tcp.testcluster.urrgt.mongodb.net
[2026-08-22 14:12:11] - [ERROR] => Restarting Mongo server
[2026-08-22 14:12:12] - [ERROR] => MongoDB connection error => querySrv ENOTFOUND _mongodb._tcp.testcluster.urrgt.mongodb.net
[2026-08-22 14:12:14] - [ERROR] => Restarting Mongo server
[2026-08-22 14:12:14] - [ERROR] => MongoDB connection error => querySrv ENOTFOUND _mongodb._tcp.testcluster.urrgt.mongodb.net
[2026-08-22 14:12:16] - [ERROR] => Restarting Mongo server
[2026-08-22 14:12:16] - [ERROR] => MongoDB connection error => querySrv ENOTFOUND _mongodb._tcp.testcluster.urrgt.mongodb.net
[2026-08-22 14:12:18] - [ERROR] => Restarting Mongo server
[2026-08-22 14:12:18] - [ERROR] => MongoDB connection error => querySrv ENOTFOUND _mongodb._tcp.testcluster.urrgt.mongodb.net
[2026-08-22 14:12:20] - [ERROR] => Restarting Mongo server
[2026-08-22 14:12:20] - [ERROR] => MongoDB connection error => querySrv ENOTFOUND _mongodb._tcp.testcluster.urrgt.mongodb.net
[2026-08-22 14:12:22] - [ERROR] => Restarting Mongo server
[2026-08-22 14:12:22] - [ERROR] => MongoDB connection error => querySrv ENOTFOUND _mongodb._tcp.testcluster.urrgt.mongodb.net
[2026-08-22 14:12:24] - [ERROR] => Restarting Mongo server
[2026-08-22 14:12:24] - [ERROR] => MongoDB connection error => querySrv ENOTFOUND _mongodb._tcp.testcluster.urrgt.mongodb.net
[2026-08-22 14:12:26] - [ERROR] => Restarting Mongo server
[2026-08-22 14:12:26] - [ERROR] => MongoDB connection error => querySrv ENOTFOUND _mongodb._tcp.testcluster.urrgt.mongodb.net
[2026-08-22 14:12:28] - [ERROR] => Restarting Mongo server
[2026-08-22 14:12:28] - [ERROR] => MongoDB connection error => querySrv ENOTFOUND _mongodb._tcp.testcluster.urrgt.mongodb.net
[2026-08-22 14:12:30] - [ERROR] => Restarting Mongo server
[2026-08-22 14:12:30] - [ERROR] => MongoDB connection error => querySrv ENOTFOUND _mongodb._tcp.testcluster.urrgt.mongodb.net
[2026-08-22 14:12:32] - [ERROR] => Restarting Mongo server
[2026-08-22 14:12:32] - [ERROR] => MongoDB connection error => querySrv ENOTFOUND _mongodb._tcp.testcluster.urrgt.mongodb.net
[2026-08-22 14:12:34] - [ERROR] => Restarting Mongo server
[2026-08-22 14:12:34] - [ERROR] => MongoDB connection error => querySrv ENOTFOUND _mongodb._tcp.testcluster.urrgt.mongodb.net
[2026-08-22 14:12:36] - [ERROR] => Restarting Mongo server
[2026-08-22 14:12:37] - [ERROR] => MongoDB connection error => querySrv ENOTFOUND _mongodb._tcp.testcluster.urrgt.mongodb.net
[2026-08-22 14:12:39] - [ERROR] => Restarting Mongo server
[2026-08-22 14:12:39] - [ERROR] => MongoDB connection error => querySrv ENOTFOUND _mongodb._tcp.testcluster.urrgt.mongodb.net
[2026-08-22 14:12:41] - [ERROR] => Restarting Mongo server
[2026-08-22 14:12:41] - [ERROR] => MongoDB connection error => querySrv ENOTFOUND _mongodb._tcp.testcluster.urrgt.mongodb.net
[2026-08-22 14:12:43] - [ERROR] => Restarting Mongo server
[2026-08-22 14:12:43] - [ERROR] => MongoDB connection error => querySrv ENOTFOUND _mongodb._tcp.testcluster.urrgt.mongodb.net
[2026-08-22 14:12:45] - [ERROR] => Restarting Mongo server
[2026-08-22 14:12:45] - [ERROR] => MongoDB connection error => querySrv ENOTFOUND _mongodb._tcp.testcluster.urrgt.mongodb.net
[2026-08-22 14:12:47] - [ERROR] => Restarting Mongo server
[2026-08-22 14:12:47] - [ERROR] => MongoDB connection error => querySrv ENOTFOUND _mongodb._tcp.testcluster.urrgt.mongodb.net
[2026-08-22 14:12:49] - [ERROR] => Restarting Mongo server
[2026-08-22 14:12:49] - [ERROR] => MongoDB connection error => querySrv ENOTFOUND _mongodb._tcp.testcluster.urrgt.mongodb.net
[2026-08-22 14:12:51] - [ERROR] => Restarting Mongo server
[2026-08-22 14:12:51] - [ERROR] => MongoDB connection error => querySrv ENOTFOUND _mongodb._tcp.testcluster.urrgt.mongodb.net
[2026-08-22 14:12:53] - [ERROR] => Restarting Mongo server
[2026-08-22 14:12:53] - [ERROR] => MongoDB connection error => querySrv ENOTFOUND _mongodb._tcp.testcluster.urrgt.mongodb.net
[2026-08-22 14:12:55] - [ERROR] => Restarting Mongo server
[2026-08-22 14:12:55] - [ERROR] => MongoDB connection error => querySrv ENOTFOUND _mongodb._tcp.testcluster.urrgt.mongodb.net
[2026-08-22 14:12:57] - [ERROR] => Restarting Mongo server
[2026-08-22 14:12:57] - [ERROR] => MongoDB connection error => querySrv ENOTFOUND _mongodb._tcp.testcluster.urrgt.mongodb.net
[2026-08-22 14:12:59] - [ERROR] => Restarting Mongo server
[2026-08-22 14:12:59] - [ERROR] => MongoDB connection error => querySrv ENOTFOUND _mongodb._tcp.testcluster.urrgt.mongodb.net
[2026-08-22 14:13:01] - [ERROR] => Restarting Mongo server
[2026-08-22 14:13:01] - [ERROR] => MongoDB connection error => querySrv ENOTFOUND _mongodb._tcp.testcluster.urrgt.mongodb.net
[2026-08-22 14:13:03] - [ERROR] => Restarting Mongo server
[2026-08-22 14:13:03] - [ERROR] => MongoDB connection error => querySrv ENOTFOUND _mongodb._tcp.testcluster.urrgt.mongodb.net
[2026-08-22 14:13:05] - [ERROR] => Restarting Mongo server
[2026-08-22 14:13:05] - [ERROR] => MongoDB connection error => querySrv ENOTFOUND _mongodb._tcp.testcluster.urrgt.mongodb.net
[2026-08-22 14:13:07] - [ERROR] => Restarting Mongo server
[2026-08-22 14:13:07] - [ERROR] => MongoDB connection error => querySrv ENOTFOUND _mongodb._tcp.testcluster.urrgt.mongodb.net
[2026-08-22 14:13:09] - [ERROR] => Restarting Mongo server
[2026-08-22 14:13:09] - [ERROR] => MongoDB connection error => querySrv ENOTFOUND _mongodb._tcp.testcluster.urrgt.mongodb.net
[2026-08-22 14:13:11] - [ERROR] => Restarting Mongo server
[2026-08-22 14:13:11] - [ERROR] => MongoDB connection error => querySrv ENOTFOUND _mongodb._tcp.testcluster.urrgt.mongodb.net
[2026-08-22 14:13:13] - [ERROR] => Restarting Mongo server
[2026-08-22 14:13:14] - [ERROR] => MongoDB connection error => querySrv ENOTFOUND _mongodb._tcp.testcluster.urrgt.mongodb.net
[2026-08-22 14:13:16] - [ERROR] => Restarting Mongo server
[2026-08-22 14:13:16] - [ERROR] => MongoDB connection error => querySrv ENOTFOUND _mongodb._tcp.testcluster.urrgt.mongodb.net
[2026-08-22 14:13:18] - [ERROR] => Restarting Mongo server
[2026-08-22 14:13:18] - [ERROR] => MongoDB connection error => querySrv ENOTFOUND _mongodb._tcp.testcluster.urrgt.mongodb.net
[2026-08-22 14:13:20] - [ERROR] => Restarting Mongo server
[2026-08-22 14:13:20] - [ERROR] => MongoDB connection error => querySrv ENOTFOUND _mongodb._tcp.testcluster.urrgt.mongodb.net
[2026-08-22 14:13:22] - [ERROR] => Restarting Mongo server
[2026-08-22 14:13:22] - [ERROR] => MongoDB connection error => querySrv ENOTFOUND _mongodb._tcp.testcluster.urrgt.mongodb.net
[2026-08-22 14:13:24] - [ERROR] => Restarting Mongo server
[2026-08-22 14:13:24] - [ERROR] => MongoDB connection error => querySrv ENOTFOUND _mongodb._tcp.testcluster.urrgt.mongodb.net
[2026-08-22 14:13:26] - [ERROR] => Restarting Mongo server
[2026-08-22 14:13:26] - [ERROR] => MongoDB connection error => querySrv ENOTFOUND _mongodb._tcp.testcluster.urrgt.mongodb.net
[2026-08-22 14:13:28] - [ERROR] => Restarting Mongo server
[2026-08-22 14:13:28] - [ERROR] => MongoDB connection error => querySrv ENOTFOUND _mongodb._tcp.testcluster.urrgt.mongodb.net
[2026-08-22 14:13:30] - [ERROR] => Restarting Mongo server
[2026-08-22 14:13:30] - [ERROR] => MongoDB connection error => querySrv ENOTFOUND _mongodb._tcp.testcluster.urrgt.mongodb.net
[2026-08-22 14:13:32] - [ERROR] => Restarting Mongo server
[2026-08-22 14:13:32] - [ERROR] => MongoDB connection error => querySrv ENOTFOUND _mongodb._tcp.testcluster.urrgt.mongodb.net
[2026-08-22 14:13:34] - [ERROR] => Restarting Mongo server
[2026-08-22 14:13:34] - [ERROR] => MongoDB connection error => querySrv ENOTFOUND _mongodb._tcp.testcluster.urrgt.mongodb.net
[2026-08-22 14:13:36] - [ERROR] => Restarting Mongo server
[2026-08-22 14:13:36] - [ERROR] => MongoDB connection error => querySrv ENOTFOUND _mongodb._tcp.testcluster.urrgt.mongodb.net
[2026-08-22 14:13:38] - [ERROR] => Restarting Mongo server
[2026-08-22 14:13:38] - [ERROR] => MongoDB connection error => querySrv ENOTFOUND _mongodb._tcp.testcluster.urrgt.mongodb.net
[2026-08-22 14:13:40] - [ERROR] => Restarting Mongo server
[2026-08-22 14:13:40] - [ERROR] => MongoDB connection error => querySrv ENOTFOUND _mongodb._tcp.testcluster.urrgt.mongodb.net
[2026-08-22 14:13:42] - [ERROR] => Restarting Mongo server
[2026-08-22 14:13:42] - [ERROR] => MongoDB connection error => querySrv ENOTFOUND _mongodb._tcp.testcluster.urrgt.mongodb.net
[2026-08-22 14:13:44] - [ERROR] => Restarting Mongo server
[2026-08-22 14:13:44] - [ERROR] => MongoDB connection error => querySrv ENOTFOUND _mongodb._tcp.testcluster.urrgt.mongodb.net
[2026-08-22 14:13:46] - [ERROR] => Restarting Mongo server
[2026-08-22 14:13:46] - [ERROR] => MongoDB connection error => querySrv ENOTFOUND _mongodb._tcp.testcluster.urrgt.mongodb.net
[2026-08-22 14:13:48] - [ERROR] => Restarting Mongo server
[2026-08-22 14:13:48] - [ERROR] => MongoDB connection error => querySrv ENOTFOUND _mongodb._tcp.testcluster.urrgt.mongodb.net
[2026-08-22 14:13:50] - [ERROR] => Restarting Mongo server
[2026-08-22 14:13:50] - [ERROR] => MongoDB connection error => querySrv ENOTFOUND _mongodb._tcp.testcluster.urrgt.mongodb.net
[2026-08-22 14:13:52] - [ERROR] => Restarting Mongo server
[2026-08-22 14:13:52] - [ERROR] => MongoDB connection error => querySrv ENOTFOUND _mongodb._tcp.testcluster.urrgt.mongodb.net
[2026-08-22 14:13:54] - [ERROR] => Restarting Mongo server
[2026-08-22 14:13:54] - [ERROR] => MongoDB connection error => querySrv ENOTFOUND _mongodb._tcp.testcluster.urrgt.mongodb.net
[2026-08-22 14:13:56] - [ERROR] => Restarting Mongo server
[2026-08-22 14:13:56] - [ERROR] => MongoDB connection error => querySrv ENOTFOUND _mongodb._tcp.testcluster.urrgt.mongodb.net
[2026-08-22 14:13:58] - [ERROR] => Restarting Mongo server
[2026-08-22 14:13:58] - [ERROR] => MongoDB connection error => querySrv ENOTFOUND _mongodb._tcp.testcluster.urrgt.mongodb.net
[2026-08-22 14:14:00] - [ERROR] => Restarting Mongo server
[2026-08-22 14:14:00] - [ERROR] => MongoDB connection error => querySrv ENOTFOUND _mongodb._tcp.testcluster.urrgt.mongodb.net
[2026-08-22 14:14:02] - [ERROR] => Restarting Mongo server
[2026-08-22 14:14:02] - [ERROR] => MongoDB connection error => querySrv ENOTFOUND _mongodb._tcp.testcluster.urrgt.mongodb.net
[2026-08-22 14:14:04] - [ERROR] => Restarting Mongo server
[2026-08-22 14:14:04] - [ERROR] => MongoDB connection error => querySrv ENOTFOUND _mongodb._tcp.testcluster.urrgt.mongodb.net
[2026-08-22 14:14:06] - [ERROR] => Restarting Mongo server
[2026-08-22 14:14:06] - [ERROR] => MongoDB connection error => querySrv ENOTFOUND _mongodb._tcp.testcluster.urrgt.mongodb.net
[2026-08-22 14:14:08] - [ERROR] => Restarting Mongo server
[2026-08-22 14:14:08] - [ERROR] => MongoDB connection error => querySrv ENOTFOUND _mongodb._tcp.testcluster.urrgt.mongodb.net
[2026-08-22 14:14:10] - [ERROR] => Restarting Mongo server
[2026-08-22 14:14:10] - [ERROR] => MongoDB connection error => querySrv ENOTFOUND _mongodb._tcp.testcluster.urrgt.mongodb.net
[2026-08-22 14:14:13] - [ERROR] => Restarting Mongo server
[2026-08-22 14:14:13] - [ERROR] => MongoDB connection error => querySrv ENOTFOUND _mongodb._tcp.testcluster.urrgt.mongodb.net
[2026-08-22 14:14:15] - [ERROR] => Restarting Mongo server
[2026-08-22 14:14:16] - [ERROR] => MongoDB connection error => querySrv ENOTFOUND _mongodb._tcp.testcluster.urrgt.mongodb.net
[2026-08-22 14:14:18] - [ERROR] => Restarting Mongo server
[2026-08-22 14:14:18] - [ERROR] => MongoDB connection error => querySrv ENOTFOUND _mongodb._tcp.testcluster.urrgt.mongodb.net
[2026-08-22 14:14:20] - [ERROR] => Restarting Mongo server
[2026-08-22 14:14:20] - [ERROR] => MongoDB connection error => querySrv ENOTFOUND _mongodb._tcp.testcluster.urrgt.mongodb.net
[2026-08-22 14:14:22] - [ERROR] => Restarting Mongo server
[2026-08-22 14:14:22] - [ERROR] => MongoDB connection error => querySrv ENOTFOUND _mongodb._tcp.testcluster.urrgt.mongodb.net
[2026-08-22 14:14:24] - [ERROR] => Restarting Mongo server
[2026-08-22 14:14:24] - [ERROR] => MongoDB connection error => querySrv ENOTFOUND _mongodb._tcp.testcluster.urrgt.mongodb.net
[2026-08-22 14:14:26] - [ERROR] => Restarting Mongo server
[2026-08-22 14:14:26] - [ERROR] => MongoDB connection error => querySrv ENOTFOUND _mongodb._tcp.testcluster.urrgt.mongodb.net
[2026-08-22 14:14:28] - [ERROR] => Restarting Mongo server
[2026-08-22 14:14:28] - [ERROR] => MongoDB connection error => querySrv ENOTFOUND _mongodb._tcp.testcluster.urrgt.mongodb.net
[2026-08-22 14:14:30] - [ERROR] => Restarting Mongo server
[2026-08-22 14:14:30] - [ERROR] => MongoDB connection error => querySrv ENOTFOUND _mongodb._tcp.testcluster.urrgt.mongodb.net
[2026-08-22 14:14:32] - [ERROR] => Restarting Mongo server
[2026-08-22 14:14:32] - [ERROR] => MongoDB connection error => querySrv ENOTFOUND _mongodb._tcp.testcluster.urrgt.mongodb.net
[2026-08-22 14:14:34] - [ERROR] => Restarting Mongo server
[2026-08-22 14:14:34] - [ERROR] => MongoDB connection error => querySrv ENOTFOUND _mongodb._tcp.testcluster.urrgt.mongodb.net
[2026-08-22 14:14:36] - [ERROR] => Restarting Mongo server
[2026-08-22 14:14:36] - [ERROR] => MongoDB connection error => querySrv ENOTFOUND _mongodb._tcp.testcluster.urrgt.mongodb.net
[2026-08-22 14:14:38] - [ERROR] => Restarting Mongo server
[2026-08-22 14:14:38] - [ERROR] => MongoDB connection error => querySrv ENOTFOUND _mongodb._tcp.testcluster.urrgt.mongodb.net
[2026-08-22 14:14:40] - [ERROR] => Restarting Mongo server
[2026-08-22 14:14:40] - [ERROR] => MongoDB connection error => querySrv ENOTFOUND _mongodb._tcp.testcluster.urrgt.mongodb.net
[2026-08-22 14:14:42] - [ERROR] => Restarting Mongo server
[2026-08-22 14:14:42] - [ERROR] => MongoDB connection error => querySrv ENOTFOUND _mongodb._tcp.testcluster.urrgt.mongodb.net
[2026-08-22 14:14:44] - [ERROR] => Restarting Mongo server
[2026-08-22 14:14:44] - [ERROR] => MongoDB connection error => querySrv ENOTFOUND _mongodb._tcp.testcluster.urrgt.mongodb.net
[2026-08-22 14:14:46] - [ERROR] => Restarting Mongo server
[2026-08-22 14:14:46] - [ERROR] => MongoDB connection error => querySrv ENOTFOUND _mongodb._tcp.testcluster.urrgt.mongodb.net
[2026-08-22 14:14:48] - [ERROR] => Restarting Mongo server
[2026-08-22 14:14:48] - [ERROR] => MongoDB connection error => querySrv ENOTFOUND _mongodb._tcp.testcluster.urrgt.mongodb.net
[2026-08-22 14:14:50] - [ERROR] => Restarting Mongo server
[2026-08-22 14:14:50] - [ERROR] => MongoDB connection error => querySrv ENOTFOUND _mongodb._tcp.testcluster.urrgt.mongodb.net
[2026-08-22 14:14:52] - [ERROR] => Restarting Mongo server
[2026-08-22 14:14:52] - [ERROR] => MongoDB connection error => querySrv ENOTFOUND _mongodb._tcp.testcluster.urrgt.mongodb.net
[2026-08-22 14:14:54] - [ERROR] => Restarting Mongo server
[2026-08-22 14:14:54] - [ERROR] => MongoDB connection error => querySrv ENOTFOUND _mongodb._tcp.testcluster.urrgt.mongodb.net
[2026-08-22 14:14:56] - [ERROR] => Restarting Mongo server
[2026-08-22 14:14:56] - [ERROR] => MongoDB connection error => querySrv ENOTFOUND _mongodb._tcp.testcluster.urrgt.mongodb.net
[2026-08-22 14:14:58] - [ERROR] => Restarting Mongo server
[2026-08-22 14:14:58] - [ERROR] => MongoDB connection error => querySrv ENOTFOUND _mongodb._tcp.testcluster.urrgt.mongodb.net
[2026-08-22 14:15:00] - [ERROR] => Restarting Mongo server
[2026-08-22 14:15:00] - [ERROR] => MongoDB connection error => querySrv ENOTFOUND _mongodb._tcp.testcluster.urrgt.mongodb.net
[2026-08-22 14:15:02] - [ERROR] => Restarting Mongo server
[2026-08-22 14:15:02] - [ERROR] => MongoDB connection error => querySrv ENOTFOUND _mongodb._tcp.testcluster.urrgt.mongodb.net
[2026-08-22 14:15:04] - [ERROR] => Restarting Mongo server
[2026-08-22 14:15:04] - [ERROR] => MongoDB connection error => querySrv ENOTFOUND _mongodb._tcp.testcluster.urrgt.mongodb.net
[2026-08-22 14:15:06] - [ERROR] => Restarting Mongo server
[2026-08-22 14:15:06] - [ERROR] => MongoDB connection error => querySrv ENOTFOUND _mongodb._tcp.testcluster.urrgt.mongodb.net
[2026-08-22 14:15:08] - [ERROR] => Restarting Mongo server
[2026-08-22 14:15:08] - [ERROR] => MongoDB connection error => querySrv ENOTFOUND _mongodb._tcp.testcluster.urrgt.mongodb.net
[2026-08-22 14:15:10] - [ERROR] => Restarting Mongo server
[2026-08-22 14:15:10] - [ERROR] => MongoDB connection error => querySrv ENOTFOUND _mongodb._tcp.testcluster.urrgt.mongodb.net
[2026-08-22 14:15:12] - [ERROR] => Restarting Mongo server
[2026-08-22 14:15:12] - [ERROR] => MongoDB connection error => querySrv ENOTFOUND _mongodb._tcp.testcluster.urrgt.mongodb.net
[2026-08-22 14:15:14] - [ERROR] => Restarting Mongo server
[2026-08-22 14:15:14] - [ERROR] => MongoDB connection error => querySrv ENOTFOUND _mongodb._tcp.testcluster.urrgt.mongodb.net
[2026-08-22 14:15:16] - [ERROR] => Restarting Mongo server
[2026-08-22 14:15:17] - [ERROR] => MongoDB connection error => querySrv ENOTFOUND _mongodb._tcp.testcluster.urrgt.mongodb.net
[2026-08-22 14:15:19] - [ERROR] => Restarting Mongo server
[2026-08-22 14:15:19] - [ERROR] => MongoDB connection error => querySrv ENOTFOUND _mongodb._tcp.testcluster.urrgt.mongodb.net
[2026-08-22 14:15:21] - [ERROR] => Restarting Mongo server
[2026-08-22 14:15:21] - [ERROR] => MongoDB connection error => querySrv ENOTFOUND _mongodb._tcp.testcluster.urrgt.mongodb.net
[2026-08-22 14:15:23] - [ERROR] => Restarting Mongo server
[2026-08-22 14:15:23] - [ERROR] => MongoDB connection error => querySrv ENOTFOUND _mongodb._tcp.testcluster.urrgt.mongodb.net
[2026-08-22 14:15:25] - [ERROR] => Restarting Mongo server
[2026-08-22 14:15:25] - [ERROR] => MongoDB connection error => querySrv ENOTFOUND _mongodb._tcp.testcluster.urrgt.mongodb.net
[2026-08-22 14:15:27] - [ERROR] => Restarting Mongo server
[2026-08-22 14:15:27] - [ERROR] => MongoDB connection error => querySrv ENOTFOUND _mongodb._tcp.testcluster.urrgt.mongodb.net
[2026-08-22 14:15:29] - [ERROR] => Restarting Mongo server
[2026-08-22 14:15:29] - [ERROR] => MongoDB connection error => querySrv ENOTFOUND _mongodb._tcp.testcluster.urrgt.mongodb.net
[2026-08-22 14:15:31] - [ERROR] => Restarting Mongo server
[2026-08-22 14:15:31] - [ERROR] => MongoDB connection error => querySrv ENOTFOUND _mongodb._tcp.testcluster.urrgt.mongodb.net
[2026-08-22 14:15:33] - [ERROR] => Restarting Mongo server
[2026-08-22 14:15:34] - [ERROR] => MongoDB connection error => querySrv ENOTFOUND _mongodb._tcp.testcluster.urrgt.mongodb.net
[2026-08-22 14:15:36] - [ERROR] => Restarting Mongo server
[2026-08-22 14:15:36] - [ERROR] => MongoDB connection error => querySrv ENOTFOUND _mongodb._tcp.testcluster.urrgt.mongodb.net
[2026-08-22 14:15:38] - [ERROR] => Restarting Mongo server
[2026-08-22 14:15:38] - [ERROR] => MongoDB connection error => querySrv ENOTFOUND _mongodb._tcp.testcluster.urrgt.mongodb.net
[2026-08-22 14:15:40] - [ERROR] => Restarting Mongo server
[2026-08-22 14:15:40] - [ERROR] => MongoDB connection error => querySrv ENOTFOUND _mongodb._tcp.testcluster.urrgt.mongodb.net
[2026-08-22 14:15:42] - [ERROR] => Restarting Mongo server
[2026-08-22 14:15:42] - [ERROR] => MongoDB connection error => querySrv ENOTFOUND _mongodb._tcp.testcluster.urrgt.mongodb.net
[2026-08-22 14:15:44] - [ERROR] => Restarting Mongo server
[2026-08-22 14:15:44] - [ERROR] => MongoDB connection error => querySrv ENOTFOUND _mongodb._tcp.testcluster.urrgt.mongodb.net
[2026-08-22 14:15:46] - [ERROR] => Restarting Mongo server
[2026-08-22 14:15:46] - [ERROR] => MongoDB connection error => querySrv ENOTFOUND _mongodb._tcp.testcluster.urrgt.mongodb.net
[2026-08-22 14:15:48] - [ERROR] => Restarting Mongo server
[2026-08-22 14:15:48] - [ERROR] => MongoDB connection error => querySrv ENOTFOUND _mongodb._tcp.testcluster.urrgt.mongodb.net
[2026-08-22 14:15:50] - [ERROR] => Restarting Mongo server
[2026-08-22 14:15:50] - [ERROR] => MongoDB connection error => querySrv ENOTFOUND _mongodb._tcp.testcluster.urrgt.mongodb.net
[2026-08-22 14:15:52] - [ERROR] => Restarting Mongo server
[2026-08-22 14:15:52] - [ERROR] => MongoDB connection error => querySrv ENOTFOUND _mongodb._tcp.testcluster.urrgt.mongodb.net
[2026-08-22 14:15:54] - [ERROR] => Restarting Mongo server
[2026-08-22 14:15:54] - [ERROR] => MongoDB connection error => querySrv ENOTFOUND _mongodb._tcp.testcluster.urrgt.mongodb.net
[2026-08-22 14:15:56] - [ERROR] => Restarting Mongo server
[2026-08-22 14:15:56] - [ERROR] => MongoDB connection error => querySrv ENOTFOUND _mongodb._tcp.testcluster.urrgt.mongodb.net
[2026-08-22 14:15:58] - [ERROR] => Restarting Mongo server
[2026-08-22 14:15:58] - [ERROR] => MongoDB connection error => querySrv ENOTFOUND _mongodb._tcp.testcluster.urrgt.mongodb.net
[2026-08-22 14:16:00] - [ERROR] => Restarting Mongo server
[2026-08-22 14:16:00] - [ERROR] => MongoDB connection error => querySrv ENOTFOUND _mongodb._tcp.testcluster.urrgt.mongodb.net
[2026-08-22 14:16:02] - [ERROR] => Restarting Mongo server
[2026-08-22 14:16:02] - [ERROR] => MongoDB connection error => querySrv ENOTFOUND _mongodb._tcp.testcluster.urrgt.mongodb.net
[2026-08-22 14:16:04] - [ERROR] => Restarting Mongo server
[2026-08-22 14:16:04] - [ERROR] => MongoDB connection error => querySrv ENOTFOUND _mongodb._tcp.testcluster.urrgt.mongodb.net
[2026-08-22 14:16:06] - [ERROR] => Restarting Mongo server
[2026-08-22 14:16:06] - [ERROR] => MongoDB connection error => querySrv ENOTFOUND _mongodb._tcp.testcluster.urrgt.mongodb.net
[2026-08-22 14:16:08] - [ERROR] => Restarting Mongo server
[2026-08-22 14:16:08] - [ERROR] => MongoDB connection error => querySrv ENOTFOUND _mongodb._tcp.testcluster.urrgt.mongodb.net
[2026-08-22 14:16:10] - [ERROR] => Restarting Mongo server
[2026-08-22 14:16:10] - [ERROR] => MongoDB connection error => querySrv ENOTFOUND _mongodb._tcp.testcluster.urrgt.mongodb.net
[2026-08-22 14:16:12] - [ERROR] => Restarting Mongo server
[2026-08-22 14:16:12] - [ERROR] => MongoDB connection error => querySrv ENOTFOUND _mongodb._tcp.testcluster.urrgt.mongodb.net
[2026-08-22 14:16:14] - [ERROR] => Restarting Mongo server
[2026-08-22 14:16:14] - [ERROR] => MongoDB connection error => querySrv ENOTFOUND _mongodb._tcp.testcluster.urrgt.mongodb.net
[2026-08-22 14:16:16] - [ERROR] => Restarting Mongo server
[2026-08-22 14:16:16] - [ERROR] => MongoDB connection error => querySrv ENOTFOUND _mongodb._tcp.testcluster.urrgt.mongodb.net
[2026-08-22 14:16:18] - [ERROR] => Restarting Mongo server
[2026-08-22 14:16:19] - [ERROR] => MongoDB connection error => querySrv ENOTFOUND _mongodb._tcp.testcluster.urrgt.mongodb.net
[2026-08-22 14:16:21] - [ERROR] => Restarting Mongo server
[2026-08-22 14:16:21] - [ERROR] => MongoDB connection error => querySrv ENOTFOUND _mongodb._tcp.testcluster.urrgt.mongodb.net
[2026-08-22 14:16:23] - [ERROR] => Restarting Mongo server
[2026-08-22 14:16:23] - [ERROR] => MongoDB connection error => querySrv ENOTFOUND _mongodb._tcp.testcluster.urrgt.mongodb.net
[2026-08-22 14:16:25] - [ERROR] => Restarting Mongo server
[2026-08-22 14:16:25] - [ERROR] => MongoDB connection error => querySrv ENOTFOUND _mongodb._tcp.testcluster.urrgt.mongodb.net
[2026-08-22 14:16:27] - [ERROR] => Restarting Mongo server
[2026-08-22 14:16:27] - [ERROR] => MongoDB connection error => querySrv ENOTFOUND _mongodb._tcp.testcluster.urrgt.mongodb.net
[2026-08-22 14:16:29] - [ERROR] => Restarting Mongo server
[2026-08-22 14:16:29] - [ERROR] => MongoDB connection error => querySrv ENOTFOUND _mongodb._tcp.testcluster.urrgt.mongodb.net
[2026-08-22 14:16:31] - [ERROR] => Restarting Mongo server
[2026-08-22 14:16:31] - [ERROR] => MongoDB connection error => querySrv ENOTFOUND _mongodb._tcp.testcluster.urrgt.mongodb.net
[2026-08-22 14:16:33] - [ERROR] => Restarting Mongo server
[2026-08-22 14:16:33] - [ERROR] => MongoDB connection error => querySrv ENOTFOUND _mongodb._tcp.testcluster.urrgt.mongodb.net
[2026-08-22 14:16:35] - [ERROR] => Restarting Mongo server
[2026-08-22 14:16:35] - [ERROR] => MongoDB connection error => querySrv ENOTFOUND _mongodb._tcp.testcluster.urrgt.mongodb.net
[2026-08-22 14:16:37] - [ERROR] => Restarting Mongo server
[2026-08-22 14:16:38] - [ERROR] => MongoDB connection error => querySrv ENOTFOUND _mongodb._tcp.testcluster.urrgt.mongodb.net
[2026-08-22 14:16:40] - [ERROR] => Restarting Mongo server
[2026-08-22 14:16:40] - [ERROR] => MongoDB connection error => querySrv ENOTFOUND _mongodb._tcp.testcluster.urrgt.mongodb.net
[2026-08-22 14:16:42] - [ERROR] => Restarting Mongo server
[2026-08-22 14:16:42] - [ERROR] => MongoDB connection error => querySrv ENOTFOUND _mongodb._tcp.testcluster.urrgt.mongodb.net
[2026-08-22 14:16:44] - [ERROR] => Restarting Mongo server
[2026-08-22 14:16:44] - [ERROR] => MongoDB connection error => querySrv ENOTFOUND _mongodb._tcp.testcluster.urrgt.mongodb.net
[2026-08-22 14:16:46] - [ERROR] => Restarting Mongo server
[2026-08-22 14:16:46] - [ERROR] => MongoDB connection error => querySrv ENOTFOUND _mongodb._tcp.testcluster.urrgt.mongodb.net
[2026-08-22 14:16:48] - [ERROR] => Restarting Mongo server
[2026-08-22 14:16:48] - [ERROR] => MongoDB connection error => querySrv ENOTFOUND _mongodb._tcp.testcluster.urrgt.mongodb.net
[2026-08-22 14:16:50] - [ERROR] => Restarting Mongo server
[2026-08-22 14:16:50] - [ERROR] => MongoDB connection error => querySrv ENOTFOUND _mongodb._tcp.testcluster.urrgt.mongodb.net
[2026-08-22 14:16:52] - [ERROR] => Restarting Mongo server
[2026-08-22 14:16:52] - [ERROR] => MongoDB connection error => querySrv ENOTFOUND _mongodb._tcp.testcluster.urrgt.mongodb.net
[2026-08-22 14:16:54] - [ERROR] => Restarting Mongo server
[2026-08-22 14:16:54] - [ERROR] => MongoDB connection error => querySrv ENOTFOUND _mongodb._tcp.testcluster.urrgt.mongodb.net
[2026-08-22 14:16:56] - [ERROR] => Restarting Mongo server
[2026-08-22 14:16:56] - [ERROR] => MongoDB connection error => querySrv ENOTFOUND _mongodb._tcp.testcluster.urrgt.mongodb.net
[2026-08-22 14:16:58] - [ERROR] => Restarting Mongo server
[2026-08-22 14:16:58] - [ERROR] => MongoDB connection error => querySrv ENOTFOUND _mongodb._tcp.testcluster.urrgt.mongodb.net
[2026-08-22 14:17:00] - [ERROR] => Restarting Mongo server
[2026-08-22 14:17:00] - [ERROR] => MongoDB connection error => querySrv ENOTFOUND _mongodb._tcp.testcluster.urrgt.mongodb.net
[2026-08-22 14:17:02] - [ERROR] => Restarting Mongo server
[2026-08-22 14:17:02] - [ERROR] => MongoDB connection error => querySrv ENOTFOUND _mongodb._tcp.testcluster.urrgt.mongodb.net
[2026-08-22 14:17:04] - [ERROR] => Restarting Mongo server
[2026-08-22 14:17:04] - [ERROR] => MongoDB connection error => querySrv ENOTFOUND _mongodb._tcp.testcluster.urrgt.mongodb.net
[2026-08-22 14:17:06] - [ERROR] => Restarting Mongo server
[2026-08-22 14:17:06] - [ERROR] => MongoDB connection error => querySrv ENOTFOUND _mongodb._tcp.testcluster.urrgt.mongodb.net
[2026-08-22 14:17:08] - [ERROR] => Restarting Mongo server
[2026-08-22 14:17:08] - [ERROR] => MongoDB connection error => querySrv ENOTFOUND _mongodb._tcp.testcluster.urrgt.mongodb.net
[2026-08-22 14:17:10] - [ERROR] => Restarting Mongo server
[2026-08-22 14:17:10] - [ERROR] => MongoDB connection error => querySrv ENOTFOUND _mongodb._tcp.testcluster.urrgt.mongodb.net
[2026-08-22 14:17:12] - [ERROR] => Restarting Mongo server
[2026-08-22 14:17:12] - [ERROR] => MongoDB connection error => querySrv ENOTFOUND _mongodb._tcp.testcluster.urrgt.mongodb.net
[2026-08-22 14:17:14] - [ERROR] => Restarting Mongo server
[2026-08-22 14:17:14] - [ERROR] => MongoDB connection error => querySrv ENOTFOUND _mongodb._tcp.testcluster.urrgt.mongodb.net
[2026-08-22 14:17:16] - [ERROR] => Restarting Mongo server
[2026-08-22 14:17:16] - [ERROR] => MongoDB connection error => querySrv ENOTFOUND _mongodb._tcp.testcluster.urrgt.mongodb.net
[2026-08-22 14:17:18] - [ERROR] => Restarting Mongo server
[2026-08-22 14:17:18] - [ERROR] => MongoDB connection error => querySrv ENOTFOUND _mongodb._tcp.testcluster.urrgt.mongodb.net
[2026-08-22 14:17:20] - [ERROR] => Restarting Mongo server
[2026-08-22 14:17:21] - [ERROR] => MongoDB connection error => querySrv ENOTFOUND _mongodb._tcp.testcluster.urrgt.mongodb.net
[2026-08-22 14:17:23] - [ERROR] => Restarting Mongo server
[2026-08-22 14:17:23] - [ERROR] => MongoDB connection error => querySrv ENOTFOUND _mongodb._tcp.testcluster.urrgt.mongodb.net
[2026-08-22 14:17:25] - [ERROR] => Restarting Mongo server
[2026-08-22 14:17:25] - [ERROR] => MongoDB connection error => querySrv ENOTFOUND _mongodb._tcp.testcluster.urrgt.mongodb.net
[2026-08-22 14:17:27] - [ERROR] => Restarting Mongo server
[2026-08-22 14:17:27] - [ERROR] => MongoDB connection error => querySrv ENOTFOUND _mongodb._tcp.testcluster.urrgt.mongodb.net
[2026-08-22 14:17:29] - [ERROR] => Restarting Mongo server
[2026-08-22 14:17:29] - [ERROR] => MongoDB connection error => querySrv ENOTFOUND _mongodb._tcp.testcluster.urrgt.mongodb.net
[2026-08-22 14:17:31] - [ERROR] => Restarting Mongo server
[2026-08-22 14:17:31] - [ERROR] => MongoDB connection error => querySrv ENOTFOUND _mongodb._tcp.testcluster.urrgt.mongodb.net
[2026-08-22 14:17:33] - [ERROR] => Restarting Mongo server
[2026-08-22 14:17:33] - [ERROR] => MongoDB connection error => querySrv ENOTFOUND _mongodb._tcp.testcluster.urrgt.mongodb.net
[2026-08-22 14:17:35] - [ERROR] => Restarting Mongo server
[2026-08-22 14:17:35] - [ERROR] => MongoDB connection error => querySrv ENOTFOUND _mongodb._tcp.testcluster.urrgt.mongodb.net
[2026-08-22 14:17:37] - [ERROR] => Restarting Mongo server
[2026-08-22 14:17:37] - [ERROR] => MongoDB connection error => querySrv ENOTFOUND _mongodb._tcp.testcluster.urrgt.mongodb.net
[2026-08-22 14:17:39] - [ERROR] => Restarting Mongo server
[2026-08-22 14:17:39] - [ERROR] => MongoDB connection error => querySrv ENOTFOUND _mongodb._tcp.testcluster.urrgt.mongodb.net
[2026-08-22 14:17:41] - [ERROR] => Restarting Mongo server
[2026-08-22 14:17:41] - [ERROR] => MongoDB connection error => querySrv ENOTFOUND _mongodb._tcp.testcluster.urrgt.mongodb.net
[2026-08-22 14:17:43] - [ERROR] => Restarting Mongo server
[2026-08-22 14:17:43] - [ERROR] => MongoDB connection error => querySrv ENOTFOUND _mongodb._tcp.testcluster.urrgt.mongodb.net
[2026-08-22 14:17:45] - [ERROR] => Restarting Mongo server
[2026-08-22 14:17:45] - [ERROR] => MongoDB connection error => querySrv ENOTFOUND _mongodb._tcp.testcluster.urrgt.mongodb.net
[2026-08-22 14:17:47] - [ERROR] => Restarting Mongo server
[2026-08-22 14:17:47] - [ERROR] => MongoDB connection error => querySrv ENOTFOUND _mongodb._tcp.testcluster.urrgt.mongodb.net
[2026-08-22 14:17:49] - [ERROR] => Restarting Mongo server
[2026-08-22 14:17:49] - [ERROR] => MongoDB connection error => querySrv ENOTFOUND _mongodb._tcp.testcluster.urrgt.mongodb.net
[2026-08-22 14:17:51] - [ERROR] => Restarting Mongo server
[2026-08-22 14:17:51] - [ERROR] => MongoDB connection error => querySrv ENOTFOUND _mongodb._tcp.testcluster.urrgt.mongodb.net
[2026-08-22 14:17:53] - [ERROR] => Restarting Mongo server
[2026-08-22 14:17:53] - [ERROR] => MongoDB connection error => querySrv ENOTFOUND _mongodb._tcp.testcluster.urrgt.mongodb.net
[2026-08-22 14:17:55] - [ERROR] => Restarting Mongo server
[2026-08-22 14:17:55] - [ERROR] => MongoDB connection error => querySrv ENOTFOUND _mongodb._tcp.testcluster.urrgt.mongodb.net
[2026-08-22 14:17:57] - [ERROR] => Restarting Mongo server
[2026-08-22 14:17:57] - [ERROR] => MongoDB connection error => querySrv ENOTFOUND _mongodb._tcp.testcluster.urrgt.mongodb.net
[2026-08-22 14:17:59] - [ERROR] => Restarting Mongo server
[2026-08-22 14:17:59] - [ERROR] => MongoDB connection error => querySrv ENOTFOUND _mongodb._tcp.testcluster.urrgt.mongodb.net
[2026-08-22 14:18:01] - [ERROR] => Restarting Mongo server
[2026-08-22 14:18:01] - [ERROR] => MongoDB connection error => querySrv ENOTFOUND _mongodb._tcp.testcluster.urrgt.mongodb.net
[2026-08-22 14:18:03] - [ERROR] => Restarting Mongo server
[2026-08-22 14:18:03] - [ERROR] => MongoDB connection error => querySrv ENOTFOUND _mongodb._tcp.testcluster.urrgt.mongodb.net
[2026-08-22 14:18:05] - [ERROR] => Restarting Mongo server
[2026-08-22 14:18:05] - [ERROR] => MongoDB connection error => querySrv ENOTFOUND _mongodb._tcp.testcluster.urrgt.mongodb.net
[2026-08-22 14:18:07] - [ERROR] => Restarting Mongo server
[2026-08-22 14:18:07] - [ERROR] => MongoDB connection error => querySrv ENOTFOUND _mongodb._tcp.testcluster.urrgt.mongodb.net
[2026-08-22 14:18:10] - [ERROR] => Restarting Mongo server
[2026-08-22 14:18:10] - [ERROR] => MongoDB connection error => querySrv ENOTFOUND _mongodb._tcp.testcluster.urrgt.mongodb.net
[2026-08-22 14:18:12] - [ERROR] => Restarting Mongo server
[2026-08-22 14:18:12] - [ERROR] => MongoDB connection error => querySrv ENOTFOUND _mongodb._tcp.testcluster.urrgt.mongodb.net
[2026-08-22 14:18:14] - [ERROR] => Restarting Mongo server
[2026-08-22 14:18:14] - [ERROR] => MongoDB connection error => querySrv ENOTFOUND _mongodb._tcp.testcluster.urrgt.mongodb.net
[2026-08-22 14:18:16] - [ERROR] => Restarting Mongo server
[2026-08-22 14:18:16] - [ERROR] => MongoDB connection error => querySrv ENOTFOUND _mongodb._tcp.testcluster.urrgt.mongodb.net
[2026-08-22 14:18:18] - [ERROR] => Restarting Mongo server
[2026-08-22 14:18:18] - [ERROR] => MongoDB connection error => querySrv ENOTFOUND _mongodb._tcp.testcluster.urrgt.mongodb.net
[2026-08-22 14:18:20] - [ERROR] => Restarting Mongo server
[2026-08-22 14:18:20] - [ERROR] => MongoDB connection error => querySrv ENOTFOUND _mongodb._tcp.testcluster.urrgt.mongodb.net
[2026-08-22 14:18:22] - [ERROR] => Restarting Mongo server
[2026-08-22 14:18:23] - [ERROR] => MongoDB connection error => querySrv ENOTFOUND _mongodb._tcp.testcluster.urrgt.mongodb.net
[2026-08-22 14:18:25] - [ERROR] => Restarting Mongo server
[2026-08-22 14:18:25] - [ERROR] => MongoDB connection error => querySrv ENOTFOUND _mongodb._tcp.testcluster.urrgt.mongodb.net
[2026-08-22 14:18:27] - [ERROR] => Restarting Mongo server
[2026-08-22 14:18:27] - [ERROR] => MongoDB connection error => querySrv ENOTFOUND _mongodb._tcp.testcluster.urrgt.mongodb.net
[2026-08-22 14:18:29] - [ERROR] => Restarting Mongo server
[2026-08-22 14:18:29] - [ERROR] => MongoDB connection error => querySrv ENOTFOUND _mongodb._tcp.testcluster.urrgt.mongodb.net
[2026-08-22 14:18:31] - [ERROR] => Restarting Mongo server
[2026-08-22 14:18:31] - [ERROR] => MongoDB connection error => querySrv ENOTFOUND _mongodb._tcp.testcluster.urrgt.mongodb.net
[2026-08-22 14:18:33] - [ERROR] => Restarting Mongo server
[2026-08-22 14:18:33] - [ERROR] => MongoDB connection error => querySrv ENOTFOUND _mongodb._tcp.testcluster.urrgt.mongodb.net
[2026-08-22 14:18:35] - [ERROR] => Restarting Mongo server
[2026-08-22 14:18:35] - [ERROR] => MongoDB connection error => querySrv ENOTFOUND _mongodb._tcp.testcluster.urrgt.mongodb.net
[2026-08-22 14:18:37] - [ERROR] => Restarting Mongo server
[2026-08-22 14:18:37] - [ERROR] => MongoDB connection error => querySrv ENOTFOUND _mongodb._tcp.testcluster.urrgt.mongodb.net
[2026-08-22 14:18:39] - [ERROR] => Restarting Mongo server
[2026-08-22 14:18:39] - [ERROR] => MongoDB connection error => querySrv ENOTFOUND _mongodb._tcp.testcluster.urrgt.mongodb.net
[2026-08-22 14:18:41] - [ERROR] => Restarting Mongo server
[2026-08-22 14:18:41] - [ERROR] => MongoDB connection error => querySrv ENOTFOUND _mongodb._tcp.testcluster.urrgt.mongodb.net
[2026-08-22 14:18:43] - [ERROR] => Restarting Mongo server
[2026-08-22 14:18:43] - [ERROR] => MongoDB connection error => querySrv ENOTFOUND _mongodb._tcp.testcluster.urrgt.mongodb.net
[2026-08-22 14:18:45] - [ERROR] => Restarting Mongo server
[2026-08-22 14:18:45] - [ERROR] => MongoDB connection error => querySrv ENOTFOUND _mongodb._tcp.testcluster.urrgt.mongodb.net
[2026-08-22 14:18:47] - [ERROR] => Restarting Mongo server
[2026-08-22 14:18:47] - [ERROR] => MongoDB connection error => querySrv ENOTFOUND _mongodb._tcp.testcluster.urrgt.mongodb.net
[2026-08-22 14:18:49] - [ERROR] => Restarting Mongo server
[2026-08-22 14:18:49] - [ERROR] => MongoDB connection error => querySrv ENOTFOUND _mongodb._tcp.testcluster.urrgt.mongodb.net
[2026-08-22 14:18:51] - [ERROR] => Restarting Mongo server
[2026-08-22 14:18:51] - [ERROR] => MongoDB connection error => querySrv ENOTFOUND _mongodb._tcp.testcluster.urrgt.mongodb.net
[2026-08-22 14:18:53] - [ERROR] => Restarting Mongo server
[2026-08-22 14:18:53] - [ERROR] => MongoDB connection error => querySrv ENOTFOUND _mongodb._tcp.testcluster.urrgt.mongodb.net
[2026-08-22 14:18:55] - [ERROR] => Restarting Mongo server
[2026-08-22 14:18:55] - [ERROR] => MongoDB connection error => querySrv ENOTFOUND _mongodb._tcp.testcluster.urrgt.mongodb.net
[2026-08-22 14:18:57] - [ERROR] => Restarting Mongo server
[2026-08-22 14:18:57] - [ERROR] => MongoDB connection error => querySrv ENOTFOUND _mongodb._tcp.testcluster.urrgt.mongodb.net
[2026-08-22 14:18:59] - [ERROR] => Restarting Mongo server
[2026-08-22 14:18:59] - [ERROR] => MongoDB connection error => querySrv ENOTFOUND _mongodb._tcp.testcluster.urrgt.mongodb.net
[2026-08-22 14:19:01] - [ERROR] => Restarting Mongo server
[2026-08-22 14:19:01] - [ERROR] => MongoDB connection error => querySrv ENOTFOUND _mongodb._tcp.testcluster.urrgt.mongodb.net
[2026-08-22 14:19:03] - [ERROR] => Restarting Mongo server
[2026-08-22 14:19:03] - [ERROR] => MongoDB connection error => querySrv ENOTFOUND _mongodb._tcp.testcluster.urrgt.mongodb.net
[2026-08-22 14:19:05] - [ERROR] => Restarting Mongo server
[2026-08-22 14:19:05] - [ERROR] => MongoDB connection error => querySrv ENOTFOUND _mongodb._tcp.testcluster.urrgt.mongodb.net
[2026-08-22 14:19:07] - [ERROR] => Restarting Mongo server
[2026-08-22 14:19:07] - [ERROR] => MongoDB connection error => querySrv ENOTFOUND _mongodb._tcp.testcluster.urrgt.mongodb.net
[2026-08-22 14:19:09] - [ERROR] => Restarting Mongo server
[2026-08-22 14:19:09] - [ERROR] => MongoDB connection error => querySrv ENOTFOUND _mongodb._tcp.testcluster.urrgt.mongodb.net
[2026-08-22 14:19:11] - [ERROR] => Restarting Mongo server
[2026-08-22 14:19:11] - [ERROR] => MongoDB connection error => querySrv ENOTFOUND _mongodb._tcp.testcluster.urrgt.mongodb.net
[2026-08-22 14:19:13] - [ERROR] => Restarting Mongo server
[2026-08-22 14:19:13] - [ERROR] => MongoDB connection error => querySrv ENOTFOUND _mongodb._tcp.testcluster.urrgt.mongodb.net
[2026-08-22 14:19:15] - [ERROR] => Restarting Mongo server
[2026-08-22 14:19:15] - [ERROR] => MongoDB connection error => querySrv ENOTFOUND _mongodb._tcp.testcluster.urrgt.mongodb.net
[2026-08-22 14:19:17] - [ERROR] => Restarting Mongo server
[2026-08-22 14:19:17] - [ERROR] => MongoDB connection error => querySrv ENOTFOUND _mongodb._tcp.testcluster.urrgt.mongodb.net
[2026-08-22 14:19:19] - [ERROR] => Restarting Mongo server
[2026-08-22 14:19:19] - [ERROR] => MongoDB connection error => querySrv ENOTFOUND _mongodb._tcp.testcluster.urrgt.mongodb.net
[2026-08-22 14:19:21] - [ERROR] => Restarting Mongo server
[2026-08-22 14:19:21] - [ERROR] => MongoDB connection error => querySrv ENOTFOUND _mongodb._tcp.testcluster.urrgt.mongodb.net
[2026-08-22 14:19:23] - [ERROR] => Restarting Mongo server
[2026-08-22 14:19:24] - [ERROR] => MongoDB connection error => querySrv ENOTFOUND _mongodb._tcp.testcluster.urrgt.mongodb.net
[2026-08-22 14:19:26] - [ERROR] => Restarting Mongo server
[2026-08-22 14:19:26] - [ERROR] => MongoDB connection error => querySrv ENOTFOUND _mongodb._tcp.testcluster.urrgt.mongodb.net
[2026-08-22 14:19:28] - [ERROR] => Restarting Mongo server
[2026-08-22 14:19:28] - [ERROR] => MongoDB connection error => querySrv ENOTFOUND _mongodb._tcp.testcluster.urrgt.mongodb.net
[2026-08-22 14:19:30] - [ERROR] => Restarting Mongo server
[2026-08-22 14:19:30] - [ERROR] => MongoDB connection error => querySrv ENOTFOUND _mongodb._tcp.testcluster.urrgt.mongodb.net
[2026-08-22 14:19:32] - [ERROR] => Restarting Mongo server
[2026-08-22 14:19:32] - [ERROR] => MongoDB connection error => querySrv ENOTFOUND _mongodb._tcp.testcluster.urrgt.mongodb.net
[2026-08-22 14:19:34] - [ERROR] => Restarting Mongo server
[2026-08-22 14:19:34] - [ERROR] => MongoDB connection error => querySrv ENOTFOUND _mongodb._tcp.testcluster.urrgt.mongodb.net
[2026-08-22 14:19:36] - [ERROR] => Restarting Mongo server
[2026-08-22 14:19:36] - [ERROR] => MongoDB connection error => querySrv ENOTFOUND _mongodb._tcp.testcluster.urrgt.mongodb.net
[2026-08-22 14:19:38] - [ERROR] => Restarting Mongo server
[2026-08-22 14:19:38] - [ERROR] => MongoDB connection error => querySrv ENOTFOUND _mongodb._tcp.testcluster.urrgt.mongodb.net
[2026-08-22 14:19:40] - [ERROR] => Restarting Mongo server
[2026-08-22 14:19:40] - [ERROR] => MongoDB connection error => querySrv ENOTFOUND _mongodb._tcp.testcluster.urrgt.mongodb.net
[2026-08-22 14:19:42] - [ERROR] => Restarting Mongo server
[2026-08-22 14:19:42] - [ERROR] => MongoDB connection error => querySrv ENOTFOUND _mongodb._tcp.testcluster.urrgt.mongodb.net
[2026-08-22 14:19:44] - [ERROR] => Restarting Mongo server
[2026-08-22 14:19:44] - [ERROR] => MongoDB connection error => querySrv ENOTFOUND _mongodb._tcp.testcluster.urrgt.mongodb.net
[2026-08-22 14:19:46] - [ERROR] => Restarting Mongo server
[2026-08-22 14:19:46] - [ERROR] => MongoDB connection error => querySrv ENOTFOUND _mongodb._tcp.testcluster.urrgt.mongodb.net
[2026-08-22 14:19:48] - [ERROR] => Restarting Mongo server
[2026-08-22 14:19:48] - [ERROR] => MongoDB connection error => querySrv ENOTFOUND _mongodb._tcp.testcluster.urrgt.mongodb.net
[2026-08-22 14:19:50] - [ERROR] => Restarting Mongo server
[2026-08-22 14:19:50] - [ERROR] => MongoDB connection error => querySrv ENOTFOUND _mongodb._tcp.testcluster.urrgt.mongodb.net
[2026-08-22 14:19:52] - [ERROR] => Restarting Mongo server
[2026-08-22 14:19:52] - [ERROR] => MongoDB connection error => querySrv ENOTFOUND _mongodb._tcp.testcluster.urrgt.mongodb.net
[2026-08-22 14:19:54] - [ERROR] => Restarting Mongo server
[2026-08-22 14:19:54] - [ERROR] => MongoDB connection error => querySrv ENOTFOUND _mongodb._tcp.testcluster.urrgt.mongodb.net
[2026-08-22 14:19:56] - [ERROR] => Restarting Mongo server
[2026-08-22 14:19:56] - [ERROR] => MongoDB connection error => querySrv ENOTFOUND _mongodb._tcp.testcluster.urrgt.mongodb.net
[2026-08-22 14:19:58] - [ERROR] => Restarting Mongo server
[2026-08-22 14:19:58] - [ERROR] => MongoDB connection error => querySrv ENOTFOUND _mongodb._tcp.testcluster.urrgt.mongodb.net
[2026-08-22 14:20:00] - [ERROR] => Restarting Mongo server
[2026-08-22 14:20:00] - [ERROR] => MongoDB connection error => querySrv ENOTFOUND _mongodb._tcp.testcluster.urrgt.mongodb.net
[2026-08-22 14:20:02] - [ERROR] => Restarting Mongo server
[2026-08-22 14:20:02] - [ERROR] => MongoDB connection error => querySrv ENOTFOUND _mongodb._tcp.testcluster.urrgt.mongodb.net
[2026-08-22 14:20:04] - [ERROR] => Restarting Mongo server
[2026-08-22 14:20:04] - [ERROR] => MongoDB connection error => querySrv ENOTFOUND _mongodb._tcp.testcluster.urrgt.mongodb.net
[2026-08-22 14:20:06] - [ERROR] => Restarting Mongo server
[2026-08-22 14:20:06] - [ERROR] => MongoDB connection error => querySrv ENOTFOUND _mongodb._tcp.testcluster.urrgt.mongodb.net
[2026-08-22 14:20:08] - [ERROR] => Restarting Mongo server
[2026-08-22 14:20:08] - [ERROR] => MongoDB connection error => querySrv ENOTFOUND _mongodb._tcp.testcluster.urrgt.mongodb.net
[2026-08-22 14:20:10] - [ERROR] => Restarting Mongo server
[2026-08-22 14:20:10] - [ERROR] => MongoDB connection error => querySrv ENOTFOUND _mongodb._tcp.testcluster.urrgt.mongodb.net
[2026-08-22 14:20:12] - [ERROR] => Restarting Mongo server
[2026-08-22 14:20:12] - [ERROR] => MongoDB connection error => querySrv ENOTFOUND _mongodb._tcp.testcluster.urrgt.mongodb.net
[2026-08-22 14:20:14] - [ERROR] => Restarting Mongo server
[2026-08-22 14:20:14] - [ERROR] => MongoDB connection error => querySrv ENOTFOUND _mongodb._tcp.testcluster.urrgt.mongodb.net
[2026-08-22 14:20:16] - [ERROR] => Restarting Mongo server
[2026-08-22 14:20:16] - [ERROR] => MongoDB connection error => querySrv ENOTFOUND _mongodb._tcp.testcluster.urrgt.mongodb.net
[2026-08-22 14:20:18] - [ERROR] => Restarting Mongo server
[2026-08-22 14:20:18] - [ERROR] => MongoDB connection error => querySrv ENOTFOUND _mongodb._tcp.testcluster.urrgt.mongodb.net
[2026-08-22 14:20:20] - [ERROR] => Restarting Mongo server
[2026-08-22 14:20:20] - [ERROR] => MongoDB connection error => querySrv ENOTFOUND _mongodb._tcp.testcluster.urrgt.mongodb.net
[2026-08-22 14:20:22] - [ERROR] => Restarting Mongo server
[2026-08-22 14:20:22] - [ERROR] => MongoDB connection error => querySrv ENOTFOUND _mongodb._tcp.testcluster.urrgt.mongodb.net
[2026-08-22 14:20:24] - [ERROR] => Restarting Mongo server
[2026-08-22 14:20:25] - [ERROR] => MongoDB connection error => querySrv ENOTFOUND _mongodb._tcp.testcluster.urrgt.mongodb.net
[2026-08-22 14:20:27] - [ERROR] => Restarting Mongo server
[2026-08-22 14:20:27] - [ERROR] => MongoDB connection error => querySrv ENOTFOUND _mongodb._tcp.testcluster.urrgt.mongodb.net
[2026-08-22 14:20:29] - [ERROR] => Restarting Mongo server
[2026-08-22 14:20:29] - [ERROR] => MongoDB connection error => querySrv ENOTFOUND _mongodb._tcp.testcluster.urrgt.mongodb.net
[2026-08-22 14:20:31] - [ERROR] => Restarting Mongo server
[2026-08-22 14:20:32] - [ERROR] => MongoDB connection error => querySrv ENOTFOUND _mongodb._tcp.testcluster.urrgt.mongodb.net
[2026-08-22 14:20:34] - [ERROR] => Restarting Mongo server
[2026-08-22 14:20:34] - [ERROR] => MongoDB connection error => querySrv ENOTFOUND _mongodb._tcp.testcluster.urrgt.mongodb.net
[2026-08-22 14:20:36] - [ERROR] => Restarting Mongo server
[2026-08-22 14:20:36] - [ERROR] => MongoDB connection error => querySrv ENOTFOUND _mongodb._tcp.testcluster.urrgt.mongodb.net
[2026-08-22 14:20:38] - [ERROR] => Restarting Mongo server
[2026-08-22 14:20:38] - [ERROR] => MongoDB connection error => querySrv ENOTFOUND _mongodb._tcp.testcluster.urrgt.mongodb.net
[2026-08-22 14:20:40] - [ERROR] => Restarting Mongo server
[2026-08-22 14:20:40] - [ERROR] => MongoDB connection error => querySrv ENOTFOUND _mongodb._tcp.testcluster.urrgt.mongodb.net
[2026-08-22 14:20:42] - [ERROR] => Restarting Mongo server
[2026-08-22 14:20:42] - [ERROR] => MongoDB connection error => querySrv ENOTFOUND _mongodb._tcp.testcluster.urrgt.mongodb.net
[2026-08-22 14:20:44] - [ERROR] => Restarting Mongo server
[2026-08-22 14:20:44] - [ERROR] => MongoDB connection error => querySrv ENOTFOUND _mongodb._tcp.testcluster.urrgt.mongodb.net
[2026-08-22 14:20:46] - [ERROR] => Restarting Mongo server
[2026-08-22 14:20:46] - [ERROR] => MongoDB connection error => querySrv ENOTFOUND _mongodb._tcp.testcluster.urrgt.mongodb.net
[2026-08-22 14:20:48] - [ERROR] => Restarting Mongo server
[2026-08-22 14:20:48] - [ERROR] => MongoDB connection error => querySrv ENOTFOUND _mongodb._tcp.testcluster.urrgt.mongodb.net
[2026-08-22 14:20:50] - [ERROR] => Restarting Mongo server
[2026-08-22 14:20:50] - [ERROR] => MongoDB connection error => querySrv ENOTFOUND _mongodb._tcp.testcluster.urrgt.mongodb.net
[2026-08-22 14:20:52] - [ERROR] => Restarting Mongo server
[2026-08-22 14:20:52] - [ERROR] => MongoDB connection error => querySrv ENOTFOUND _mongodb._tcp.testcluster.urrgt.mongodb.net
[2026-08-22 14:20:54] - [ERROR] => Restarting Mongo server
[2026-08-22 14:20:54] - [ERROR] => MongoDB connection error => querySrv ENOTFOUND _mongodb._tcp.testcluster.urrgt.mongodb.net
[2026-08-22 14:20:56] - [ERROR] => Restarting Mongo server
[2026-08-22 14:20:56] - [ERROR] => MongoDB connection error => querySrv ENOTFOUND _mongodb._tcp.testcluster.urrgt.mongodb.net
[2026-08-22 14:20:58] - [ERROR] => Restarting Mongo server
[2026-08-22 14:20:58] - [ERROR] => MongoDB connection error => querySrv ENOTFOUND _mongodb._tcp.testcluster.urrgt.mongodb.net
[2026-08-22 14:21:00] - [ERROR] => Restarting Mongo server
[2026-08-22 14:21:00] - [ERROR] => MongoDB connection error => querySrv ENOTFOUND _mongodb._tcp.testcluster.urrgt.mongodb.net
[2026-08-22 14:21:02] - [ERROR] => Restarting Mongo server
[2026-08-22 14:21:02] - [ERROR] => MongoDB connection error => querySrv ENOTFOUND _mongodb._tcp.testcluster.urrgt.mongodb.net
[2026-08-22 14:21:04] - [ERROR] => Restarting Mongo server
[2026-08-22 14:21:04] - [ERROR] => MongoDB connection error => querySrv ENOTFOUND _mongodb._tcp.testcluster.urrgt.mongodb.net
[2026-08-22 14:21:06] - [ERROR] => Restarting Mongo server
[2026-08-22 14:21:06] - [ERROR] => MongoDB connection error => querySrv ENOTFOUND _mongodb._tcp.testcluster.urrgt.mongodb.net
[2026-08-22 14:21:08] - [ERROR] => Restarting Mongo server
[2026-08-22 14:21:08] - [ERROR] => MongoDB connection error => querySrv ENOTFOUND _mongodb._tcp.testcluster.urrgt.mongodb.net
[2026-08-22 14:21:10] - [ERROR] => Restarting Mongo server
[2026-08-22 14:21:10] - [ERROR] => MongoDB connection error => querySrv ENOTFOUND _mongodb._tcp.testcluster.urrgt.mongodb.net
[2026-08-22 14:21:12] - [ERROR] => Restarting Mongo server
[2026-08-22 14:21:12] - [ERROR] => MongoDB connection error => querySrv ENOTFOUND _mongodb._tcp.testcluster.urrgt.mongodb.net
[2026-08-22 14:21:14] - [ERROR] => Restarting Mongo server
[2026-08-22 14:21:14] - [ERROR] => MongoDB connection error => querySrv ENOTFOUND _mongodb._tcp.testcluster.urrgt.mongodb.net
[2026-08-22 14:21:16] - [ERROR] => Restarting Mongo server
[2026-08-22 14:21:16] - [ERROR] => MongoDB connection error => querySrv ENOTFOUND _mongodb._tcp.testcluster.urrgt.mongodb.net
[2026-08-22 14:21:18] - [ERROR] => Restarting Mongo server
[2026-08-22 14:21:18] - [ERROR] => MongoDB connection error => querySrv ENOTFOUND _mongodb._tcp.testcluster.urrgt.mongodb.net
[2026-08-22 14:21:20] - [ERROR] => Restarting Mongo server
[2026-08-22 14:21:20] - [ERROR] => MongoDB connection error => querySrv ENOTFOUND _mongodb._tcp.testcluster.urrgt.mongodb.net
[2026-08-22 14:21:22] - [ERROR] => Restarting Mongo server
[2026-08-22 14:21:22] - [ERROR] => MongoDB connection error => querySrv ENOTFOUND _mongodb._tcp.testcluster.urrgt.mongodb.net
[2026-08-22 14:21:24] - [ERROR] => Restarting Mongo server
[2026-08-22 14:21:24] - [ERROR] => MongoDB connection error => querySrv ENOTFOUND _mongodb._tcp.testcluster.urrgt.mongodb.net
[2026-08-22 14:21:26] - [ERROR] => Restarting Mongo server
[2026-08-22 14:21:27] - [ERROR] => MongoDB connection error => querySrv ENOTFOUND _mongodb._tcp.testcluster.urrgt.mongodb.net
[2026-08-22 14:21:29] - [ERROR] => Restarting Mongo server
[2026-08-22 14:21:29] - [ERROR] => MongoDB connection error => querySrv ENOTFOUND _mongodb._tcp.testcluster.urrgt.mongodb.net
[2026-08-22 14:21:31] - [ERROR] => Restarting Mongo server
[2026-08-22 14:21:31] - [ERROR] => MongoDB connection error => querySrv ENOTFOUND _mongodb._tcp.testcluster.urrgt.mongodb.net
[2026-08-22 14:21:33] - [ERROR] => Restarting Mongo server
[2026-08-22 14:21:33] - [ERROR] => MongoDB connection error => querySrv ENOTFOUND _mongodb._tcp.testcluster.urrgt.mongodb.net
[2026-08-22 14:21:35] - [ERROR] => Restarting Mongo server
[2026-08-22 14:21:35] - [ERROR] => MongoDB connection error => querySrv ENOTFOUND _mongodb._tcp.testcluster.urrgt.mongodb.net
[2026-08-22 14:21:37] - [ERROR] => Restarting Mongo server
[2026-08-22 14:21:37] - [ERROR] => MongoDB connection error => querySrv ENOTFOUND _mongodb._tcp.testcluster.urrgt.mongodb.net
[2026-08-22 14:21:39] - [ERROR] => Restarting Mongo server
[2026-08-22 14:21:39] - [ERROR] => MongoDB connection error => querySrv ENOTFOUND _mongodb._tcp.testcluster.urrgt.mongodb.net
[2026-08-22 14:21:41] - [ERROR] => Restarting Mongo server
[2026-08-22 14:21:41] - [ERROR] => MongoDB connection error => querySrv ENOTFOUND _mongodb._tcp.testcluster.urrgt.mongodb.net
[2026-08-22 14:21:43] - [ERROR] => Restarting Mongo server
[2026-08-22 14:21:43] - [ERROR] => MongoDB connection error => querySrv ENOTFOUND _mongodb._tcp.testcluster.urrgt.mongodb.net
[2026-08-22 14:21:45] - [ERROR] => Restarting Mongo server
[2026-08-22 14:21:45] - [ERROR] => MongoDB connection error => querySrv ENOTFOUND _mongodb._tcp.testcluster.urrgt.mongodb.net
[2026-08-22 14:21:47] - [ERROR] => Restarting Mongo server
[2026-08-22 14:21:47] - [ERROR] => MongoDB connection error => querySrv ENOTFOUND _mongodb._tcp.testcluster.urrgt.mongodb.net
[2026-08-22 14:21:49] - [ERROR] => Restarting Mongo server
[2026-08-22 14:21:49] - [ERROR] => MongoDB connection error => querySrv ENOTFOUND _mongodb._tcp.testcluster.urrgt.mongodb.net
[2026-08-22 14:21:51] - [ERROR] => Restarting Mongo server
[2026-08-22 14:21:51] - [ERROR] => MongoDB connection error => querySrv ENOTFOUND _mongodb._tcp.testcluster.urrgt.mongodb.net
[2026-08-22 14:21:53] - [ERROR] => Restarting Mongo server
[2026-08-22 14:21:53] - [ERROR] => MongoDB connection error => querySrv ENOTFOUND _mongodb._tcp.testcluster.urrgt.mongodb.net
[2026-08-22 14:21:55] - [ERROR] => Restarting Mongo server
[2026-08-22 14:21:55] - [ERROR] => MongoDB connection error => querySrv ENOTFOUND _mongodb._tcp.testcluster.urrgt.mongodb.net
[2026-08-22 14:21:57] - [ERROR] => Restarting Mongo server
[2026-08-22 14:21:57] - [ERROR] => MongoDB connection error => querySrv ENOTFOUND _mongodb._tcp.testcluster.urrgt.mongodb.net
[2026-08-22 14:21:59] - [ERROR] => Restarting Mongo server
[2026-08-22 14:21:59] - [ERROR] => MongoDB connection error => querySrv ENOTFOUND _mongodb._tcp.testcluster.urrgt.mongodb.net
[2026-08-22 14:22:01] - [ERROR] => Restarting Mongo server
[2026-08-22 14:22:01] - [ERROR] => MongoDB connection error => querySrv ENOTFOUND _mongodb._tcp.testcluster.urrgt.mongodb.net
[2026-08-22 14:22:03] - [ERROR] => Restarting Mongo server
[2026-08-22 14:22:03] - [ERROR] => MongoDB connection error => querySrv ENOTFOUND _mongodb._tcp.testcluster.urrgt.mongodb.net
[2026-08-22 14:22:05] - [ERROR] => Restarting Mongo server
[2026-08-22 14:22:05] - [ERROR] => MongoDB connection error => querySrv ENOTFOUND _mongodb._tcp.testcluster.urrgt.mongodb.net
[2026-08-22 14:22:07] - [ERROR] => Restarting Mongo server
[2026-08-22 14:22:07] - [ERROR] => MongoDB connection error => querySrv ENOTFOUND _mongodb._tcp.testcluster.urrgt.mongodb.net
[2026-08-22 14:22:09] - [ERROR] => Restarting Mongo server
[2026-08-22 14:22:09] - [ERROR] => MongoDB connection error => querySrv ENOTFOUND _mongodb._tcp.testcluster.urrgt.mongodb.net
[2026-08-22 14:22:11] - [ERROR] => Restarting Mongo server
[2026-08-22 14:22:11] - [ERROR] => MongoDB connection error => querySrv ENOTFOUND _mongodb._tcp.testcluster.urrgt.mongodb.net
[2026-08-22 14:22:13] - [ERROR] => Restarting Mongo server
[2026-08-22 14:22:13] - [ERROR] => MongoDB connection error => querySrv ENOTFOUND _mongodb._tcp.testcluster.urrgt.mongodb.net
[2026-08-22 14:22:15] - [ERROR] => Restarting Mongo server
[2026-08-22 14:22:15] - [ERROR] => MongoDB connection error => querySrv ENOTFOUND _mongodb._tcp.testcluster.urrgt.mongodb.net
[2026-08-22 14:22:17] - [ERROR] => Restarting Mongo server
[2026-08-22 14:22:17] - [ERROR] => MongoDB connection error => querySrv ENOTFOUND _mongodb._tcp.testcluster.urrgt.mongodb.net
[2026-08-22 14:22:19] - [ERROR] => Restarting Mongo server
[2026-08-22 14:22:19] - [ERROR] => MongoDB connection error => querySrv ENOTFOUND _mongodb._tcp.testcluster.urrgt.mongodb.net
[2026-08-22 14:22:21] - [ERROR] => Restarting Mongo server
[2026-08-22 14:22:21] - [ERROR] => MongoDB connection error => querySrv ENOTFOUND _mongodb._tcp.testcluster.urrgt.mongodb.net
[2026-08-22 14:22:23] - [ERROR] => Restarting Mongo server
[2026-08-22 14:22:23] - [ERROR] => MongoDB connection error => querySrv ENOTFOUND _mongodb._tcp.testcluster.urrgt.mongodb.net
[2026-08-22 14:22:25] - [ERROR] => Restarting Mongo server
[2026-08-22 14:22:25] - [ERROR] => MongoDB connection error => querySrv ENOTFOUND _mongodb._tcp.testcluster.urrgt.mongodb.net
[2026-08-22 14:22:27] - [ERROR] => Restarting Mongo server
[2026-08-22 14:22:29] - [ERROR] => MongoDB connection error => querySrv ENOTFOUND _mongodb._tcp.testcluster.urrgt.mongodb.net
[2026-08-22 14:22:31] - [ERROR] => Restarting Mongo server
[2026-08-22 14:22:31] - [ERROR] => MongoDB connection error => querySrv ENOTFOUND _mongodb._tcp.testcluster.urrgt.mongodb.net
[2026-08-22 14:22:33] - [ERROR] => Restarting Mongo server
[2026-08-22 14:22:33] - [ERROR] => MongoDB connection error => querySrv ENOTFOUND _mongodb._tcp.testcluster.urrgt.mongodb.net
[2026-08-22 14:22:35] - [ERROR] => Restarting Mongo server
[2026-08-22 14:22:35] - [ERROR] => MongoDB connection error => querySrv ENOTFOUND _mongodb._tcp.testcluster.urrgt.mongodb.net
[2026-08-22 14:22:37] - [ERROR] => Restarting Mongo server
[2026-08-22 14:22:37] - [ERROR] => MongoDB connection error => querySrv ENOTFOUND _mongodb._tcp.testcluster.urrgt.mongodb.net
[2026-08-22 14:22:39] - [ERROR] => Restarting Mongo server
[2026-08-22 14:22:39] - [ERROR] => MongoDB connection error => querySrv ENOTFOUND _mongodb._tcp.testcluster.urrgt.mongodb.net
[2026-08-22 14:22:41] - [ERROR] => Restarting Mongo server
[2026-08-22 14:22:41] - [ERROR] => MongoDB connection error => querySrv ENOTFOUND _mongodb._tcp.testcluster.urrgt.mongodb.net
[2026-08-22 14:22:43] - [ERROR] => Restarting Mongo server
[2026-08-22 14:22:43] - [ERROR] => MongoDB connection error => querySrv ENOTFOUND _mongodb._tcp.testcluster.urrgt.mongodb.net
[2026-08-22 14:22:45] - [ERROR] => Restarting Mongo server
[2026-08-22 14:22:45] - [ERROR] => MongoDB connection error => querySrv ENOTFOUND _mongodb._tcp.testcluster.urrgt.mongodb.net
[2026-08-22 14:22:47] - [ERROR] => Restarting Mongo server
[2026-08-22 14:22:47] - [ERROR] => MongoDB connection error => querySrv ENOTFOUND _mongodb._tcp.testcluster.urrgt.mongodb.net
[2026-08-22 14:22:49] - [ERROR] => Restarting Mongo server
[2026-08-22 14:22:49] - [ERROR] => MongoDB connection error => querySrv ENOTFOUND _mongodb._tcp.testcluster.urrgt.mongodb.net
[2026-08-22 14:22:51] - [ERROR] => Restarting Mongo server
[2026-08-22 14:22:51] - [ERROR] => MongoDB connection error => querySrv ENOTFOUND _mongodb._tcp.testcluster.urrgt.mongodb.net
[2026-08-22 14:22:53] - [ERROR] => Restarting Mongo server
[2026-08-22 14:22:53] - [ERROR] => MongoDB connection error => querySrv ENOTFOUND _mongodb._tcp.testcluster.urrgt.mongodb.net
[2026-08-22 14:22:55] - [ERROR] => Restarting Mongo server
[2026-08-22 14:22:55] - [ERROR] => MongoDB connection error => querySrv ENOTFOUND _mongodb._tcp.testcluster.urrgt.mongodb.net
[2026-08-22 14:22:57] - [ERROR] => Restarting Mongo server
[2026-08-22 14:22:57] - [ERROR] => MongoDB connection error => querySrv ENOTFOUND _mongodb._tcp.testcluster.urrgt.mongodb.net
[2026-08-22 14:22:59] - [ERROR] => Restarting Mongo server
[2026-08-22 14:22:59] - [ERROR] => MongoDB connection error => querySrv ENOTFOUND _mongodb._tcp.testcluster.urrgt.mongodb.net
[2026-08-22 14:23:02] - [ERROR] => Restarting Mongo server
[2026-08-22 14:23:02] - [ERROR] => MongoDB connection error => querySrv ENOTFOUND _mongodb._tcp.testcluster.urrgt.mongodb.net
[2026-08-22 14:23:04] - [ERROR] => Restarting Mongo server
[2026-08-22 14:23:04] - [ERROR] => MongoDB connection error => querySrv ENOTFOUND _mongodb._tcp.testcluster.urrgt.mongodb.net
[2026-08-22 14:23:06] - [ERROR] => Restarting Mongo server
[2026-08-22 14:23:06] - [ERROR] => MongoDB connection error => querySrv ENOTFOUND _mongodb._tcp.testcluster.urrgt.mongodb.net
[2026-08-22 14:23:08] - [ERROR] => Restarting Mongo server
[2026-08-22 14:23:08] - [ERROR] => MongoDB connection error => querySrv ENOTFOUND _mongodb._tcp.testcluster.urrgt.mongodb.net
[2026-08-22 14:23:10] - [ERROR] => Restarting Mongo server
[2026-08-22 14:23:10] - [ERROR] => MongoDB connection error => querySrv ENOTFOUND _mongodb._tcp.testcluster.urrgt.mongodb.net
[2026-08-22 14:23:12] - [ERROR] => Restarting Mongo server
[2026-08-22 14:23:12] - [ERROR] => MongoDB connection error => querySrv ENOTFOUND _mongodb._tcp.testcluster.urrgt.mongodb.net
[2026-08-22 14:23:14] - [ERROR] => Restarting Mongo server
[2026-08-22 14:23:14] - [ERROR] => MongoDB connection error => querySrv ENOTFOUND _mongodb._tcp.testcluster.urrgt.mongodb.net
[2026-08-22 14:23:16] - [ERROR] => Restarting Mongo server
[2026-08-22 14:23:16] - [ERROR] => MongoDB connection error => querySrv ENOTFOUND _mongodb._tcp.testcluster.urrgt.mongodb.net
[2026-08-22 14:23:18] - [ERROR] => Restarting Mongo server
[2026-08-22 14:23:18] - [ERROR] => MongoDB connection error => querySrv ENOTFOUND _mongodb._tcp.testcluster.urrgt.mongodb.net
[2026-08-22 14:23:20] - [ERROR] => Restarting Mongo server
[2026-08-22 14:23:20] - [ERROR] => MongoDB connection error => querySrv ENOTFOUND _mongodb._tcp.testcluster.urrgt.mongodb.net
[2026-08-22 14:23:22] - [ERROR] => Restarting Mongo server
[2026-08-22 14:23:22] - [ERROR] => MongoDB connection error => querySrv ENOTFOUND _mongodb._tcp.testcluster.urrgt.mongodb.net
[2026-08-22 14:23:24] - [ERROR] => Restarting Mongo server
[2026-08-22 14:23:24] - [ERROR] => MongoDB connection error => querySrv ENOTFOUND _mongodb._tcp.testcluster.urrgt.mongodb.net
[2026-08-22 14:23:26] - [ERROR] => Restarting Mongo server
[2026-08-22 14:23:26] - [ERROR] => MongoDB connection error => querySrv ENOTFOUND _mongodb._tcp.testcluster.urrgt.mongodb.net
[2026-08-22 14:23:28] - [ERROR] => Restarting Mongo server
[2026-08-22 14:23:28] - [ERROR] => MongoDB connection error => querySrv ENOTFOUND _mongodb._tcp.testcluster.urrgt.mongodb.net
[2026-08-22 14:23:30] - [ERROR] => Restarting Mongo server
[2026-08-22 14:23:31] - [ERROR] => MongoDB connection error => querySrv ENOTFOUND _mongodb._tcp.testcluster.urrgt.mongodb.net
[2026-08-22 14:23:33] - [ERROR] => Restarting Mongo server
[2026-08-22 14:23:33] - [ERROR] => MongoDB connection error => querySrv ENOTFOUND _mongodb._tcp.testcluster.urrgt.mongodb.net
[2026-08-22 14:23:35] - [ERROR] => Restarting Mongo server
[2026-08-22 14:23:35] - [ERROR] => MongoDB connection error => querySrv ENOTFOUND _mongodb._tcp.testcluster.urrgt.mongodb.net
[2026-08-22 14:23:37] - [ERROR] => Restarting Mongo server
[2026-08-22 14:23:37] - [ERROR] => MongoDB connection error => querySrv ENOTFOUND _mongodb._tcp.testcluster.urrgt.mongodb.net
[2026-08-22 14:23:39] - [ERROR] => Restarting Mongo server
[2026-08-22 14:23:39] - [ERROR] => MongoDB connection error => querySrv ENOTFOUND _mongodb._tcp.testcluster.urrgt.mongodb.net
[2026-08-22 14:23:41] - [ERROR] => Restarting Mongo server
[2026-08-22 14:23:41] - [ERROR] => MongoDB connection error => querySrv ENOTFOUND _mongodb._tcp.testcluster.urrgt.mongodb.net
[2026-08-22 14:23:43] - [ERROR] => Restarting Mongo server
[2026-08-22 14:23:43] - [ERROR] => MongoDB connection error => querySrv ENOTFOUND _mongodb._tcp.testcluster.urrgt.mongodb.net
[2026-08-22 14:23:45] - [ERROR] => Restarting Mongo server
[2026-08-22 14:23:45] - [ERROR] => MongoDB connection error => querySrv ENOTFOUND _mongodb._tcp.testcluster.urrgt.mongodb.net
[2026-08-22 14:23:47] - [ERROR] => Restarting Mongo server
[2026-08-22 14:23:47] - [ERROR] => MongoDB connection error => querySrv ENOTFOUND _mongodb._tcp.testcluster.urrgt.mongodb.net
[2026-08-22 14:23:49] - [ERROR] => Restarting Mongo server
[2026-08-22 14:23:49] - [ERROR] => MongoDB connection error => querySrv ENOTFOUND _mongodb._tcp.testcluster.urrgt.mongodb.net
[2026-08-22 14:23:51] - [ERROR] => Restarting Mongo server
[2026-08-22 14:23:51] - [ERROR] => MongoDB connection error => querySrv ENOTFOUND _mongodb._tcp.testcluster.urrgt.mongodb.net
[2026-08-22 14:23:53] - [ERROR] => Restarting Mongo server
[2026-08-22 14:23:53] - [ERROR] => MongoDB connection error => querySrv ENOTFOUND _mongodb._tcp.testcluster.urrgt.mongodb.net
[2026-08-22 14:23:55] - [ERROR] => Restarting Mongo server
[2026-08-22 14:23:55] - [ERROR] => MongoDB connection error => querySrv ENOTFOUND _mongodb._tcp.testcluster.urrgt.mongodb.net
[2026-08-22 14:23:57] - [ERROR] => Restarting Mongo server
[2026-08-22 14:23:57] - [ERROR] => MongoDB connection error => querySrv ENOTFOUND _mongodb._tcp.testcluster.urrgt.mongodb.net
[2026-08-22 14:23:59] - [ERROR] => Restarting Mongo server
[2026-08-22 14:23:59] - [ERROR] => MongoDB connection error => querySrv ENOTFOUND _mongodb._tcp.testcluster.urrgt.mongodb.net
[2026-08-22 14:24:01] - [ERROR] => Restarting Mongo server
[2026-08-22 14:24:01] - [ERROR] => MongoDB connection error => querySrv ENOTFOUND _mongodb._tcp.testcluster.urrgt.mongodb.net
[2026-08-22 14:24:03] - [ERROR] => Restarting Mongo server
[2026-08-22 14:24:03] - [ERROR] => MongoDB connection error => querySrv ENOTFOUND _mongodb._tcp.testcluster.urrgt.mongodb.net
[2026-08-22 14:24:05] - [ERROR] => Restarting Mongo server
[2026-08-22 14:24:05] - [ERROR] => MongoDB connection error => querySrv ENOTFOUND _mongodb._tcp.testcluster.urrgt.mongodb.net
[2026-08-22 14:24:07] - [ERROR] => Restarting Mongo server
[2026-08-22 14:24:07] - [ERROR] => MongoDB connection error => querySrv ENOTFOUND _mongodb._tcp.testcluster.urrgt.mongodb.net
[2026-08-22 14:24:09] - [ERROR] => Restarting Mongo server
[2026-08-22 14:24:09] - [ERROR] => MongoDB connection error => querySrv ENOTFOUND _mongodb._tcp.testcluster.urrgt.mongodb.net
[2026-08-22 14:24:11] - [ERROR] => Restarting Mongo server
[2026-08-22 14:24:11] - [ERROR] => MongoDB connection error => querySrv ENOTFOUND _mongodb._tcp.testcluster.urrgt.mongodb.net
[2026-08-22 14:24:13] - [ERROR] => Restarting Mongo server
[2026-08-22 14:24:13] - [ERROR] => MongoDB connection error => querySrv ENOTFOUND _mongodb._tcp.testcluster.urrgt.mongodb.net
[2026-08-22 14:24:15] - [ERROR] => Restarting Mongo server
[2026-08-22 14:24:15] - [ERROR] => MongoDB connection error => querySrv ENOTFOUND _mongodb._tcp.testcluster.urrgt.mongodb.net
[2026-08-22 14:24:17] - [ERROR] => Restarting Mongo server
[2026-08-22 14:24:17] - [ERROR] => MongoDB connection error => querySrv ENOTFOUND _mongodb._tcp.testcluster.urrgt.mongodb.net
[2026-08-22 14:24:19] - [ERROR] => Restarting Mongo server
[2026-08-22 14:24:19] - [ERROR] => MongoDB connection error => querySrv ENOTFOUND _mongodb._tcp.testcluster.urrgt.mongodb.net
[2026-08-22 14:24:21] - [ERROR] => Restarting Mongo server
[2026-08-22 14:24:21] - [ERROR] => MongoDB connection error => querySrv ENOTFOUND _mongodb._tcp.testcluster.urrgt.mongodb.net
[2026-08-22 14:24:23] - [ERROR] => Restarting Mongo server
[2026-08-22 14:24:23] - [ERROR] => MongoDB connection error => querySrv ENOTFOUND _mongodb._tcp.testcluster.urrgt.mongodb.net
[2026-08-22 14:24:25] - [ERROR] => Restarting Mongo server
[2026-08-22 14:24:25] - [ERROR] => MongoDB connection error => querySrv ENOTFOUND _mongodb._tcp.testcluster.urrgt.mongodb.net
[2026-08-22 14:24:27] - [ERROR] => Restarting Mongo server
[2026-08-22 14:24:27] - [ERROR] => MongoDB connection error => querySrv ENOTFOUND _mongodb._tcp.testcluster.urrgt.mongodb.net
[2026-08-22 14:24:29] - [ERROR] => Restarting Mongo server
[2026-08-22 14:24:29] - [ERROR] => MongoDB connection error => querySrv ENOTFOUND _mongodb._tcp.testcluster.urrgt.mongodb.net
[2026-08-22 14:24:31] - [ERROR] => Restarting Mongo server
[2026-08-22 14:24:32] - [ERROR] => MongoDB connection error => querySrv ENOTFOUND _mongodb._tcp.testcluster.urrgt.mongodb.net
[2026-08-22 14:24:34] - [ERROR] => Restarting Mongo server
[2026-08-22 14:24:34] - [ERROR] => MongoDB connection error => querySrv ENOTFOUND _mongodb._tcp.testcluster.urrgt.mongodb.net
[2026-08-22 14:24:36] - [ERROR] => Restarting Mongo server
[2026-08-22 14:24:36] - [ERROR] => MongoDB connection error => querySrv ENOTFOUND _mongodb._tcp.testcluster.urrgt.mongodb.net
[2026-08-22 14:24:38] - [ERROR] => Restarting Mongo server
[2026-08-22 14:24:38] - [ERROR] => MongoDB connection error => querySrv ENOTFOUND _mongodb._tcp.testcluster.urrgt.mongodb.net
[2026-08-22 14:24:40] - [ERROR] => Restarting Mongo server
[2026-08-22 14:24:40] - [ERROR] => MongoDB connection error => querySrv ENOTFOUND _mongodb._tcp.testcluster.urrgt.mongodb.net
[2026-08-22 14:24:42] - [ERROR] => Restarting Mongo server
[2026-08-22 14:24:42] - [ERROR] => MongoDB connection error => querySrv ENOTFOUND _mongodb._tcp.testcluster.urrgt.mongodb.net
[2026-08-22 14:24:44] - [ERROR] => Restarting Mongo server
[2026-08-22 14:24:44] - [ERROR] => MongoDB connection error => querySrv ENOTFOUND _mongodb._tcp.testcluster.urrgt.mongodb.net
[2026-08-22 14:24:47] - [ERROR] => Restarting Mongo server
[2026-08-22 14:24:47] - [ERROR] => MongoDB connection error => querySrv ENOTFOUND _mongodb._tcp.testcluster.urrgt.mongodb.net
[2026-08-22 14:24:49] - [ERROR] => Restarting Mongo server
[2026-08-22 14:24:49] - [ERROR] => MongoDB connection error => querySrv ENOTFOUND _mongodb._tcp.testcluster.urrgt.mongodb.net
[2026-08-22 14:24:51] - [ERROR] => Restarting Mongo server
[2026-08-22 14:24:51] - [ERROR] => MongoDB connection error => querySrv ENOTFOUND _mongodb._tcp.testcluster.urrgt.mongodb.net
[2026-08-22 14:24:53] - [ERROR] => Restarting Mongo server
[2026-08-22 14:24:53] - [ERROR] => MongoDB connection error => querySrv ENOTFOUND _mongodb._tcp.testcluster.urrgt.mongodb.net
[2026-08-22 14:24:55] - [ERROR] => Restarting Mongo server

[2026-08-22 14:58:13] - [INFO] => Server is running on port 4000
[2026-08-22 14:58:13] - [ERROR] => RedisDB connection error => Error: getaddrinfo EAI_FAIL redis://default:VxZ2EQrPgpsAZ0Igis0GgvKmG7fUPwo9@neoclear-healthy-tall-50995.db.redis.io:15098
[2026-08-22 14:58:17] - [ERROR] => MongoDB connection error => bad auth : authentication failed
[2026-08-22 14:58:19] - [ERROR] => Restarting Mongo server
[2026-08-22 14:58:24] - [ERROR] => MongoDB connection error => bad auth : authentication failed
[2026-08-22 14:58:26] - [ERROR] => Restarting Mongo server
[2026-08-22 14:58:30] - [ERROR] => MongoDB connection error => bad auth : authentication failed
[2026-08-22 14:58:32] - [ERROR] => Restarting Mongo server
[2026-08-22 14:58:34] - [ERROR] => MongoDB connection error => bad auth : authentication failed
[2026-08-22 14:58:36] - [ERROR] => Restarting Mongo server
[2026-08-22 14:58:38] - [ERROR] => MongoDB connection error => bad auth : authentication failed
[2026-08-22 14:58:40] - [ERROR] => Restarting Mongo server
[2026-08-22 14:58:42] - [ERROR] => MongoDB connection error => bad auth : authentication failed
[2026-08-22 14:58:44] - [ERROR] => Restarting Mongo server
[2026-08-22 14:58:46] - [ERROR] => MongoDB connection error => bad auth : authentication failed
[2026-08-22 14:58:48] - [ERROR] => Restarting Mongo server
[2026-08-22 14:58:51] - [ERROR] => MongoDB connection error => bad auth : authentication failed
[2026-08-22 14:58:53] - [ERROR] => Restarting Mongo server
[2026-08-22 14:58:56] - [ERROR] => MongoDB connection error => bad auth : authentication failed
[2026-08-22 14:58:58] - [ERROR] => Restarting Mongo server
[2026-08-22 14:59:00] - [ERROR] => MongoDB connection error => bad auth : authentication failed
[2026-08-22 14:59:02] - [ERROR] => Restarting Mongo server
[2026-08-22 14:59:04] - [ERROR] => MongoDB connection error => bad auth : authentication failed
[2026-08-22 14:59:06] - [ERROR] => Restarting Mongo server
[2026-08-22 14:59:08] - [ERROR] => MongoDB connection error => bad auth : authentication failed
[2026-08-22 14:59:10] - [ERROR] => Restarting Mongo server
[2026-08-22 14:59:13] - [ERROR] => MongoDB connection error => bad auth : authentication failed
[2026-08-22 14:59:15] - [ERROR] => Restarting Mongo server
[2026-08-22 14:59:17] - [ERROR] => MongoDB connection error => bad auth : authentication failed
[2026-08-22 14:59:19] - [ERROR] => Restarting Mongo server
[2026-08-22 14:59:21] - [ERROR] => MongoDB connection error => bad auth : authentication failed
[2026-08-22 14:59:23] - [ERROR] => Restarting Mongo server
[2026-08-22 14:59:25] - [ERROR] => MongoDB connection error => bad auth : authentication failed
[2026-08-22 14:59:27] - [ERROR] => Restarting Mongo server
[2026-08-22 14:59:30] - [ERROR] => MongoDB connection error => bad auth : authentication failed
[2026-08-22 14:59:32] - [ERROR] => Restarting Mongo server
[2026-08-22 14:59:34] - [ERROR] => MongoDB connection error => bad auth : authentication failed
[2026-08-22 14:59:36] - [ERROR] => Restarting Mongo server
[2026-08-22 14:59:39] - [ERROR] => MongoDB connection error => bad auth : authentication failed
[2026-08-22 14:59:41] - [ERROR] => Restarting Mongo server
[2026-08-22 14:59:43] - [ERROR] => MongoDB connection error => bad auth : authentication failed
[2026-08-22 14:59:45] - [ERROR] => Restarting Mongo server
[2026-08-22 14:59:47] - [ERROR] => MongoDB connection error => bad auth : authentication failed
[2026-08-22 14:59:49] - [ERROR] => Restarting Mongo server
[2026-08-22 14:59:52] - [ERROR] => MongoDB connection error => bad auth : authentication failed
[2026-08-22 14:59:54] - [ERROR] => Restarting Mongo server
[2026-08-22 14:59:56] - [ERROR] => MongoDB connection error => bad auth : authentication failed
[2026-08-22 14:59:58] - [ERROR] => Restarting Mongo server
[2026-08-22 15:00:01] - [ERROR] => MongoDB connection error => bad auth : authentication failed
[2026-08-22 15:00:03] - [ERROR] => Restarting Mongo server
[2026-08-22 15:00:05] - [ERROR] => MongoDB connection error => bad auth : authentication failed
[2026-08-22 15:00:07] - [ERROR] => Restarting Mongo server
[2026-08-22 15:00:09] - [ERROR] => MongoDB connection error => bad auth : authentication failed
[2026-08-22 15:00:11] - [ERROR] => Restarting Mongo server
[2026-08-22 15:00:14] - [ERROR] => MongoDB connection error => bad auth : authentication failed
[2026-08-22 15:00:16] - [ERROR] => Restarting Mongo server
[2026-08-22 15:00:18] - [ERROR] => MongoDB connection error => bad auth : authentication failed
[2026-08-22 15:00:20] - [ERROR] => Restarting Mongo server
[2026-08-22 15:00:22] - [ERROR] => MongoDB connection error => bad auth : authentication failed
[2026-08-22 15:00:24] - [ERROR] => Restarting Mongo server
[2026-08-22 15:00:26] - [ERROR] => MongoDB connection error => bad auth : authentication failed
[2026-08-22 15:00:28] - [ERROR] => Restarting Mongo server
[2026-08-22 15:00:30] - [ERROR] => MongoDB connection error => bad auth : authentication failed
[2026-08-22 15:00:32] - [ERROR] => Restarting Mongo server
[2026-08-22 15:00:35] - [ERROR] => MongoDB connection error => bad auth : authentication failed
[2026-08-22 15:00:37] - [ERROR] => Restarting Mongo server
[2026-08-22 15:00:40] - [ERROR] => MongoDB connection error => bad auth : authentication failed
[2026-08-22 15:00:42] - [ERROR] => Restarting Mongo server
[2026-08-22 15:00:44] - [ERROR] => MongoDB connection error => bad auth : authentication failed
[2026-08-22 15:00:46] - [ERROR] => Restarting Mongo server
[2026-08-22 15:00:48] - [ERROR] => MongoDB connection error => bad auth : authentication failed
[2026-08-22 15:00:50] - [ERROR] => Restarting Mongo server
[2026-08-22 15:00:52] - [ERROR] => MongoDB connection error => bad auth : authentication failed
[2026-08-22 15:00:54] - [ERROR] => Restarting Mongo server
[2026-08-22 15:00:56] - [ERROR] => MongoDB connection error => bad auth : authentication failed
[2026-08-22 15:00:59] - [ERROR] => Restarting Mongo server
[2026-08-22 15:01:01] - [ERROR] => MongoDB connection error => bad auth : authentication failed
[2026-08-22 15:01:03] - [ERROR] => Restarting Mongo server
[2026-08-22 15:01:05] - [ERROR] => MongoDB connection error => bad auth : authentication failed
[2026-08-22 15:01:07] - [ERROR] => Restarting Mongo server
[2026-08-22 15:01:10] - [ERROR] => MongoDB connection error => bad auth : authentication failed
[2026-08-22 15:01:12] - [ERROR] => Restarting Mongo server
[2026-08-22 15:01:14] - [ERROR] => MongoDB connection error => bad auth : authentication failed
[2026-08-22 15:01:16] - [ERROR] => Restarting Mongo server
[2026-08-22 15:01:18] - [ERROR] => MongoDB connection error => bad auth : authentication failed
[2026-08-22 15:01:20] - [ERROR] => Restarting Mongo server
[2026-08-22 15:01:23] - [ERROR] => MongoDB connection error => bad auth : authentication failed
[2026-08-22 15:01:25] - [ERROR] => Restarting Mongo server
[2026-08-22 15:01:27] - [ERROR] => MongoDB connection error => bad auth : authentication failed
[2026-08-22 15:01:29] - [ERROR] => Restarting Mongo server
[2026-08-22 15:01:31] - [ERROR] => MongoDB connection error => bad auth : authentication failed
[2026-08-22 15:01:33] - [ERROR] => Restarting Mongo server
[2026-08-22 15:01:35] - [ERROR] => MongoDB connection error => bad auth : authentication failed
[2026-08-22 15:01:37] - [ERROR] => Restarting Mongo server
[2026-08-22 15:01:40] - [ERROR] => MongoDB connection error => bad auth : authentication failed
[2026-08-22 15:01:42] - [ERROR] => Restarting Mongo server
[2026-08-22 15:01:45] - [ERROR] => MongoDB connection error => bad auth : authentication failed
[2026-08-22 15:01:47] - [ERROR] => Restarting Mongo server
[2026-08-22 15:01:51] - [ERROR] => MongoDB connection error => bad auth : authentication failed
[2026-08-22 15:01:53] - [ERROR] => Restarting Mongo server
[2026-08-22 15:01:55] - [ERROR] => MongoDB connection error => bad auth : authentication failed
[2026-08-22 15:01:57] - [ERROR] => Restarting Mongo server
[2026-08-22 15:01:59] - [ERROR] => MongoDB connection error => bad auth : authentication failed
[2026-08-22 15:02:01] - [ERROR] => Restarting Mongo server
[2026-08-22 15:02:03] - [ERROR] => MongoDB connection error => bad auth : authentication failed
[2026-08-22 15:02:05] - [ERROR] => Restarting Mongo server
[2026-08-22 15:02:08] - [ERROR] => MongoDB connection error => bad auth : authentication failed
[2026-08-22 15:02:10] - [ERROR] => Restarting Mongo server
[2026-08-22 15:02:12] - [ERROR] => MongoDB connection error => bad auth : authentication failed
[2026-08-22 15:02:14] - [ERROR] => Restarting Mongo server
[2026-08-22 15:02:16] - [ERROR] => MongoDB connection error => bad auth : authentication failed
[2026-08-22 15:02:18] - [ERROR] => Restarting Mongo server
[2026-08-22 15:02:21] - [ERROR] => MongoDB connection error => bad auth : authentication failed
[2026-08-22 15:02:23] - [ERROR] => Restarting Mongo server
[2026-08-22 15:02:25] - [ERROR] => MongoDB connection error => bad auth : authentication failed
[2026-08-22 15:02:27] - [ERROR] => Restarting Mongo server
[2026-08-22 15:02:29] - [ERROR] => MongoDB connection error => bad auth : authentication failed
[2026-08-22 15:02:31] - [ERROR] => Restarting Mongo server
[2026-08-22 15:02:33] - [ERROR] => MongoDB connection error => bad auth : authentication failed
[2026-08-22 15:02:35] - [ERROR] => Restarting Mongo server
[2026-08-22 15:02:38] - [ERROR] => MongoDB connection error => bad auth : authentication failed
[2026-08-22 15:02:40] - [ERROR] => Restarting Mongo server
[2026-08-22 15:02:42] - [ERROR] => MongoDB connection error => bad auth : authentication failed
[2026-08-22 15:02:44] - [ERROR] => Restarting Mongo server
[2026-08-22 15:02:47] - [ERROR] => MongoDB connection error => bad auth : authentication failed
[2026-08-22 15:02:49] - [ERROR] => Restarting Mongo server
[2026-08-22 15:02:51] - [ERROR] => MongoDB connection error => bad auth : authentication failed
[2026-08-22 15:02:53] - [ERROR] => Restarting Mongo server
[2026-08-22 15:02:56] - [ERROR] => MongoDB connection error => bad auth : authentication failed
[2026-08-22 15:02:58] - [ERROR] => Restarting Mongo server
[2026-08-22 15:03:00] - [ERROR] => MongoDB connection error => bad auth : authentication failed
[2026-08-22 15:03:02] - [ERROR] => Restarting Mongo server
[2026-08-22 15:03:05] - [ERROR] => MongoDB connection error => bad auth : authentication failed
[2026-08-22 15:03:07] - [ERROR] => Restarting Mongo server
[2026-08-22 15:03:09] - [ERROR] => MongoDB connection error => bad auth : authentication failed
[2026-08-22 15:03:11] - [ERROR] => Restarting Mongo server
[2026-08-22 15:03:13] - [ERROR] => MongoDB connection error => bad auth : authentication failed
[2026-08-22 15:03:15] - [ERROR] => Restarting Mongo server
[2026-08-22 15:03:18] - [ERROR] => MongoDB connection error => bad auth : authentication failed
[2026-08-22 15:03:20] - [ERROR] => Restarting Mongo server
[2026-08-22 15:03:23] - [ERROR] => MongoDB connection error => bad auth : authentication failed
[2026-08-22 15:03:25] - [ERROR] => Restarting Mongo server
[2026-08-22 15:03:27] - [ERROR] => MongoDB connection error => bad auth : authentication failed
[2026-08-22 15:03:29] - [ERROR] => Restarting Mongo server
[2026-08-22 15:03:31] - [ERROR] => MongoDB connection error => bad auth : authentication failed
[2026-08-22 15:03:33] - [ERROR] => Restarting Mongo server
[2026-08-22 15:03:37] - [ERROR] => MongoDB connection error => bad auth : authentication failed
[2026-08-22 15:03:39] - [ERROR] => Restarting Mongo server
[2026-08-22 15:03:41] - [ERROR] => MongoDB connection error => bad auth : authentication failed
[2026-08-22 15:03:43] - [ERROR] => Restarting Mongo server
[2026-08-22 15:03:45] - [ERROR] => MongoDB connection error => bad auth : authentication failed
[2026-08-22 15:03:47] - [ERROR] => Restarting Mongo server
[2026-08-22 15:03:49] - [ERROR] => MongoDB connection error => bad auth : authentication failed
[2026-08-22 15:03:51] - [ERROR] => Restarting Mongo server
[2026-08-22 15:03:53] - [ERROR] => MongoDB connection error => bad auth : authentication failed
[2026-08-22 15:03:55] - [ERROR] => Restarting Mongo server
[2026-08-22 15:03:58] - [ERROR] => MongoDB connection error => bad auth : authentication failed
[2026-08-22 15:04:00] - [ERROR] => Restarting Mongo server
[2026-08-22 15:04:02] - [ERROR] => MongoDB connection error => bad auth : authentication failed
[2026-08-22 15:04:04] - [ERROR] => Restarting Mongo server
[2026-08-22 15:04:07] - [ERROR] => MongoDB connection error => bad auth : authentication failed
[2026-08-22 15:04:09] - [ERROR] => Restarting Mongo server
[2026-08-22 15:04:11] - [ERROR] => MongoDB connection error => bad auth : authentication failed
[2026-08-22 15:04:13] - [ERROR] => Restarting Mongo server
[2026-08-22 15:04:15] - [ERROR] => MongoDB connection error => bad auth : authentication failed
[2026-08-22 15:04:17] - [ERROR] => Restarting Mongo server
[2026-08-22 15:04:21] - [ERROR] => MongoDB connection error => bad auth : authentication failed
[2026-08-22 15:04:23] - [ERROR] => Restarting Mongo server
[2026-08-22 15:04:25] - [ERROR] => MongoDB connection error => bad auth : authentication failed
[2026-08-22 15:04:27] - [ERROR] => Restarting Mongo server
[2026-08-22 15:04:29] - [ERROR] => MongoDB connection error => bad auth : authentication failed
[2026-08-22 15:04:31] - [ERROR] => Restarting Mongo server
[2026-08-22 15:04:35] - [ERROR] => MongoDB connection error => bad auth : authentication failed
[2026-08-22 15:04:37] - [ERROR] => Restarting Mongo server
[2026-08-22 15:04:39] - [ERROR] => MongoDB connection error => bad auth : authentication failed
[2026-08-22 15:04:41] - [ERROR] => Restarting Mongo server
[2026-08-22 15:04:43] - [ERROR] => MongoDB connection error => bad auth : authentication failed
[2026-08-22 15:04:45] - [ERROR] => Restarting Mongo server
[2026-08-22 15:04:48] - [ERROR] => MongoDB connection error => bad auth : authentication failed
[2026-08-22 15:04:50] - [ERROR] => Restarting Mongo server
[2026-08-22 15:04:52] - [ERROR] => MongoDB connection error => bad auth : authentication failed
[2026-08-22 15:04:54] - [ERROR] => Restarting Mongo server
[2026-08-22 15:04:56] - [ERROR] => MongoDB connection error => bad auth : authentication failed
[2026-08-22 15:04:58] - [ERROR] => Restarting Mongo server
[2026-08-22 15:05:01] - [ERROR] => MongoDB connection error => bad auth : authentication failed
[2026-08-22 15:05:03] - [ERROR] => Restarting Mongo server
[2026-08-22 15:05:05] - [ERROR] => MongoDB connection error => bad auth : authentication failed
[2026-08-22 15:05:07] - [ERROR] => Restarting Mongo server
[2026-08-22 15:05:09] - [ERROR] => MongoDB connection error => bad auth : authentication failed
[2026-08-22 15:05:11] - [ERROR] => Restarting Mongo server
[2026-08-22 15:05:14] - [ERROR] => MongoDB connection error => bad auth : authentication failed
[2026-08-22 15:05:16] - [ERROR] => Restarting Mongo server
[2026-08-22 15:05:18] - [ERROR] => MongoDB connection error => bad auth : authentication failed
[2026-08-22 15:05:20] - [ERROR] => Restarting Mongo server
[2026-08-22 15:05:22] - [ERROR] => MongoDB connection error => bad auth : authentication failed
[2026-08-22 15:05:24] - [ERROR] => Restarting Mongo server
[2026-08-22 15:05:27] - [ERROR] => MongoDB connection error => bad auth : authentication failed
[2026-08-22 15:05:29] - [ERROR] => Restarting Mongo server
[2026-08-22 15:05:31] - [ERROR] => MongoDB connection error => bad auth : authentication failed
[2026-08-22 15:05:33] - [ERROR] => Restarting Mongo server
[2026-08-22 15:05:36] - [ERROR] => MongoDB connection error => bad auth : authentication failed
[2026-08-22 15:05:38] - [ERROR] => Restarting Mongo server
[2026-08-22 15:05:41] - [ERROR] => MongoDB connection error => bad auth : authentication failed
[2026-08-22 15:05:43] - [ERROR] => Restarting Mongo server
[2026-08-22 15:05:45] - [ERROR] => MongoDB connection error => bad auth : authentication failed
[2026-08-22 15:05:47] - [ERROR] => Restarting Mongo server
[2026-08-22 15:05:49] - [ERROR] => MongoDB connection error => bad auth : authentication failed
[2026-08-22 15:05:51] - [ERROR] => Restarting Mongo server
[2026-08-22 15:05:54] - [ERROR] => MongoDB connection error => bad auth : authentication failed
[2026-08-22 15:05:56] - [ERROR] => Restarting Mongo server
[2026-08-22 15:05:59] - [ERROR] => MongoDB connection error => bad auth : authentication failed
[2026-08-22 15:06:01] - [ERROR] => Restarting Mongo server
[2026-08-22 15:06:03] - [ERROR] => MongoDB connection error => bad auth : authentication failed
[2026-08-22 15:06:05] - [ERROR] => Restarting Mongo server
[2026-08-22 15:06:08] - [ERROR] => MongoDB connection error => bad auth : authentication failed
[2026-08-22 15:06:10] - [ERROR] => Restarting Mongo server
[2026-08-22 15:06:12] - [ERROR] => MongoDB connection error => bad auth : authentication failed
[2026-08-22 15:06:14] - [ERROR] => Restarting Mongo server
[2026-08-22 15:06:16] - [ERROR] => MongoDB connection error => bad auth : authentication failed
[2026-08-22 15:06:18] - [ERROR] => Restarting Mongo server
[2026-08-22 15:06:20] - [ERROR] => MongoDB connection error => bad auth : authentication failed
[2026-08-22 15:06:22] - [ERROR] => Restarting Mongo server
[2026-08-22 15:06:24] - [ERROR] => MongoDB connection error => bad auth : authentication failed
[2026-08-22 15:06:26] - [ERROR] => Restarting Mongo server
[2026-08-22 15:06:29] - [ERROR] => MongoDB connection error => bad auth : authentication failed
[2026-08-22 15:06:31] - [ERROR] => Restarting Mongo server
[2026-08-22 15:06:33] - [ERROR] => MongoDB connection error => bad auth : authentication failed
[2026-08-22 15:06:35] - [ERROR] => Restarting Mongo server
[2026-08-22 15:06:37] - [ERROR] => MongoDB connection error => bad auth : authentication failed
[2026-08-22 15:06:39] - [ERROR] => Restarting Mongo server
[2026-08-22 15:06:43] - [ERROR] => MongoDB connection error => bad auth : authentication failed
[2026-08-22 15:06:45] - [ERROR] => Restarting Mongo server
[2026-08-22 15:06:47] - [ERROR] => MongoDB connection error => bad auth : authentication failed
[2026-08-22 15:06:49] - [ERROR] => Restarting Mongo server
[2026-08-22 15:06:56] - [ERROR] => MongoDB connection error => bad auth : authentication failed
[2026-08-22 15:06:58] - [ERROR] => Restarting Mongo server
[2026-08-22 15:07:00] - [ERROR] => MongoDB connection error => bad auth : authentication failed
[2026-08-22 15:07:02] - [ERROR] => Restarting Mongo server
[2026-08-22 15:07:04] - [ERROR] => MongoDB connection error => bad auth : authentication failed
[2026-08-22 15:07:06] - [ERROR] => Restarting Mongo server
[2026-08-22 15:07:08] - [ERROR] => MongoDB connection error => bad auth : authentication failed
[2026-08-22 15:07:10] - [ERROR] => Restarting Mongo server
[2026-08-22 15:07:12] - [ERROR] => MongoDB connection error => bad auth : authentication failed
[2026-08-22 15:07:14] - [ERROR] => Restarting Mongo server
[2026-08-22 15:07:17] - [ERROR] => MongoDB connection error => bad auth : authentication failed
[2026-08-22 15:07:19] - [ERROR] => Restarting Mongo server
[2026-08-22 15:07:21] - [ERROR] => MongoDB connection error => bad auth : authentication failed
[2026-08-22 15:07:23] - [ERROR] => Restarting Mongo server
[2026-08-22 15:07:25] - [ERROR] => MongoDB connection error => bad auth : authentication failed
[2026-08-22 15:07:27] - [ERROR] => Restarting Mongo server
[2026-08-22 15:07:30] - [ERROR] => MongoDB connection error => bad auth : authentication failed
[2026-08-22 15:07:32] - [ERROR] => Restarting Mongo server
[2026-08-22 15:07:34] - [ERROR] => MongoDB connection error => bad auth : authentication failed
[2026-08-22 15:07:36] - [ERROR] => Restarting Mongo server
[2026-08-22 15:07:38] - [ERROR] => MongoDB connection error => bad auth : authentication failed
[2026-08-22 15:07:40] - [ERROR] => Restarting Mongo server
[2026-08-22 15:07:42] - [ERROR] => MongoDB connection error => bad auth : authentication failed
[2026-08-22 15:07:44] - [ERROR] => Restarting Mongo server
[2026-08-22 15:07:46] - [ERROR] => MongoDB connection error => bad auth : authentication failed
[2026-08-22 15:07:48] - [ERROR] => Restarting Mongo server
[2026-08-22 15:07:51] - [ERROR] => MongoDB connection error => bad auth : authentication failed
[2026-08-22 15:07:53] - [ERROR] => Restarting Mongo server
[2026-08-22 15:07:55] - [ERROR] => MongoDB connection error => bad auth : authentication failed
[2026-08-22 15:07:57] - [ERROR] => Restarting Mongo server
[2026-08-22 15:08:00] - [ERROR] => MongoDB connection error => bad auth : authentication failed
[2026-08-22 15:08:02] - [ERROR] => Restarting Mongo server
[2026-08-22 15:08:04] - [ERROR] => MongoDB connection error => bad auth : authentication failed
[2026-08-22 15:08:06] - [ERROR] => Restarting Mongo server
[2026-08-22 15:08:09] - [ERROR] => MongoDB connection error => bad auth : authentication failed
[2026-08-22 15:08:11] - [ERROR] => Restarting Mongo server
[2026-08-22 15:08:13] - [ERROR] => MongoDB connection error => bad auth : authentication failed
[2026-08-22 15:08:15] - [ERROR] => Restarting Mongo server
[2026-08-22 15:08:17] - [ERROR] => MongoDB connection error => bad auth : authentication failed
[2026-08-22 15:08:19] - [ERROR] => Restarting Mongo server
[2026-08-22 15:08:22] - [ERROR] => MongoDB connection error => bad auth : authentication failed
[2026-08-22 15:08:24] - [ERROR] => Restarting Mongo server
[2026-08-22 15:08:26] - [ERROR] => MongoDB connection error => bad auth : authentication failed
[2026-08-22 15:08:28] - [ERROR] => Restarting Mongo server
[2026-08-22 15:08:31] - [ERROR] => MongoDB connection error => bad auth : authentication failed
[2026-08-22 15:08:33] - [ERROR] => Restarting Mongo server
[2026-08-22 15:08:36] - [ERROR] => MongoDB connection error => bad auth : authentication failed
[2026-08-22 15:08:38] - [ERROR] => Restarting Mongo server
[2026-08-22 15:08:40] - [ERROR] => MongoDB connection error => bad auth : authentication failed
[2026-08-22 15:08:42] - [ERROR] => Restarting Mongo server
[2026-08-22 15:08:44] - [ERROR] => MongoDB connection error => bad auth : authentication failed
[2026-08-22 15:08:46] - [ERROR] => Restarting Mongo server
[2026-08-22 15:08:48] - [ERROR] => MongoDB connection error => bad auth : authentication failed
[2026-08-22 15:08:50] - [ERROR] => Restarting Mongo server
[2026-08-22 15:08:52] - [ERROR] => MongoDB connection error => bad auth : authentication failed
[2026-08-22 15:08:54] - [ERROR] => Restarting Mongo server
[2026-08-22 15:08:57] - [ERROR] => MongoDB connection error => bad auth : authentication failed
[2026-08-22 15:08:59] - [ERROR] => Restarting Mongo server
[2026-08-22 15:09:01] - [ERROR] => MongoDB connection error => bad auth : authentication failed
[2026-08-22 15:09:03] - [ERROR] => Restarting Mongo server
[2026-08-22 15:09:07] - [ERROR] => MongoDB connection error => bad auth : authentication failed
[2026-08-22 15:09:09] - [ERROR] => Restarting Mongo server
[2026-08-22 15:09:11] - [ERROR] => MongoDB connection error => bad auth : authentication failed
[2026-08-22 15:09:13] - [ERROR] => Restarting Mongo server
[2026-08-22 15:09:15] - [ERROR] => MongoDB connection error => bad auth : authentication failed
[2026-08-22 15:09:17] - [ERROR] => Restarting Mongo server
[2026-08-22 15:09:19] - [ERROR] => MongoDB connection error => bad auth : authentication failed
[2026-08-22 15:09:21] - [ERROR] => Restarting Mongo server
[2026-08-22 15:09:25] - [ERROR] => MongoDB connection error => bad auth : authentication failed
[2026-08-22 15:09:27] - [ERROR] => Restarting Mongo server
[2026-08-22 15:09:29] - [ERROR] => MongoDB connection error => bad auth : authentication failed
[2026-08-22 15:09:31] - [ERROR] => Restarting Mongo server
[2026-08-22 15:09:33] - [ERROR] => MongoDB connection error => bad auth : authentication failed
[2026-08-22 15:09:35] - [ERROR] => Restarting Mongo server
[2026-08-22 15:09:37] - [ERROR] => MongoDB connection error => bad auth : authentication failed
[2026-08-22 15:09:39] - [ERROR] => Restarting Mongo server
[2026-08-22 15:09:41] - [ERROR] => MongoDB connection error => bad auth : authentication failed
[2026-08-22 15:09:43] - [ERROR] => Restarting Mongo server
[2026-08-22 15:09:45] - [ERROR] => MongoDB connection error => bad auth : authentication failed
[2026-08-22 15:09:47] - [ERROR] => Restarting Mongo server
[2026-08-22 15:09:50] - [ERROR] => MongoDB connection error => bad auth : authentication failed
[2026-08-22 15:09:52] - [ERROR] => Restarting Mongo server
[2026-08-22 15:09:55] - [ERROR] => MongoDB connection error => bad auth : authentication failed
[2026-08-22 15:09:57] - [ERROR] => Restarting Mongo server
[2026-08-22 15:09:59] - [ERROR] => MongoDB connection error => bad auth : authentication failed
[2026-08-22 15:10:01] - [ERROR] => Restarting Mongo server
[2026-08-22 15:10:03] - [ERROR] => MongoDB connection error => bad auth : authentication failed
[2026-08-22 15:10:05] - [ERROR] => Restarting Mongo server
[2026-08-22 15:10:07] - [ERROR] => MongoDB connection error => bad auth : authentication failed
[2026-08-22 15:10:09] - [ERROR] => Restarting Mongo server
[2026-08-22 15:10:11] - [ERROR] => MongoDB connection error => bad auth : authentication failed
[2026-08-22 15:10:13] - [ERROR] => Restarting Mongo server
[2026-08-22 15:10:15] - [ERROR] => MongoDB connection error => bad auth : authentication failed
[2026-08-22 15:10:17] - [ERROR] => Restarting Mongo server
[2026-08-22 15:10:19] - [ERROR] => MongoDB connection error => bad auth : authentication failed
[2026-08-22 15:10:21] - [ERROR] => Restarting Mongo server
[2026-08-22 15:10:23] - [ERROR] => MongoDB connection error => bad auth : authentication failed
[2026-08-22 15:10:25] - [ERROR] => Restarting Mongo server
[2026-08-22 15:10:28] - [ERROR] => MongoDB connection error => bad auth : authentication failed
[2026-08-22 15:10:30] - [ERROR] => Restarting Mongo server
[2026-08-22 15:10:32] - [ERROR] => MongoDB connection error => bad auth : authentication failed
[2026-08-22 15:10:34] - [ERROR] => Restarting Mongo server
[2026-08-22 15:10:37] - [ERROR] => MongoDB connection error => bad auth : authentication failed
[2026-08-22 15:10:39] - [ERROR] => Restarting Mongo server
[2026-08-22 15:10:41] - [ERROR] => MongoDB connection error => bad auth : authentication failed
[2026-08-22 15:10:43] - [ERROR] => Restarting Mongo server
[2026-08-22 15:10:45] - [ERROR] => MongoDB connection error => bad auth : authentication failed
[2026-08-22 15:10:47] - [ERROR] => Restarting Mongo server
[2026-08-22 15:10:50] - [ERROR] => MongoDB connection error => bad auth : authentication failed
[2026-08-22 15:10:52] - [ERROR] => Restarting Mongo server
[2026-08-22 15:10:54] - [ERROR] => MongoDB connection error => bad auth : authentication failed
[2026-08-22 15:10:56] - [ERROR] => Restarting Mongo server
[2026-08-22 15:10:59] - [ERROR] => MongoDB connection error => bad auth : authentication failed
[2026-08-22 15:11:01] - [ERROR] => Restarting Mongo server
[2026-08-22 15:11:03] - [ERROR] => MongoDB connection error => bad auth : authentication failed
[2026-08-22 15:11:05] - [ERROR] => Restarting Mongo server
[2026-08-22 15:11:07] - [ERROR] => MongoDB connection error => bad auth : authentication failed
[2026-08-22 15:11:09] - [ERROR] => Restarting Mongo server
[2026-08-22 15:11:11] - [ERROR] => MongoDB connection error => bad auth : authentication failed
[2026-08-22 15:11:13] - [ERROR] => Restarting Mongo server
[2026-08-22 15:11:15] - [ERROR] => MongoDB connection error => bad auth : authentication failed
[2026-08-22 15:11:17] - [ERROR] => Restarting Mongo server
[2026-08-22 15:11:19] - [ERROR] => MongoDB connection error => bad auth : authentication failed
[2026-08-22 15:11:21] - [ERROR] => Restarting Mongo server
[2026-08-22 15:11:23] - [ERROR] => MongoDB connection error => bad auth : authentication failed
[2026-08-22 15:11:25] - [ERROR] => Restarting Mongo server
[2026-08-22 15:11:27] - [ERROR] => MongoDB connection error => bad auth : authentication failed
[2026-08-22 15:11:29] - [ERROR] => Restarting Mongo server
[2026-08-22 15:11:32] - [ERROR] => MongoDB connection error => bad auth : authentication failed
[2026-08-22 15:11:34] - [ERROR] => Restarting Mongo server
[2026-08-22 15:11:36] - [ERROR] => MongoDB connection error => bad auth : authentication failed
[2026-08-22 15:11:38] - [ERROR] => Restarting Mongo server
[2026-08-22 15:11:40] - [ERROR] => MongoDB connection error => bad auth : authentication failed
[2026-08-22 15:11:42] - [ERROR] => Restarting Mongo server
[2026-08-22 15:11:45] - [ERROR] => MongoDB connection error => bad auth : authentication failed
[2026-08-22 15:11:47] - [ERROR] => Restarting Mongo server
[2026-08-22 15:11:50] - [ERROR] => MongoDB connection error => bad auth : authentication failed
[2026-08-22 15:11:52] - [ERROR] => Restarting Mongo server
[2026-08-22 15:11:58] - [ERROR] => MongoDB connection error => bad auth : authentication failed
[2026-08-22 15:12:00] - [ERROR] => Restarting Mongo server
[2026-08-22 15:12:02] - [ERROR] => MongoDB connection error => bad auth : authentication failed
[2026-08-22 15:12:04] - [ERROR] => Restarting Mongo server
[2026-08-22 15:12:06] - [ERROR] => MongoDB connection error => bad auth : authentication failed
[2026-08-22 15:12:08] - [ERROR] => Restarting Mongo server
[2026-08-22 15:12:10] - [ERROR] => MongoDB connection error => bad auth : authentication failed
[2026-08-22 15:12:12] - [ERROR] => Restarting Mongo server
[2026-08-22 15:12:14] - [ERROR] => MongoDB connection error => bad auth : authentication failed
[2026-08-22 15:12:16] - [ERROR] => Restarting Mongo server
[2026-08-22 15:12:19] - [ERROR] => MongoDB connection error => bad auth : authentication failed
[2026-08-22 15:12:21] - [ERROR] => Restarting Mongo server
[2026-08-22 15:12:23] - [ERROR] => MongoDB connection error => bad auth : authentication failed
[2026-08-22 15:12:25] - [ERROR] => Restarting Mongo server
[2026-08-22 15:12:27] - [ERROR] => MongoDB connection error => bad auth : authentication failed
[2026-08-22 15:12:29] - [ERROR] => Restarting Mongo server
[2026-08-22 15:12:32] - [ERROR] => MongoDB connection error => bad auth : authentication failed
[2026-08-22 15:12:34] - [ERROR] => Restarting Mongo server
[2026-08-22 15:12:36] - [ERROR] => MongoDB connection error => bad auth : authentication failed
[2026-08-22 15:12:38] - [ERROR] => Restarting Mongo server
[2026-08-22 15:12:40] - [ERROR] => MongoDB connection error => bad auth : authentication failed
[2026-08-22 15:12:42] - [ERROR] => Restarting Mongo server
[2026-08-22 15:12:44] - [ERROR] => MongoDB connection error => bad auth : authentication failed
[2026-08-22 15:12:46] - [ERROR] => Restarting Mongo server
[2026-08-22 15:12:48] - [ERROR] => MongoDB connection error => bad auth : authentication failed
[2026-08-22 15:12:50] - [ERROR] => Restarting Mongo server
[2026-08-22 15:12:52] - [ERROR] => MongoDB connection error => bad auth : authentication failed
[2026-08-22 15:12:54] - [ERROR] => Restarting Mongo server
[2026-08-22 15:12:56] - [ERROR] => MongoDB connection error => bad auth : authentication failed
[2026-08-22 15:12:58] - [ERROR] => Restarting Mongo server
[2026-08-22 15:13:00] - [ERROR] => MongoDB connection error => bad auth : authentication failed
[2026-08-22 15:13:02] - [ERROR] => Restarting Mongo server
[2026-08-22 15:13:04] - [ERROR] => MongoDB connection error => bad auth : authentication failed
[2026-08-22 15:13:06] - [ERROR] => Restarting Mongo server
[2026-08-22 15:13:09] - [ERROR] => MongoDB connection error => bad auth : authentication failed
[2026-08-22 15:13:11] - [ERROR] => Restarting Mongo server
[2026-08-22 15:13:13] - [ERROR] => MongoDB connection error => bad auth : authentication failed
[2026-08-22 15:13:15] - [ERROR] => Restarting Mongo server
[2026-08-22 15:13:17] - [ERROR] => MongoDB connection error => bad auth : authentication failed
[2026-08-22 15:13:19] - [ERROR] => Restarting Mongo server
[2026-08-22 15:13:21] - [ERROR] => MongoDB connection error => bad auth : authentication failed
[2026-08-22 15:13:23] - [ERROR] => Restarting Mongo server
[2026-08-22 15:13:25] - [ERROR] => MongoDB connection error => bad auth : authentication failed
[2026-08-22 15:13:27] - [ERROR] => Restarting Mongo server
[2026-08-22 15:13:30] - [ERROR] => MongoDB connection error => bad auth : authentication failed
[2026-08-22 15:13:32] - [ERROR] => Restarting Mongo server
[2026-08-22 15:13:34] - [ERROR] => MongoDB connection error => bad auth : authentication failed
[2026-08-22 15:13:36] - [ERROR] => Restarting Mongo server
[2026-08-22 15:13:38] - [ERROR] => MongoDB connection error => bad auth : authentication failed
[2026-08-22 15:13:40] - [ERROR] => Restarting Mongo server
[2026-08-22 15:13:42] - [ERROR] => MongoDB connection error => bad auth : authentication failed
[2026-08-22 15:13:44] - [ERROR] => Restarting Mongo server
[2026-08-22 15:13:45] - [ERROR] => MongoDB connection error => bad auth : authentication failed
[2026-08-22 15:13:47] - [ERROR] => Restarting Mongo server
[2026-08-22 15:13:48] - [ERROR] => MongoDB connection error => bad auth : authentication failed
[2026-08-22 15:13:50] - [ERROR] => Restarting Mongo server
[2026-08-22 15:13:51] - [ERROR] => MongoDB connection error => bad auth : authentication failed
[2026-08-22 15:13:53] - [ERROR] => Restarting Mongo server
[2026-08-22 15:13:54] - [ERROR] => MongoDB connection error => bad auth : authentication failed
[2026-08-22 15:13:56] - [ERROR] => Restarting Mongo server
[2026-08-22 15:13:57] - [ERROR] => MongoDB connection error => bad auth : authentication failed
[2026-08-22 15:13:59] - [ERROR] => Restarting Mongo server
[2026-08-22 15:14:00] - [ERROR] => MongoDB connection error => bad auth : authentication failed
[2026-08-22 15:14:02] - [ERROR] => Restarting Mongo server
[2026-08-22 15:14:03] - [ERROR] => MongoDB connection error => bad auth : authentication failed
[2026-08-22 15:14:05] - [ERROR] => Restarting Mongo server
[2026-08-22 15:14:06] - [ERROR] => MongoDB connection error => bad auth : authentication failed
[2026-08-22 15:14:08] - [ERROR] => Restarting Mongo server
[2026-08-22 15:14:09] - [ERROR] => MongoDB connection error => bad auth : authentication failed
[2026-08-22 15:14:11] - [ERROR] => Restarting Mongo server
[2026-08-22 15:14:11] - [ERROR] => MongoDB connection error => bad auth : authentication failed
[2026-08-22 15:14:13] - [ERROR] => Restarting Mongo server
[2026-08-22 15:14:15] - [ERROR] => MongoDB connection error => bad auth : authentication failed
[2026-08-22 15:14:17] - [ERROR] => Restarting Mongo server
[2026-08-22 15:14:19] - [ERROR] => MongoDB connection error => bad auth : authentication failed
[2026-08-22 15:14:21] - [ERROR] => Restarting Mongo server
[2026-08-22 15:14:22] - [ERROR] => MongoDB connection error => bad auth : authentication failed
[2026-08-22 15:14:24] - [ERROR] => Restarting Mongo server
[2026-08-22 15:14:26] - [ERROR] => MongoDB connection error => bad auth : authentication failed
[2026-08-22 15:14:28] - [ERROR] => Restarting Mongo server
[2026-08-22 15:14:29] - [ERROR] => MongoDB connection error => bad auth : authentication failed
[2026-08-22 15:14:31] - [ERROR] => Restarting Mongo server
[2026-08-22 15:14:31] - [ERROR] => MongoDB connection error => bad auth : authentication failed
[2026-08-22 15:14:33] - [ERROR] => Restarting Mongo server
[2026-08-22 15:14:34] - [ERROR] => MongoDB connection error => bad auth : authentication failed
[2026-08-22 15:14:36] - [ERROR] => Restarting Mongo server
[2026-08-22 15:14:37] - [ERROR] => MongoDB connection error => bad auth : authentication failed
[2026-08-22 15:14:39] - [ERROR] => Restarting Mongo server
[2026-08-22 15:14:40] - [ERROR] => MongoDB connection error => bad auth : authentication failed
[2026-08-22 15:14:42] - [ERROR] => Restarting Mongo server
[2026-08-22 15:14:43] - [ERROR] => MongoDB connection error => bad auth : authentication failed
[2026-08-22 15:14:45] - [ERROR] => Restarting Mongo server
[2026-08-22 15:14:48] - [ERROR] => MongoDB connection error => bad auth : authentication failed
[2026-08-22 15:14:50] - [ERROR] => Restarting Mongo server
[2026-08-22 15:14:51] - [ERROR] => MongoDB connection error => bad auth : authentication failed
[2026-08-22 15:14:53] - [ERROR] => Restarting Mongo server
[2026-08-22 15:14:54] - [ERROR] => MongoDB connection error => bad auth : authentication failed
[2026-08-22 15:14:56] - [ERROR] => Restarting Mongo server
[2026-08-22 15:14:56] - [ERROR] => MongoDB connection error => bad auth : authentication failed
[2026-08-22 15:14:58] - [ERROR] => Restarting Mongo server
[2026-08-22 15:15:00] - [ERROR] => MongoDB connection error => bad auth : authentication failed
[2026-08-22 15:15:02] - [ERROR] => Restarting Mongo server
[2026-08-22 15:15:03] - [ERROR] => MongoDB connection error => bad auth : authentication failed
[2026-08-22 15:15:05] - [ERROR] => Restarting Mongo server
[2026-08-22 15:15:06] - [ERROR] => MongoDB connection error => bad auth : authentication failed
[2026-08-22 15:15:08] - [ERROR] => Restarting Mongo server
[2026-08-22 15:15:09] - [ERROR] => MongoDB connection error => bad auth : authentication failed
[2026-08-22 15:15:11] - [ERROR] => Restarting Mongo server
[2026-08-22 15:15:12] - [ERROR] => MongoDB connection error => bad auth : authentication failed
[2026-08-22 15:15:14] - [ERROR] => Restarting Mongo server
[2026-08-22 15:15:15] - [ERROR] => MongoDB connection error => bad auth : authentication failed
[2026-08-22 15:15:17] - [ERROR] => Restarting Mongo server
[2026-08-22 15:15:18] - [ERROR] => MongoDB connection error => bad auth : authentication failed
[2026-08-22 15:15:20] - [ERROR] => Restarting Mongo server
[2026-08-22 15:15:22] - [ERROR] => MongoDB connection error => bad auth : authentication failed
[2026-08-22 15:15:24] - [ERROR] => Restarting Mongo server
[2026-08-22 15:15:25] - [ERROR] => MongoDB connection error => bad auth : authentication failed
[2026-08-22 15:15:27] - [ERROR] => Restarting Mongo server
[2026-08-22 15:15:27] - [ERROR] => MongoDB connection error => bad auth : authentication failed
[2026-08-22 15:15:29] - [ERROR] => Restarting Mongo server
[2026-08-22 15:15:31] - [ERROR] => MongoDB connection error => bad auth : authentication failed
[2026-08-22 15:15:33] - [ERROR] => Restarting Mongo server
[2026-08-22 15:15:34] - [ERROR] => MongoDB connection error => bad auth : authentication failed
[2026-08-22 15:15:36] - [ERROR] => Restarting Mongo server
[2026-08-22 15:15:37] - [ERROR] => MongoDB connection error => bad auth : authentication failed
[2026-08-22 15:15:39] - [ERROR] => Restarting Mongo server
[2026-08-22 15:15:39] - [ERROR] => MongoDB connection error => bad auth : authentication failed
[2026-08-22 15:15:42] - [ERROR] => Restarting Mongo server
[2026-08-22 15:15:43] - [ERROR] => MongoDB connection error => bad auth : authentication failed
[2026-08-22 15:15:45] - [ERROR] => Restarting Mongo server
[2026-08-22 15:15:45] - [ERROR] => MongoDB connection error => bad auth : authentication failed
[2026-08-22 15:15:47] - [ERROR] => Restarting Mongo server
[2026-08-22 15:15:48] - [ERROR] => MongoDB connection error => bad auth : authentication failed
[2026-08-22 15:15:50] - [ERROR] => Restarting Mongo server
[2026-08-22 15:15:51] - [ERROR] => MongoDB connection error => bad auth : authentication failed
[2026-08-22 15:15:53] - [ERROR] => Restarting Mongo server
[2026-08-22 15:15:54] - [ERROR] => MongoDB connection error => bad auth : authentication failed
[2026-08-22 15:15:56] - [ERROR] => Restarting Mongo server
[2026-08-22 15:15:57] - [ERROR] => MongoDB connection error => bad auth : authentication failed
[2026-08-22 15:15:59] - [ERROR] => Restarting Mongo server
[2026-08-22 15:16:00] - [ERROR] => MongoDB connection error => bad auth : authentication failed
[2026-08-22 15:16:02] - [ERROR] => Restarting Mongo server
[2026-08-22 15:16:03] - [ERROR] => MongoDB connection error => bad auth : authentication failed
[2026-08-22 15:16:05] - [ERROR] => Restarting Mongo server
[2026-08-22 15:16:06] - [ERROR] => MongoDB connection error => bad auth : authentication failed
[2026-08-22 15:16:08] - [ERROR] => Restarting Mongo server
[2026-08-22 15:16:09] - [ERROR] => MongoDB connection error => bad auth : authentication failed
[2026-08-22 15:16:11] - [ERROR] => Restarting Mongo server
[2026-08-22 15:16:12] - [ERROR] => MongoDB connection error => bad auth : authentication failed
[2026-08-22 15:16:14] - [ERROR] => Restarting Mongo server
[2026-08-22 15:16:15] - [ERROR] => MongoDB connection error => bad auth : authentication failed
[2026-08-22 15:16:17] - [ERROR] => Restarting Mongo server
[2026-08-22 15:16:18] - [ERROR] => MongoDB connection error => bad auth : authentication failed
[2026-08-22 15:16:20] - [ERROR] => Restarting Mongo server
[2026-08-22 15:16:21] - [ERROR] => MongoDB connection error => bad auth : authentication failed
[2026-08-22 15:16:23] - [ERROR] => Restarting Mongo server
[2026-08-22 15:16:24] - [ERROR] => MongoDB connection error => bad auth : authentication failed
[2026-08-22 15:16:26] - [ERROR] => Restarting Mongo server
[2026-08-22 15:16:27] - [ERROR] => MongoDB connection error => bad auth : authentication failed
[2026-08-22 15:16:29] - [ERROR] => Restarting Mongo server
[2026-08-22 15:16:30] - [ERROR] => MongoDB connection error => bad auth : authentication failed
[2026-08-22 15:16:32] - [ERROR] => Restarting Mongo server
[2026-08-22 15:16:33] - [ERROR] => MongoDB connection error => bad auth : authentication failed
[2026-08-22 15:16:35] - [ERROR] => Restarting Mongo server
[2026-08-22 15:16:36] - [ERROR] => MongoDB connection error => bad auth : authentication failed
[2026-08-22 15:16:38] - [ERROR] => Restarting Mongo server
[2026-08-22 15:16:39] - [ERROR] => MongoDB connection error => bad auth : authentication failed
[2026-08-22 15:16:41] - [ERROR] => Restarting Mongo server
[2026-08-22 15:16:43] - [ERROR] => MongoDB connection error => bad auth : authentication failed
[2026-08-22 15:16:45] - [ERROR] => Restarting Mongo server
[2026-08-22 15:16:46] - [ERROR] => MongoDB connection error => bad auth : authentication failed
[2026-08-22 15:16:48] - [ERROR] => Restarting Mongo server
[2026-08-22 15:16:49] - [ERROR] => MongoDB connection error => bad auth : authentication failed
[2026-08-22 15:16:51] - [ERROR] => Restarting Mongo server
[2026-08-22 15:16:53] - [ERROR] => MongoDB connection error => bad auth : authentication failed
[2026-08-22 15:16:55] - [ERROR] => Restarting Mongo server
[2026-08-22 15:17:00] - [ERROR] => MongoDB connection error => bad auth : authentication failed
[2026-08-22 15:17:02] - [ERROR] => Restarting Mongo server
[2026-08-22 15:17:03] - [ERROR] => MongoDB connection error => bad auth : authentication failed
[2026-08-22 15:17:05] - [ERROR] => Restarting Mongo server
[2026-08-22 15:17:06] - [ERROR] => MongoDB connection error => bad auth : authentication failed
[2026-08-22 15:17:08] - [ERROR] => Restarting Mongo server
[2026-08-22 15:17:09] - [ERROR] => MongoDB connection error => bad auth : authentication failed
[2026-08-22 15:17:11] - [ERROR] => Restarting Mongo server
[2026-08-22 15:17:12] - [ERROR] => MongoDB connection error => bad auth : authentication failed
[2026-08-22 15:17:14] - [ERROR] => Restarting Mongo server
[2026-08-22 15:17:14] - [ERROR] => MongoDB connection error => bad auth : authentication failed
[2026-08-22 15:17:16] - [ERROR] => Restarting Mongo server
[2026-08-22 15:17:17] - [ERROR] => MongoDB connection error => bad auth : authentication failed
[2026-08-22 15:17:19] - [ERROR] => Restarting Mongo server
[2026-08-22 15:17:20] - [ERROR] => MongoDB connection error => bad auth : authentication failed
[2026-08-22 15:17:22] - [ERROR] => Restarting Mongo server
[2026-08-22 15:17:23] - [ERROR] => MongoDB connection error => bad auth : authentication failed
[2026-08-22 15:17:25] - [ERROR] => Restarting Mongo server
[2026-08-22 15:17:26] - [ERROR] => MongoDB connection error => bad auth : authentication failed
[2026-08-22 15:17:28] - [ERROR] => Restarting Mongo server
[2026-08-22 15:17:29] - [ERROR] => MongoDB connection error => bad auth : authentication failed
[2026-08-22 15:17:31] - [ERROR] => Restarting Mongo server
[2026-08-22 15:17:32] - [ERROR] => MongoDB connection error => bad auth : authentication failed
[2026-08-22 15:17:34] - [ERROR] => Restarting Mongo server
[2026-08-22 15:17:36] - [ERROR] => MongoDB connection error => bad auth : authentication failed
[2026-08-22 15:17:38] - [ERROR] => Restarting Mongo server
[2026-08-22 15:17:38] - [ERROR] => MongoDB connection error => bad auth : authentication failed
[2026-08-22 15:17:41] - [ERROR] => Restarting Mongo server
[2026-08-22 15:17:42] - [ERROR] => MongoDB connection error => bad auth : authentication failed
[2026-08-22 15:17:44] - [ERROR] => Restarting Mongo server
[2026-08-22 15:17:44] - [ERROR] => MongoDB connection error => bad auth : authentication failed
[2026-08-22 15:17:47] - [ERROR] => Restarting Mongo server
[2026-08-22 15:17:47] - [ERROR] => MongoDB connection error => bad auth : authentication failed
[2026-08-22 15:17:49] - [ERROR] => Restarting Mongo server
[2026-08-22 15:17:50] - [ERROR] => MongoDB connection error => bad auth : authentication failed
[2026-08-22 15:17:52] - [ERROR] => Restarting Mongo server
[2026-08-22 15:17:53] - [ERROR] => MongoDB connection error => bad auth : authentication failed
[2026-08-22 15:17:55] - [ERROR] => Restarting Mongo server
[2026-08-22 15:17:56] - [ERROR] => MongoDB connection error => bad auth : authentication failed
[2026-08-22 15:17:58] - [ERROR] => Restarting Mongo server
[2026-08-22 15:17:59] - [ERROR] => MongoDB connection error => bad auth : authentication failed
[2026-08-22 15:18:01] - [ERROR] => Restarting Mongo server
[2026-08-22 15:18:06] - [ERROR] => MongoDB connection error => queryTxt ETIMEOUT cluster0.jd9mx9w.mongodb.net
[2026-08-22 15:18:08] - [ERROR] => Restarting Mongo server
[2026-08-22 15:18:09] - [ERROR] => MongoDB connection error => bad auth : authentication failed
[2026-08-22 15:18:11] - [ERROR] => Restarting Mongo server
[2026-08-22 15:18:12] - [ERROR] => MongoDB connection error => bad auth : authentication failed
[2026-08-22 15:18:14] - [ERROR] => Restarting Mongo server
[2026-08-22 15:18:15] - [ERROR] => MongoDB connection error => bad auth : authentication failed
[2026-08-22 15:18:17] - [ERROR] => Restarting Mongo server
[2026-08-22 15:18:17] - [ERROR] => MongoDB connection error => bad auth : authentication failed
[2026-08-22 15:18:19] - [ERROR] => Restarting Mongo server
[2026-08-22 15:18:21] - [ERROR] => MongoDB connection error => bad auth : authentication failed
[2026-08-22 15:18:23] - [ERROR] => Restarting Mongo server
[2026-08-22 15:18:23] - [ERROR] => MongoDB connection error => bad auth : authentication failed
[2026-08-22 15:18:25] - [ERROR] => Restarting Mongo server
[2026-08-22 15:18:26] - [ERROR] => MongoDB connection error => bad auth : authentication failed
[2026-08-22 15:18:28] - [ERROR] => Restarting Mongo server
[2026-08-22 15:18:30] - [ERROR] => MongoDB connection error => bad auth : authentication failed
[2026-08-22 15:18:32] - [ERROR] => Restarting Mongo server
[2026-08-22 15:18:33] - [ERROR] => MongoDB connection error => bad auth : authentication failed
[2026-08-22 15:18:35] - [ERROR] => Restarting Mongo server
[2026-08-22 15:18:36] - [ERROR] => MongoDB connection error => bad auth : authentication failed
[2026-08-22 15:18:38] - [ERROR] => Restarting Mongo server
[2026-08-22 15:18:39] - [ERROR] => MongoDB connection error => bad auth : authentication failed
[2026-08-22 15:18:41] - [ERROR] => Restarting Mongo server
[2026-08-22 15:18:43] - [ERROR] => MongoDB connection error => bad auth : authentication failed
[2026-08-22 15:18:45] - [ERROR] => Restarting Mongo server
[2026-08-22 15:18:46] - [ERROR] => MongoDB connection error => bad auth : authentication failed
[2026-08-22 15:18:48] - [ERROR] => Restarting Mongo server
[2026-08-22 15:18:48] - [ERROR] => MongoDB connection error => bad auth : authentication failed
[2026-08-22 15:18:50] - [ERROR] => Restarting Mongo server
[2026-08-22 15:18:52] - [ERROR] => MongoDB connection error => bad auth : authentication failed
[2026-08-22 15:18:54] - [ERROR] => Restarting Mongo server
[2026-08-22 15:18:56] - [ERROR] => MongoDB connection error => bad auth : authentication failed
[2026-08-22 15:18:58] - [ERROR] => Restarting Mongo server
[2026-08-22 15:18:58] - [ERROR] => MongoDB connection error => bad auth : authentication failed
[2026-08-22 15:19:00] - [ERROR] => Restarting Mongo server
[2026-08-22 15:19:01] - [ERROR] => MongoDB connection error => bad auth : authentication failed
[2026-08-22 15:19:03] - [ERROR] => Restarting Mongo server
[2026-08-22 15:19:04] - [ERROR] => MongoDB connection error => bad auth : authentication failed
[2026-08-22 15:19:06] - [ERROR] => Restarting Mongo server
[2026-08-22 15:19:07] - [ERROR] => MongoDB connection error => bad auth : authentication failed
[2026-08-22 15:19:09] - [ERROR] => Restarting Mongo server
[2026-08-22 15:19:10] - [ERROR] => MongoDB connection error => bad auth : authentication failed
[2026-08-22 15:19:12] - [ERROR] => Restarting Mongo server
[2026-08-22 15:19:13] - [ERROR] => MongoDB connection error => bad auth : authentication failed
[2026-08-22 15:19:15] - [ERROR] => Restarting Mongo server
[2026-08-22 15:19:15] - [ERROR] => MongoDB connection error => bad auth : authentication failed
[2026-08-22 15:19:17] - [ERROR] => Restarting Mongo server
[2026-08-22 15:19:19] - [ERROR] => MongoDB connection error => bad auth : authentication failed
[2026-08-22 15:19:21] - [ERROR] => Restarting Mongo server
[2026-08-22 15:19:22] - [ERROR] => MongoDB connection error => bad auth : authentication failed
[2026-08-22 15:19:24] - [ERROR] => Restarting Mongo server
[2026-08-22 15:19:24] - [ERROR] => MongoDB connection error => bad auth : authentication failed
[2026-08-22 15:19:26] - [ERROR] => Restarting Mongo server
[2026-08-22 15:19:27] - [ERROR] => MongoDB connection error => bad auth : authentication failed
[2026-08-22 15:19:29] - [ERROR] => Restarting Mongo server
[2026-08-22 15:19:31] - [ERROR] => MongoDB connection error => bad auth : authentication failed
[2026-08-22 15:19:33] - [ERROR] => Restarting Mongo server
[2026-08-22 15:19:34] - [ERROR] => MongoDB connection error => bad auth : authentication failed
[2026-08-22 15:19:36] - [ERROR] => Restarting Mongo server
[2026-08-22 15:19:36] - [ERROR] => MongoDB connection error => bad auth : authentication failed
[2026-08-22 15:19:38] - [ERROR] => Restarting Mongo server
[2026-08-22 15:19:40] - [ERROR] => MongoDB connection error => bad auth : authentication failed
[2026-08-22 15:19:42] - [ERROR] => Restarting Mongo server
[2026-08-22 15:19:43] - [ERROR] => MongoDB connection error => bad auth : authentication failed
[2026-08-22 15:19:45] - [ERROR] => Restarting Mongo server
[2026-08-22 15:19:45] - [ERROR] => MongoDB connection error => bad auth : authentication failed
[2026-08-22 15:19:47] - [ERROR] => Restarting Mongo server
[2026-08-22 15:19:48] - [ERROR] => MongoDB connection error => bad auth : authentication failed
[2026-08-22 15:19:50] - [ERROR] => Restarting Mongo server
[2026-08-22 15:19:51] - [ERROR] => MongoDB connection error => bad auth : authentication failed
[2026-08-22 15:19:53] - [ERROR] => Restarting Mongo server
[2026-08-22 15:19:54] - [ERROR] => MongoDB connection error => bad auth : authentication failed
[2026-08-22 15:19:56] - [ERROR] => Restarting Mongo server
[2026-08-22 15:19:57] - [ERROR] => MongoDB connection error => bad auth : authentication failed
[2026-08-22 15:19:59] - [ERROR] => Restarting Mongo server
[2026-08-22 15:20:00] - [ERROR] => MongoDB connection error => bad auth : authentication failed
[2026-08-22 15:20:02] - [ERROR] => Restarting Mongo server
[2026-08-22 15:20:03] - [ERROR] => MongoDB connection error => bad auth : authentication failed
[2026-08-22 15:20:05] - [ERROR] => Restarting Mongo server
[2026-08-22 15:20:06] - [ERROR] => MongoDB connection error => bad auth : authentication failed
[2026-08-22 15:20:08] - [ERROR] => Restarting Mongo server
[2026-08-22 15:20:09] - [ERROR] => MongoDB connection error => bad auth : authentication failed
[2026-08-22 15:20:11] - [ERROR] => Restarting Mongo server
[2026-08-22 15:20:12] - [ERROR] => MongoDB connection error => bad auth : authentication failed
[2026-08-22 15:20:14] - [ERROR] => Restarting Mongo server
[2026-08-22 15:20:14] - [ERROR] => MongoDB connection error => bad auth : authentication failed
[2026-08-22 15:20:16] - [ERROR] => Restarting Mongo server
[2026-08-22 15:20:17] - [ERROR] => MongoDB connection error => bad auth : authentication failed
[2026-08-22 15:20:19] - [ERROR] => Restarting Mongo server
[2026-08-22 15:20:20] - [ERROR] => MongoDB connection error => bad auth : authentication failed
[2026-08-22 15:20:22] - [ERROR] => Restarting Mongo server
[2026-08-22 15:20:23] - [ERROR] => MongoDB connection error => bad auth : authentication failed
[2026-08-22 15:20:25] - [ERROR] => Restarting Mongo server
[2026-08-22 15:20:26] - [ERROR] => MongoDB connection error => bad auth : authentication failed
[2026-08-22 15:20:28] - [ERROR] => Restarting Mongo server
[2026-08-22 15:20:28] - [ERROR] => MongoDB connection error => bad auth : authentication failed
[2026-08-22 15:20:30] - [ERROR] => Restarting Mongo server
[2026-08-22 15:20:31] - [ERROR] => MongoDB connection error => bad auth : authentication failed
[2026-08-22 15:20:33] - [ERROR] => Restarting Mongo server
[2026-08-22 15:20:35] - [ERROR] => MongoDB connection error => bad auth : authentication failed
[2026-08-22 15:20:37] - [ERROR] => Restarting Mongo server
[2026-08-22 15:20:38] - [ERROR] => MongoDB connection error => bad auth : authentication failed
[2026-08-22 15:20:40] - [ERROR] => Restarting Mongo server
[2026-08-22 15:20:41] - [ERROR] => MongoDB connection error => bad auth : authentication failed
[2026-08-22 15:20:43] - [ERROR] => Restarting Mongo server
[2026-08-22 15:20:43] - [ERROR] => MongoDB connection error => bad auth : authentication failed
[2026-08-22 15:20:45] - [ERROR] => Restarting Mongo server
[2026-08-22 15:20:46] - [ERROR] => MongoDB connection error => bad auth : authentication failed
[2026-08-22 15:20:48] - [ERROR] => Restarting Mongo server
[2026-08-22 15:20:50] - [ERROR] => MongoDB connection error => bad auth : authentication failed
[2026-08-22 15:20:52] - [ERROR] => Restarting Mongo server
[2026-08-22 15:20:53] - [ERROR] => MongoDB connection error => bad auth : authentication failed
[2026-08-22 15:20:55] - [ERROR] => Restarting Mongo server
[2026-08-22 15:20:56] - [ERROR] => MongoDB connection error => bad auth : authentication failed
[2026-08-22 15:20:58] - [ERROR] => Restarting Mongo server
[2026-08-22 15:20:59] - [ERROR] => MongoDB connection error => bad auth : authentication failed
[2026-08-22 15:21:01] - [ERROR] => Restarting Mongo server
[2026-08-22 15:21:02] - [ERROR] => MongoDB connection error => bad auth : authentication failed
[2026-08-22 15:21:04] - [ERROR] => Restarting Mongo server
[2026-08-22 15:21:04] - [ERROR] => MongoDB connection error => bad auth : authentication failed
[2026-08-22 15:21:06] - [ERROR] => Restarting Mongo server
[2026-08-22 15:21:07] - [ERROR] => MongoDB connection error => bad auth : authentication failed
[2026-08-22 15:21:09] - [ERROR] => Restarting Mongo server
[2026-08-22 15:21:10] - [ERROR] => MongoDB connection error => bad auth : authentication failed
[2026-08-22 15:21:12] - [ERROR] => Restarting Mongo server
[2026-08-22 15:21:13] - [ERROR] => MongoDB connection error => bad auth : authentication failed
[2026-08-22 15:21:15] - [ERROR] => Restarting Mongo server
[2026-08-22 15:21:16] - [ERROR] => MongoDB connection error => bad auth : authentication failed
[2026-08-22 15:21:18] - [ERROR] => Restarting Mongo server
[2026-08-22 15:21:19] - [ERROR] => MongoDB connection error => bad auth : authentication failed
[2026-08-22 15:21:21] - [ERROR] => Restarting Mongo server
[2026-08-22 15:21:22] - [ERROR] => MongoDB connection error => bad auth : authentication failed
[2026-08-22 15:21:24] - [ERROR] => Restarting Mongo server
[2026-08-22 15:21:25] - [ERROR] => MongoDB connection error => bad auth : authentication failed
[2026-08-22 15:21:27] - [ERROR] => Restarting Mongo server
[2026-08-22 15:21:27] - [ERROR] => MongoDB connection error => bad auth : authentication failed
[2026-08-22 15:21:29] - [ERROR] => Restarting Mongo server
[2026-08-22 15:21:30] - [ERROR] => MongoDB connection error => bad auth : authentication failed
[2026-08-22 15:21:32] - [ERROR] => Restarting Mongo server
[2026-08-22 15:21:33] - [ERROR] => MongoDB connection error => bad auth : authentication failed
[2026-08-22 15:21:35] - [ERROR] => Restarting Mongo server
[2026-08-22 15:21:36] - [ERROR] => MongoDB connection error => bad auth : authentication failed
[2026-08-22 15:21:38] - [ERROR] => Restarting Mongo server
[2026-08-22 15:21:39] - [ERROR] => MongoDB connection error => bad auth : authentication failed
[2026-08-22 15:21:41] - [ERROR] => Restarting Mongo server
[2026-08-22 15:21:42] - [ERROR] => MongoDB connection error => bad auth : authentication failed
[2026-08-22 15:21:44] - [ERROR] => Restarting Mongo server
[2026-08-22 15:21:45] - [ERROR] => MongoDB connection error => bad auth : authentication failed
[2026-08-22 15:21:47] - [ERROR] => Restarting Mongo server
[2026-08-22 15:21:47] - [ERROR] => MongoDB connection error => bad auth : authentication failed
[2026-08-22 15:21:49] - [ERROR] => Restarting Mongo server
[2026-08-22 15:21:50] - [ERROR] => MongoDB connection error => bad auth : authentication failed
[2026-08-22 15:21:52] - [ERROR] => Restarting Mongo server
[2026-08-22 15:21:53] - [ERROR] => MongoDB connection error => bad auth : authentication failed
[2026-08-22 15:21:55] - [ERROR] => Restarting Mongo server
[2026-08-22 15:21:59] - [ERROR] => MongoDB connection error => bad auth : authentication failed
[2026-08-22 15:22:01] - [ERROR] => Restarting Mongo server
[2026-08-22 15:22:03] - [ERROR] => MongoDB connection error => bad auth : authentication failed
[2026-08-22 15:22:05] - [ERROR] => Restarting Mongo server
[2026-08-22 15:22:05] - [ERROR] => MongoDB connection error => bad auth : authentication failed
[2026-08-22 15:22:07] - [ERROR] => Restarting Mongo server
[2026-08-22 15:22:10] - [INFO] => Connected to MongoDB
[2026-08-22 15:25:13] - [INFO] => Server is running on port 4000
[2026-08-22 15:25:13] - [ERROR] => RedisDB connection error => Error: getaddrinfo EAI_FAIL redis://default:VxZ2EQrPgpsAZ0Igis0GgvKmG7fUPwo9@neoclear-healthy-tall-50995.db.redis.io:15098
[2026-08-22 15:25:17] - [INFO] => Connected to MongoDB
[2026-08-22 15:36:12] - [ERROR] => API path not found!
[2026-08-22 15:36:32] - [ERROR] => API path not found!
[2026-08-22 15:39:50] - [ERROR] => API path not found!
[2026-08-22 15:39:58] - [ERROR] => API path not found!
[2026-08-22 15:46:17] - [ERROR] => API path not found!
[2026-08-22 15:46:53] - [ERROR] => API path not found!
[2026-08-22 15:46:55] - [ERROR] => API path not found!
[2026-08-22 16:00:48] - [ERROR] => API path not found!
[2026-08-22 16:00:52] - [ERROR] => API path not found!
[2026-08-22 16:01:26] - [INFO] => Server is running on port 4000
[2026-08-22 16:01:26] - [ERROR] => RedisDB connection error => Error: getaddrinfo EAI_FAIL redis://default:VxZ2EQrPgpsAZ0Igis0GgvKmG7fUPwo9@neoclear-healthy-tall-50995.db.redis.io:15098
[2026-08-22 16:01:34] - [INFO] => Connected to MongoDB
[2026-08-22 16:04:45] - [INFO] => Server is running on port 4000
[2026-08-22 16:04:48] - [ERROR] => RedisDB connection error => Error: getaddrinfo ENOTFOUND redis
[2026-08-22 16:04:48] - [INFO] => Connected to MongoDB
[2026-08-22 16:05:33] - [ERROR] => API path not found!
[2026-08-22 16:11:23] - [ERROR] => API path not found!
[2026-08-22 16:11:30] - [ERROR] => API path not found!
[2026-08-22 16:11:35] - [ERROR] => API path not found!
[2026-08-22 16:11:38] - [ERROR] => API path not found!
[2026-08-22 16:13:31] - [INFO] => Server is running on port 4000
[2026-08-22 16:13:34] - [ERROR] => RedisDB connection error => Error: getaddrinfo ENOTFOUND redis
[2026-08-22 16:13:38] - [INFO] => Connected to MongoDB
[2026-08-22 16:15:25] - [ERROR] => API path not found!
[2026-08-22 16:15:29] - [ERROR] => API path not found!
[2026-08-22 16:15:38] - [ERROR] => API path not found!
[2026-08-22 16:16:31] - [ERROR] => API path not found!
[2026-08-22 16:16:35] - [ERROR] => API path not found!
[2026-08-22 16:19:38] - [ERROR] => API path not found!
[2026-08-22 16:20:10] - [INFO] => Server is running on port 4000
[2026-08-22 16:20:13] - [ERROR] => RedisDB connection error => Error: getaddrinfo ENOTFOUND redis
[2026-08-22 16:20:19] - [INFO] => Connected to MongoDB
[2026-08-22 16:20:40] - [ERROR] => Unauthorized request!
[2026-08-22 16:21:22] - [ERROR] => Unauthorized request!
[2026-08-22 16:26:51] - [INFO] => Server is running on port 4000
[2026-08-22 16:26:54] - [ERROR] => RedisDB connection error => Error: getaddrinfo ENOTFOUND redis
[2026-08-22 16:26:57] - [INFO] => Connected to MongoDB
[2026-08-22 16:27:29] - [ERROR] => Unauthorized request!
[2026-08-22 16:27:36] - [ERROR] => Unauthorized request!
[2026-08-22 16:35:41] - [INFO] => Server is running on port 4001
[2026-08-22 16:35:44] - [ERROR] => RedisDB connection error => Error: getaddrinfo ENOTFOUND redis
[2026-08-22 16:35:52] - [INFO] => Connected to MongoDB
[2026-08-22 16:36:31] - [ERROR] => Unauthorized request!
[2026-08-22 16:36:47] - [ERROR] => Unauthorized request!
[2026-08-22 16:39:21] - [ERROR] => Payload conflicts with existing data
[2026-08-22 16:40:31] - [ERROR] => Unauthorized request!
[2026-08-22 16:40:41] - [ERROR] => Unauthorized request!
[2026-08-22 16:46:56] - [INFO] => Server is running on port 4001
[2026-08-22 16:46:56] - [ERROR] => RedisDB connection error => AggregateError
[2026-08-22 16:47:01] - [INFO] => Connected to MongoDB
[2026-08-22 16:49:59] - [INFO] => Server is running on port 4001
[2026-08-22 16:49:59] - [ERROR] => RedisDB connection error => AggregateError
[2026-08-22 16:50:03] - [INFO] => Connected to MongoDB
[2026-08-22 16:52:01] - [INFO] => Server is running on port 4000
[2026-08-22 16:52:01] - [ERROR] => RedisDB connection error => Error: getaddrinfo ENOTFOUND neoclear-healthy-tall-50995.db.redis.io
[2026-08-22 16:52:10] - [INFO] => Connected to MongoDB
[2026-08-22 17:05:06] - [INFO] => Server is running on port 4000
[2026-08-22 17:05:08] - [ERROR] => RedisDB connection error => Error: getaddrinfo ENOTFOUND neoclear-healthy-tall-50995.db.redis.io
[2026-08-22 17:05:11] - [INFO] => Connected to MongoDB
[2026-08-22 17:06:54] - [INFO] => Server is running on port 4000
[2026-08-22 17:06:54] - [ERROR] => RedisDB connection error => AggregateError
[2026-08-22 17:06:57] - [INFO] => Connected to MongoDB
[2026-08-22 17:13:26] - [INFO] => Server is running on port 4000
[2026-08-22 17:13:27] - [INFO] => Connected to RedisDB
[2026-08-22 17:13:32] - [INFO] => Connected to MongoDB
[2026-08-22 17:18:51] - [INFO] => Server is running on port 4001
[2026-08-22 17:18:51] - [INFO] => Connected to RedisDB
[2026-08-22 17:19:01] - [INFO] => Connected to MongoDB
